timestamp,ax,ay,az
0.0,-0.6759323148084052,0.16073668692394066,9.81885953316401
0.01,-0.3312860566339629,-0.4057920751212082,10.11875342512675
0.02,-0.04090016956928389,0.22404591123880055,10.568875680414637
0.03,0.43971051622791285,-0.783577248601583,10.814193651141917
0.04,0.8020467967882374,-0.5446366383332963,11.030996893978632
0.05,0.17984559548540704,-0.848087643076773,11.461719643173414
0.06,-0.5930830261910033,0.6191366026825343,11.878674090641622
0.07,-0.36500489568411093,-0.056931889026597265,12.076669176097242
0.08,0.2143006037594423,0.11678737330965648,12.053305011038809
0.09,-0.2469501101914723,0.4244476460609966,12.163170224727168
0.1,-0.5500890862635779,0.19316776198360708,12.420989988017457
0.11,-0.15376183714372196,-0.18253725531160345,12.647493811886319
0.12,-0.007298043310736574,-0.8925360944024306,12.383049754508756
0.13,0.20531589384481677,-0.0996162024487447,12.75203430135402
0.14,-0.46255827823275214,0.15524494149604254,12.61287649052349
0.15,-0.07069932858252219,0.622250273538669,12.666504000737916
0.16,0.3173802815658209,0.3758140482617201,12.633256351315426
0.17,0.3450853499412739,-0.5655671987905885,12.56875654950625
0.18,0.5678385936442482,0.32809947131586104,12.543268852909913
0.19,0.2633307519309466,0.29898015523181176,12.468961125542828
0.2,0.05610009127021795,-0.6147524004290567,12.092259528885764
0.21,1.0709607578647655,-0.08491725404449883,12.08592943802087
0.22,-0.023941877189627578,-0.23220052052874457,11.524011692060824
0.23,0.823274141217979,-0.19564179986579255,11.396045111858472
0.24,-0.2601377390109949,0.3522234432728396,11.178647270227625
0.25,0.5795028595771461,0.5038130174667248,10.741152827788975
0.26,-0.7255517310321516,-0.41515720951356166,10.287605054140151
0.27,0.3761745856952266,-0.25991710716145505,9.925294783213467
0.28,-0.32488791765079766,-0.5226672586629894,9.655950839819887
0.29,-0.15795531530063367,-0.7838899533574067,9.419658396466595
0.3,-0.1296488623129879,0.2971876204861396,8.902487610974626
0.31,-0.3032995897447836,-0.05287531389953157,8.699388027629492
0.32,-1.380234764892381,-1.060647742113366,8.397376666648366
0.33,0.9800019688433577,0.29280722335008535,8.210499988238308
0.34,-0.19220544019197178,-0.67567666926511,7.891030983667618
0.35000000000000003,-0.6910181046581738,0.5348421915296835,7.666400024091755
0.36,0.6056073450523549,-0.5428115972901743,7.2972247539746204
0.37,0.8330407684621267,0.1972539243899989,7.18878770336758
0.38,-0.033190742408087046,-0.17469009466172938,7.1718728026464476
0.39,-0.10439455609143733,-0.5184929165567947,7.1594210375431855
0.4,-0.6139340496101404,-0.14819684891213614,6.664278417998316
0.41000000000000003,0.1979546964773222,0.23172879514890898,7.0356118654290185
0.42,-0.5042666759917894,-0.1537037925544146,7.0040128956455785
0.43,0.9594886742530472,-0.5755551344440458,6.951241475891322
0.44,-0.08079960637467007,0.09523866801411017,6.943523428049575
0.45,0.26671362976894103,-0.06611015691032181,6.963582120154783
0.46,-0.43750845961292767,-0.36814461573862334,7.371829423225686
0.47000000000000003,-0.2947765768603507,0.22537435429471173,7.623440954582214
0.48,0.19233522461139207,-0.2999952980997049,7.8074910882716075
0.49,-0.5392152366708532,-0.3282423766076536,7.9712671403470825
0.5,0.42363172317812847,0.256762767613515,8.090251304721424
0.51,-0.4022618834562142,0.48662588070930957,8.1405701805128
0.52,0.15401534117483787,0.6083460581870634,8.625210879520381
0.53,-0.4585164195268249,0.19701287921770266,9.043413452851523
0.54,0.45329213371450305,-0.15896258164048202,9.081676603511738
0.55,-0.7235317429877004,-0.1038550082920185,9.670896750439361
0.56,-0.03549691173515942,0.35713824923302406,10.015212508762644
0.5700000000000001,-0.05737943770506463,-0.48482931980875843,10.392317904179082
0.58,-0.9529484662495622,0.3752321529097301,10.441238111538397
0.59,-0.39699225906336744,-0.10102380693422437,10.840081900759547
0.6,0.06227375523512426,0.3483477088179575,11.179795735233663
0.61,-0.5475127351505398,0.376525485171543,11.357247824100874
0.62,-0.14267288461265012,-0.02779295116741346,12.058940783872275
0.63,-1.3601408431787474,0.3800474136686088,11.963436827006223
0.64,0.030228001926112587,-0.05312459941756137,12.298363196570582
0.65,-0.4772498991708734,-0.20687178049021135,12.390134158310504
0.66,-0.5897612461201062,0.9069477438122315,12.812752552323694
0.67,-0.40024538405806614,0.8942636167344314,12.884137162820535
0.68,-0.20306233304514326,-0.3857535250649916,12.855060726047343
0.6900000000000001,-0.2798980655288286,-0.07017680519057247,12.465684387721055
0.7000000000000001,0.15447125498029043,0.7873417981415165,12.801884531423799
0.71,0.4433763024974774,0.18213646737171266,12.856245932204098
0.72,0.22069863467663953,-0.1785726595885924,12.826159603428454
0.73,-0.12123867136492682,-0.4479915545487294,12.468009485391471
0.74,0.6085603748806391,0.16694298488492698,12.683852968507827
0.75,-0.4767964844230209,0.23844273804006472,12.02898633762285
0.76,-0.21558575559580853,0.252547502505068,11.913310148802239
0.77,-1.4955592546910483,-0.09301850436504051,11.910014765475974
0.78,-0.012191296402634373,0.08556281870555968,11.509165039454068
0.79,-0.2593575367792238,-0.08316996612340477,11.512470684042787
0.8,0.5662975095713928,-0.38909603945071786,10.932651536930903
0.81,-0.24001782588588044,-0.058633128338494676,10.487545405340857
0.8200000000000001,-0.30658510667387323,-0.02321161726898529,10.19404224157735
0.8300000000000001,1.1471948590553465,0.261553679065317,9.749398630366924
0.84,0.20902064498157422,-0.5759467248308682,9.382367558458217
0.85,-0.39436805255880136,-0.7824336562232421,9.332417779858066
0.86,-0.7879495052605671,-0.18355449977339527,8.99605012713082
0.87,-0.6716412740698652,-0.10179792339597357,8.785464515775184
0.88,0.5600235637217329,-0.08352439581252893,8.175939526403726
0.89,0.005835105405174627,0.9766563753636196,8.259651168693992
0.9,0.25781314424321344,0.5983527348573209,7.703250526042633
0.91,0.16381301466041326,-0.40911022943333697,7.748833708792343
0.92,-0.33546668320240014,-0.1753206389641551,7.243294425335172
0.93,-0.29484619290901487,-0.2514019793326677,7.025268159708024
0.9400000000000001,0.38917567599553254,1.1472364740844698,7.0344809783639635
0.9500000000000001,-0.1414611956812212,-0.25920345756053487,7.048968479344527
0.96,-0.17982654418865876,0.23644936387179144,6.85276715941735
0.97,-0.14267579991716767,0.04254477667200397,6.713118108531601
0.98,0.0328201317978618,-0.6226995664779681,6.610416215458983
0.99,0.6676797570064174,0.3748433744148001,6.650206810609646
1.0,0.18373345946678551,0.29571306497762884,7.022232878595769
1.01,0.45251318896597337,0.21580366716323696,7.218139042937884
1.02,-0.5278462515028705,0.19594498847647812,7.20277584252525
1.03,-0.4907098767243237,-0.9528069347145863,7.256874075322228
1.04,0.6232362145180119,0.483558450088095,7.770029248229536
1.05,0.22750999959988172,-0.4807398545578421,7.695668939046746
1.06,0.15086444243929803,0.8558748464486602,8.053856745538303
1.07,-0.09969834034645005,-0.2533825617657616,8.548003029760919
1.08,0.7844197416293957,-0.15268851831617478,8.428550054440262
1.09,0.1840652816766088,-0.057345709455219544,9.148458448563773
1.1,-0.19474777913599745,-0.3375121776266282,9.336754173845664
1.11,-0.19775316652605635,-0.6030353688255362,9.778693834971616
1.12,-0.13943796141264211,0.18066544895703013,10.089729915620524
1.1300000000000001,0.443392784459979,-0.5916598049445033,10.46633848902276
1.1400000000000001,0.3209173566971313,0.42088850849356285,10.866956619927683
1.1500000000000001,0.27801936892306134,-0.4745885361245931,10.96358241206046
1.16,0.9543108454865867,0.3277952153487429,11.588671193230672
1.17,0.2330607090971199,0.04557208775399109,11.762492907613165
1.18,0.045614950309426465,0.6885183822351145,12.034509808742037
1.19,0.3515136793903507,0.6235869962578571,12.310116501867723
1.2,0.3044409936756162,0.6294841409047276,12.451122009761924
1.21,-0.8279200758516854,-0.7095339282292448,12.6248275567859
1.22,-0.5082632124296711,0.4558425899861943,12.640310649290026
1.23,0.38661717007017765,0.2219797356141209,12.509564540711272
1.24,0.4373502189944874,0.9932706665672764,12.760577166554473
1.25,-0.12165453599345298,-0.005017167023739881,12.684572803973495
1.26,-0.218126439618819,0.2731025775763086,12.567422666282715
1.27,-0.6534486815099236,-0.18310668492885332,12.762348536996681
1.28,0.0758729829652723,-0.02235399630434154,12.543689189556448
1.29,0.16585278456393734,0.1411519208395289,12.343745088997395
1.3,0.3362259777328116,0.39612960931421826,12.17653361449531
1.31,-0.1951231882026472,-0.6144174337213166,12.17564946665741
1.32,-0.2831443094728155,0.5215708664452481,11.9617507017721
1.33,0.4958296298641205,-0.721086052012923,11.85194745973603
1.34,-0.0558448264079471,0.6413738313948316,11.373436689605272
1.35,0.05728972352972704,0.1700258388507926,11.23361383857714
1.36,-0.81244458478231,0.7068229241798819,10.973170553437507
1.37,-0.2374711368762462,-1.376432101394686,10.608546175188616
1.3800000000000001,0.6575378188160393,0.8023692751431318,9.746289558612098
1.3900000000000001,0.669020935815216,-0.06482254599815793,9.946604438230455
1.4000000000000001,-0.12560220697466434,0.24526457065690158,9.474943300544384
1.41,0.23696339558916207,-0.049263158542184604,9.154068711856834
1.42,0.034755609936570314,0.3144363572321502,8.821755343136891
1.43,1.040470400285243,-0.1975073612597397,8.51226392577052
1.44,-1.2766349710494482,-0.5182853945118076,8.208729092835052
1.45,-0.03779085062114651,0.19799758232505674,7.83389103447314
1.46,-1.6360963146021705,-0.4049960620059136,7.353827630579882
1.47,0.3742211759141786,-0.4531180361035154,7.401691594870382
1.48,0.7862281030304668,-0.4847568677529338,7.106860254140944
1.49,-0.05367104378385511,0.7197076681166349,7.2317065998256975
1.5,0.07657429375521893,-0.3302322710474438,6.903515475215234
1.51,0.25624251328034575,0.8001656512379998,6.872956146263312
1.52,0.6001357609476485,-0.200107366079886,6.684158279228962
1.53,-1.0657647257583531,-0.42974314067085645,6.724354061965382
1.54,-0.17279144214410702,-0.27483562923677607,6.826885763657058
1.55,0.15785688187331895,-0.5238683736413368,6.671444238974575
1.56,-0.19165596356602388,-0.49793016412651236,7.042115939774355
1.57,-0.3299029485062125,-0.18505413774819754,7.119679815542205
1.58,-0.4495675708154623,-1.3140860459802737,7.130354331661778
1.59,-0.14457408723865078,0.7141412844571404,7.152937537155992
1.6,0.11892719369543345,-0.27597905273026085,7.823316502295981
1.61,0.5814336959743523,0.5518824235055313,7.961647444985944
1.62,0.05041763636127729,-0.7724992329939615,8.209629133109996
1.6300000000000001,-0.45398092226666653,-0.22208066050019384,8.555857498381073
1.6400000000000001,0.06455339995805132,-0.7060400936289828,9.181346646401067
1.6500000000000001,0.5309002150734268,0.019564578724629675,9.230385910883882
1.6600000000000001,-0.270636253489219,0.034273550470493096,9.587012472864485
1.67,-0.042493223548393695,0.7808888301315889,9.690009617558486
1.68,0.38726208628416475,0.1757184107401393,10.497777627315678
1.69,-0.30786285916890294,0.5631772021331665,10.720147716386327
1.7,-0.07458345621947259,0.10372545815530422,11.064413888104804
1.71,0.012932787463025812,1.0365156227385584,11.219262706177743
1.72,0.25491678905930215,-0.4452092868615284,11.639305065703953
1.73,-0.975389497391556,0.9191263863476453,11.825399292523025
1.74,0.1223315377849823,-0.017416956939054744,12.104517713753369
1.75,-0.20832726416156555,0.36174837037920676,12.204222039363595
1.76,-0.04405007905808354,-0.009475946758125301,12.189468071802285
1.77,0.499361609609409,0.6055795848622341,12.715023694268089
1.78,0.2743472725937709,-0.2677172811803095,12.385321421560674
1.79,1.123000036814911,0.050164960293605836,12.717702502898913
1.8,0.2559050410846872,0.9403336989766191,12.763401812024867
1.81,-0.9770659389425267,0.3738066662863167,12.639781848670378
1.82,-0.3039142487115965,0.19145083785060238,12.85202630307409
1.83,0.1895695572992942,0.019274704536101715,12.656033559546822
1.84,0.04893631896359341,-0.5641293469448847,12.509701371663782
1.85,0.6296069543088366,0.4445311092565541,12.506896299778237
1.86,-0.9237193659906691,0.4902375476624148,12.177530896067786
1.87,0.21389817225611862,0.5217977610895531,12.246170432498289
1.8800000000000001,0.06462051752105596,0.025341316395745064,11.850753863730848
1.8900000000000001,0.10735141403428108,0.4606943234772788,11.461568162241633
1.9000000000000001,-0.09546687534624701,0.0065382002911607805,10.95362127590731
1.9100000000000001,-0.12974113901529585,-0.24845867785343898,10.743174307030225
1.92,-0.7175296092027573,0.3297785440917107,10.781880424267236
1.93,0.9024114582395482,0.05370354965757126,10.280320886117954
1.94,-0.4853889675264999,0.10148051190142193,9.908264194687384
1.95,0.4988058164294695,0.7381368805044426,9.858116183548468
1.96,-0.10668014853253263,0.14936497403061794,9.082533436463091
1.97,-0.08274254797868151,0.593571341111409,8.857093542613871
1.98,0.93605023068162,0.5387719491400333,8.554990847974624
1.99,-0.09767848015159535,-0.5531882220272679,8.409768567584823
2.0,0.5734484540277446,0.37884685503298876,7.937113963376977
2.0100000000000002,-0.05774923678008074,0.007838322633610255,7.681988898344817
2.02,0.2934188545791586,0.23514483373658132,7.296473448258924
2.0300000000000002,-0.19625207241822804,-0.3672983746711875,7.438804617717392
2.04,-0.5093372773374527,0.2780203522927877,7.274047224472395
2.05,-0.35900790001377486,0.6617252102409894,6.939214030225077
2.06,0.4016128782743721,-0.2652244093019095,6.928356075331374
2.07,0.2301201647089533,0.24884268322255396,6.64014784737236
2.08,0.17331967606732163,0.32944990730913865,6.7313596088670975
2.09,-0.0988179111520424,-0.23519280809535814,7.015215942126536
2.1,0.11339055580188923,0.32149638494781696,6.873497857924004
2.11,0.44742049544141294,0.29503386119315594,7.281960888779452
2.12,0.09467322728122585,-0.12041981684426079,6.936197570813674
2.13,0.10443917777952379,-0.24250029378892896,7.295272410930136
2.14,-0.6989045138463983,0.4055435834831704,7.365973171212406
2.15,-0.3090291809557724,-0.35355449289075286,7.6979667947599735
2.16,-0.3414730050971367,-0.44532536559935104,7.857750411342855
2.17,-0.4386157325202564,0.37688882452256883,8.045193433974054
2.18,0.12520704486374082,-0.29538616208858504,8.291117903487283
2.19,0.9054354089378641,-0.09170815874425753,9.190669874717575
2.2,0.6740979358204046,0.21910533125518802,9.042328579546806
2.21,0.2718435896930592,0.2861587384026438,9.084130024411092
2.22,-0.4896602072978655,0.6723881920738765,9.627319622484489
2.23,0.3028616340441808,0.1447112854563351,10.16525954872082
2.24,0.819299636426177,-0.12622779412675747,10.324128676565511
2.25,-0.5416927703338049,-0.3368915458252041,10.931117913497634
2.2600000000000002,-0.3970561809686554,-0.6798690605297123,11.193486483906447
2.27,-1.3102537640459893,0.5572431005059186,11.320467805970887
2.2800000000000002,-0.7706403894829905,-0.03533634391885486,11.552958501667414
2.29,0.9726999845714546,0.39120616683343845,11.730239766384264
2.3000000000000003,0.9756504049653756,0.1750323360028298,12.006544746980373
2.31,0.4028438797122875,-0.04344148437085316,12.091612658926584
2.32,0.20600546478039627,-1.0587842629518582,12.662183716183753
2.33,-0.27373907316466944,-0.3427042765259716,12.854806691030534
2.34,0.42528126695893564,0.0923402957194172,12.52647448828486
2.35,-0.09037626772073389,0.6038700671140688,12.599091657590465
2.36,0.9975278879719358,0.4660210055881432,12.534486354048411
2.37,0.49569616840007336,0.41050374135507506,12.640274916334075
2.38,0.5250936626127154,0.05514668492160095,12.265853850512089
2.39,0.08951868184461317,-0.184887920702837,12.469953071489444
2.4,-0.3079019346246373,-0.38606191810083856,12.709018467368141
2.41,0.606768712336478,0.30492149676623304,12.301132565964403
2.42,-0.19488113186266368,0.21594654342872197,12.287052931637872
2.43,-0.6573256617285183,-0.19220039938046027,11.861261672051546
2.44,0.6248403931923128,0.277132479612855,11.947174178421074
2.45,0.41812688903653566,-0.9040492271868115,11.437363082389064
2.46,0.005773731648465968,0.1769674084620119,11.05404695613128
2.47,0.2474148928892811,-0.5268929892641201,11.181322237374616
2.48,1.2924084074026698,0.2537690683914177,10.424141504405332
2.49,-1.171330290205554,-0.4319462714216879,9.95538565216152
2.5,-0.03519049360162109,-0.29277381027196786,9.83028650029402
2.5100000000000002,0.22528222051626,-0.4392823093484155,9.455605589595836
2.52,-0.13604784183370308,0.02773846377717959,9.2871364001268
2.5300000000000002,-0.40970431340884633,0.5019675528572667,8.663296277756361
2.54,0.7659568378746493,-0.10071920168719355,8.60936023976913
2.5500000000000003,1.1585227899416468,0.14304648263976105,8.320431885649148
2.56,0.5034989503270634,0.40645314846845826,7.816772822337641
2.57,0.6618866546664129,-0.5338205254376641,7.689879569230555
2.58,-0.3429497170934142,0.6400765401779638,7.3165219100619945
2.59,-0.12596473013948503,0.5908424630755608,7.598887765692031
2.6,0.18939668612544142,-0.06361439411747308,6.979897908259917
2.61,0.42929500502424855,0.04582152147961102,6.890743918465464
2.62,-0.1259942005104849,-0.5383782953875763,6.7083199260009145
2.63,0.6850116802045345,-0.24561393102918952,6.7632287577801256
2.64,0.19380527043054332,-0.36708491786258063,6.799355463384017
2.65,0.45963849797984463,0.6840343924643449,6.938824266358269
2.66,0.805712986313029,-0.1178427808651642,6.793531804346124
2.67,0.31883443140621565,-0.35068164185751755,6.955932333237636
2.68,-0.4363224222926019,0.00499890251392126,6.9060023225841025
2.69,-0.6084281885731438,-0.4498485371053661,7.163305545858647
2.7,-0.2983273163489812,-1.164736649060627,7.9018314054140255
2.71,-0.04095570661582776,-0.30551309010480737,7.875226561315798
2.72,-0.023011788381478236,0.8635361437613782,7.858995500664588
2.73,-0.21175110607899028,0.932732196366485,8.05607181242623
2.74,0.14770103144743307,-0.04133871768298491,8.410535832430202
2.75,0.05368041398057744,0.46853758776085447,8.86969538794809
2.7600000000000002,0.2836300153756611,0.015665542022405287,9.20607922671066
2.77,-0.2184963752863862,-0.6418854539905743,9.424792320208145
2.7800000000000002,0.5694917209729343,0.2685052653427984,9.682404116319368
2.79,-1.141331478866904,0.898415811903784,10.426727647841185
2.8000000000000003,0.1725689034221467,0.007403544282271795,10.613822479188832
2.81,0.0437105856277717,-0.7837359656041274,10.813050433204566
2.82,0.3003716673761165,0.6226425416313885,11.145640400692045
2.83,0.8940517493660511,-0.44071688424480027,11.391197280595708
2.84,0.4621726597384083,-0.63925249658035,11.300761067805762
2.85,0.11021079889017427,-0.2971502344416296,12.004255156328126
2.86,-0.20625594690895818,-0.5329933944596418,12.04411929315826
2.87,0.33771025560542495,0.35510609876666166,12.24136760672358
2.88,-0.10792427323552357,0.5870152049949818,12.449684157054195
2.89,-0.2139788105669007,-0.7870439802938051,12.774438891446623
2.9,0.5857354033668907,-0.17069536699715127,12.571282130924914
2.91,0.14102190344889398,0.49006283500124104,12.576334481830724
2.92,0.2090206418812851,-0.08752710552182315,12.893846229197626
2.93,0.013243471281701318,0.8716380411309647,12.879110569909676
2.94,-0.4155150182354819,0.24018553644697216,12.55230486033069
2.95,-1.0178004232690632,-0.05907825048828762,12.673689109258701
2.96,0.2524630770196158,0.11491227482974356,12.40312881474265
2.97,0.34271135116613666,0.43871612687680156,12.315791619368321
2.98,0.11443568290802048,0.04281206013821121,11.873610100198484
2.99,-0.535655749237284,-0.5701203832353663,11.950932591767204
3.0,-0.23361431231729118,-0.2701085800378691,11.7438445999949
3.0100000000000002,-0.02893409680518615,-0.2297285014522324,11.373743009988807
3.02,-0.7200231501522446,0.8292386909890087,11.057871994765884
3.0300000000000002,-0.07269396721221151,-0.2974138066087376,10.089216513991522
3.04,0.100900172731419,-0.6781060477358708,10.364163639285872
3.0500000000000003,-0.005895436807432926,0.07973028401684486,9.98455476108406
3.06,-0.5905105539604527,-0.006381690764850828,9.627210219433746
3.0700000000000003,-0.16404742515440612,-0.13063909675226373,9.2175018059197
3.08,-0.34843991391865003,0.14053539813142776,8.989448939685062
3.09,-0.6304885635705149,-0.15862059564277003,8.722480324203849
3.1,-0.6750197296092892,-0.08576422348567816,8.315170753613762
3.11,-0.03965784226571044,0.4036028649891645,7.997783268776718
3.12,-0.37474355569506473,0.7431354898435677,7.986427469338138
3.13,1.0154945078723425,0.12765462723673124,7.3963714976370865
3.14,0.0584161175918872,-0.02818814958942578,7.505505527522031
3.15,0.14201079445212045,-0.03871688857990617,7.197601829427989
3.16,-0.022189124446179213,-0.33004792279646133,6.904122532704263
3.17,-0.3270440511821842,-0.16470669062058685,6.870419700831346
3.18,0.4016720095317923,-0.704830443150259,6.701943126954567
3.19,0.2624597700845093,0.05931032184635607,6.9050488079433645
3.2,0.30286524750155747,-0.05334487800261502,6.858105079010757
3.21,0.20993242314738889,0.6049143330706059,6.762787570139408
3.22,-0.8960640639262532,-1.005619480570852,6.75910188808974
3.23,0.28577187492426503,0.8107716859468728,7.08456187192755
3.24,-0.11235621763670729,0.2538371101541238,7.333056577017714
3.25,0.012888877943056461,0.18284609583969522,7.355873564467877
3.2600000000000002,0.4884000865993796,-0.1441373094690292,7.650213523058864
3.27,-0.14201986634723976,-0.39857416978399113,7.77383866015867
3.2800000000000002,-0.6305294999794919,-0.7880546334460355,8.108328533521146
3.29,0.23241428882193976,0.14734096210626188,8.344195766794952
3.3000000000000003,1.0345531078357213,-0.7491097905335554,8.739732663392216
3.31,-0.6377980033879952,1.1103693998733268,8.791009604174953
3.3200000000000003,0.1676246190714047,0.28854349285401704,9.445951811116185
3.33,-0.18212410820903638,-0.5788527884643421,9.652439579749702
3.34,0.6184741148895002,0.1570847655587568,10.079771626731187
3.35,0.002344676151650238,-0.3604136689293025,10.311097424637246
3.36,-0.6489112644863905,-0.5177931141962901,10.739178923137203
3.37,-1.0157009214212431,-0.015679099151100776,10.847834886521655
3.38,0.7234811492158765,-0.7252071413020581,11.489242766780537
3.39,-0.01057250772533514,0.2113124776502997,11.338183261026966
3.4,-0.3737514864802361,0.6020608543601957,11.697755495569176
3.41,-0.09145707385527917,0.3317589903034053,12.122677443465292
3.42,-0.0008458645992460515,-0.35858951608091627,12.511214040365115
3.43,-0.4030682219448094,-0.22799870312747864,12.50612829171184
3.44,-0.11170901163541663,0.08105649592532484,12.565800559077967
3.45,0.3620602010748328,0.24911052314446155,12.491985961899406
3.46,-0.6274717906630216,0.4199606559022942,12.742692777425432
3.47,0.5404907000953353,0.4254298073252381,12.796071016193588
3.48,-0.3163551557874071,-0.044108226366891115,13.04198612423043
3.49,0.12384196419735462,-0.030960978201163808,12.832883940393607
3.5,0.7411638687514229,0.5280740341606167,12.423805617646199
3.5100000000000002,-0.5092972294632079,-0.40441109578937745,12.834334776341464
3.52,-0.015973961842724666,-0.1863946857368716,12.313328487256134
3.5300000000000002,0.22159741441176772,-0.46125907065926536,12.050052238737855
3.54,0.4629357166621568,-0.5642776893129319,12.182150472476753
3.5500000000000003,-0.4061305131504238,-0.030897863076604883,11.704808605201519
3.56,0.7242344131781794,-0.07871753920713974,11.384072650296089
3.5700000000000003,-0.9695983282285595,-0.5511287201776268,11.177967546610377
3.58,0.11711756010596237,0.5187944057317192,10.960662086579903
3.59,-0.5378130134529047,-0.2566521820555302,10.658497421738636
3.6,-0.0825262479890443,-0.2988728822744019,9.969719340684994
3.61,0.3953359588596579,-0.2668270426636948,10.13747034019083
3.62,-0.13072630623801793,-0.4230163275166339,9.640944093645691
3.63,0.5088498782674779,-0.26598902378220696,9.107098510931877
3.64,0.0983218229967062,0.40001285707233614,8.71437019285015
3.65,0.32229990011721843,0.6157520588966767,8.377310260691063
3.66,0.2601867523077181,0.5576644842550547,8.242982875752533
3.67,-1.0611007618760477,0.3384458224787213,7.8492187166005625
3.68,0.8137792806276302,0.1590318656258792,7.577318995810469
3.69,-0.7628347432621158,0.12484460419641955,7.586301256040183
3.7,0.11038803843122662,0.3907694594086705,7.321701325067899
3.71,0.1633867173925832,0.1182186588361653,7.042598556537336
3.72,-0.8304383064941772,0.2919044942610766,7.08116553174921
3.73,-0.1250099635974836,-0.034510071008186094,7.081526175586122
3.74,-0.2858445045922963,-0.0665466717845502,6.654991621545528
3.75,-0.436217062916978,0.3388957988393153,6.709506217378664
3.7600000000000002,0.15332815794233423,-0.33945840603307736,6.960559344472958
3.77,0.11510360781007414,1.039742615198455,6.984260466512525
3.7800000000000002,0.0409240300423833,-1.066103480870669,7.00503322078711
3.79,0.10476587577168447,-1.0992943082539117,7.276147423434653
3.8000000000000003,-0.6788846283869787,-0.4223882701201874,7.103784464126098
3.81,0.20720827782022655,0.2314767964523638,7.242742420233259
3.8200000000000003,-0.5925883601854807,-0.5599074107266006,7.562073987011928
3.83,-0.21121081164376238,0.554360811478702,7.964802775059397
3.84,-0.2763837402661,0.16020197750939916,8.10506309385184
3.85,-0.6950314842704184,-0.1360917764105818,8.44957940184107
3.86,0.2870647762354508,-0.7250830182217362,8.69091915271332
3.87,0.7910338181374403,0.8322654167355754,9.070914298544594
3.88,-0.16159583640616193,0.4347214536585182,9.3481967725974
3.89,0.34729110483223247,-0.1194767380542419,9.892818050511893
3.9,-0.3902009719639353,0.6302289044861703,10.29523336089039
3.91,0.27672378144238025,-0.3799985590089429,10.437430100143438
3.92,0.8260244647964134,-0.2732920391322531,10.802838900202945
3.93,0.3784172983388191,-0.32662708608977203,11.057994762393305
3.94,-0.5313986841098708,0.7615966979921079,11.51887072254823
3.95,0.0517947896926863,0.7250366592135704,11.725630375056948
3.96,-0.18020636687912212,-0.19723732643779524,12.200050609714449
3.97,-0.13688262154673866,0.25642667741790687,12.017650390447875
3.98,0.9519663192917581,0.3258689636614042,12.42695534345961
3.99,-0.2784073785077503,-0.24763393587644136,12.596916622001986
4.0,-0.3866198630840706,0.08058871484417114,12.599103523236826
4.01,0.34036990873043127,0.4681907545137435,12.82709527626015
4.0200000000000005,-0.42725631910065703,-0.3592759977885265,12.572622430080955
4.03,-0.5456945587932526,0.2162579733767169,13.1168730224593
4.04,-1.0348502374588695,-0.5517024950432657,12.570077609096987
4.05,-0.6578038224334432,-0.19288709061721884,12.843720572470644
4.0600000000000005,-0.3220881799696415,0.3314660192711711,12.434818425528947
4.07,-0.337233277655384,-0.4623407360360686,12.637041801125399
4.08,0.22742960500434792,0.4001937693783158,12.234071593596092
4.09,0.08896301096794128,0.09709244770692074,12.111090969108679
4.1,0.7435653864627778,-0.1611986482735513,11.861642881142096
4.11,0.2637814468563956,-0.23100116249475677,11.75882506342628
4.12,-0.1484500554511261,0.2878797683304621,11.262637487385847
4.13,0.0542839682547285,0.501221137568232,10.563641750643399
4.14,1.1106156637979598,0.24937529489504512,10.577115926221463
4.15,0.10357194533235328,-0.29602161803500154,10.38970079222052
4.16,0.4104639447222423,0.06092941552874635,9.959910185853262
4.17,0.7107324431372857,1.0811686796456812,9.80240257968832
4.18,-0.25660355152274306,-0.46023881644072223,9.501622282033923
4.19,0.4081460157452715,-0.021172923162828292,8.99530970964534
4.2,0.23942175549640612,0.76688224232304,8.47217953278859
4.21,-0.1570060709244369,-0.3512652434217527,8.59551297000489
4.22,0.7429956698701081,-1.2116473587868182,8.260651177635772
4.23,-0.42597556832563804,-0.09921173197124153,7.7853640626010785
4.24,-0.13159438826558303,0.20449054327980795,7.903703909634391
4.25,-0.15725578732590562,0.12164260088576397,7.32061769786126
4.26,-0.6614795224946962,-0.2912403130948056,7.018880777928678
4.2700000000000005,0.5470217253055403,-0.07015991711816148,7.015923442839738
4.28,-0.10784329707355515,0.42774849319978764,7.086109690273739
4.29,-0.6183774996802988,-0.02371173147314856,6.705688980031007
4.3,-0.31196472720899027,-0.02367038976004921,7.098603576376704
4.3100000000000005,-0.3860148765154224,-0.2124757008172525,6.669310197996141
4.32,0.7020101123332274,0.13927973738235208,6.9831055088335825
4.33,0.31812868606465855,0.23143162004527104,6.99558634137222
4.34,0.6074049817807664,-0.12694517641634742,7.001659820559196
4.3500000000000005,0.10519387576283182,-0.4479203805031571,7.333159906676075
4.36,0.22860940138584707,-0.09274688265079305,7.12601242951822
4.37,-0.4577532886872337,-0.5223062661413124,7.765812331767434
4.38,0.34335977695646314,0.22293443464659982,7.792411793351695
4.39,-0.1798452971995551,0.24045294624189179,7.985916602253655
4.4,0.24733669995843482,-0.2142238214184975,8.46711508490087
4.41,-0.06632305596021833,0.04836684905782002,8.819647565474487
4.42,-0.5339441829647174,-0.2912969117282809,9.096613508041552
4.43,0.7679952051054669,-0.6700187818521086,9.61201407757208
4.44,-0.19201592315679325,0.12131355649920815,9.81137595686821
4.45,1.0792929178614434,1.149453320908113,10.180897553451006
4.46,0.0857598222928718,-0.5534856620555227,10.244089586349334
4.47,0.05727562544524603,0.029734583643235373,10.671036353969217
4.48,0.30803565819931567,0.4838315759637135,11.05856838786044
4.49,0.35704981723214685,0.0423606114534687,11.275520689139386
4.5,0.3505083603444685,1.2428433981696723,11.60860104185341
4.51,0.032219575183088336,0.35980541654519865,11.889914139283247
4.5200000000000005,0.27528986557822127,-0.1939716129329844,12.189390729860547
4.53,-0.35679857673703913,1.3624754777920112,12.255356459269784
4.54,-0.5893450123514028,-0.1857128742366795,12.39440379699608
4.55,0.8960902737039065,-0.2614700766603376,12.465082110132267
4.5600000000000005,0.2985728272923067,0.6113470726636884,12.562385067578484
4.57,0.05109451686820444,0.34257441817581513,12.941822918315692
4.58,-0.7385972015191546,0.26466993177083936,12.785190194721402
4.59,0.6577111222603781,-0.38984636178527904,12.909518357945425
4.6000000000000005,0.01141379587503479,0.5631360379209563,12.552257175234653
4.61,-0.646729808010576,-0.0856468872900713,12.37386841806405
4.62,-0.16081191425517102,0.4916094440227832,12.388359833212757
4.63,0.3982857265056731,-0.24904456684473608,12.563764296704939
4.64,0.1306131657709029,-0.20884085106162656,12.364912570587508
4.65,0.5973744834411969,0.3989196462104595,12.036711673442042
4.66,-1.6857922929589824,0.09714244582538718,11.620842362184336
4.67,0.5724119018678862,0.03872387529386727,11.451006453229699
4.68,-0.26508402546638155,0.03232481882950298,11.134075509894638
4.69,0.19194988430993018,-0.2742291077196059,10.817489634225447
4.7,-0.15585884119584234,0.024847476246467767,10.170159185897212
4.71,0.28703896864227835,0.6891713692091596,10.084681914159598
4.72,0.37208445536555096,0.7576596618681254,9.84687395497769
4.73,0.5544485475795674,0.2913101463160911,9.763910578819576
4.74,0.10470959524436142,-0.04647127078114188,9.224981517326531
4.75,0.38181658320200257,0.037835694914104594,9.08308225981459
4.76,0.2557354766873148,-0.32723569095767374,8.497817220706242
4.7700000000000005,-0.31724028792168507,0.38113953605947226,8.218778111468302
4.78,-0.012257386456996776,0.4222357052865484,7.391295847408025
4.79,0.5945133154074203,0.5461695444847633,7.788539633442647
4.8,-1.0322006280360505,0.22565054578254923,7.57052462087354
4.8100000000000005,0.7546710187352015,0.2857848968461581,7.551979740307475
4.82,-0.06252492305894418,-0.08881907098031752,7.045461545927281
4.83,0.5037358615403875,0.8429830367327353,6.997921550467939
4.84,-0.08663985406726324,-0.17058497624491556,6.7792756080478185
4.8500000000000005,-0.7160860274285087,0.8224198398484234,6.6472173363185245
4.86,-0.7768556024740063,-0.7460049038395481,6.693270672378008
4.87,-0.32204804277849813,-0.30894322441419253,6.7633971704432305
4.88,-0.7043499421667299,0.288940159286022,7.071511333595891
4.89,0.4050002617642541,0.5613122298302425,6.959036825401772
4.9,-0.7556059432755061,0.31274081980515683,6.9669371211517666
4.91,-0.9245458715114128,-0.015411843965183311,7.2682982288521805
4.92,0.4325048805518959,-0.18829747717833903,7.473770406924144
4.93,-0.11848047114896237,-0.2945668051557329,7.563958159975894
4.94,-0.5094233754932267,-0.11932757886713022,8.08841096012235
4.95,-0.35654619794754916,0.10564006252719287,7.909267281416507
4.96,-0.1095460288361749,-0.2843987393551513,8.456621005834748
4.97,-0.05641306926373394,-0.3232956331385044,8.90130127627542
4.98,-0.21726296070065498,-0.2293460602924478,8.926422839230343
4.99,-1.3031681603487513,0.3161945274537201,9.515618907676055
5.0,-0.4625865853971248,0.04376102019008722,9.993933957529064
5.01,-0.714746598734999,-0.696833712357687,10.206619844258984
5.0200000000000005,-0.13140248367127674,-0.9346013084312487,10.21928829140162
5.03,0.15886146310470217,-0.8350423301324698,10.689229379453668
5.04,-0.05141289209416188,0.40850006319058896,11.296192810328433
5.05,-0.1538306684720693,-0.5164507377641335,11.452230671696778
5.0600000000000005,-0.11784405454210964,-0.2380714394825258,11.681595243098618
5.07,-0.9861221824735633,-0.2706909761181131,12.000787120835176
5.08,0.3676331496164517,0.925199490559953,12.267022638910735
5.09,0.34220338145826323,-0.025062761681654694,12.246713659894374
5.1000000000000005,0.3173375586933862,-0.7823118960664728,12.470921145387123
5.11,0.09704146713732363,-0.48145755867940954,12.662731962434256
5.12,-0.4656964676029115,-0.27466058939191274,12.65021071243648
5.13,-0.18910494040552925,-0.2742805980869725,12.764835317163314
5.14,-0.15273851920005466,0.5101098785051095,12.994443896788749
5.15,-0.4503578219754301,0.5754683446469943,12.631171124239627
5.16,0.7436398813665913,-0.24991850866817036,13.003894605114295
5.17,0.18998879315819298,-0.234344678068697,12.898103229568923
5.18,0.8071546093549813,-0.5982898213847628,12.224508356759157
5.19,0.48344607978344856,0.608999996744569,12.291430720359473
5.2,0.12704199637554905,0.41017561284372017,12.162943463774223
5.21,-0.14638296610961316,-0.02631314011510323,11.766829254312453
5.22,0.05473744940516409,-0.677777799307231,11.512628817531127
5.23,-0.24821157271863284,-0.22132494299653074,11.30770624683434
5.24,-0.46695310717729327,-1.4211278009349926,11.154003456046587
5.25,-0.48892560378087113,0.04904596119300842,10.65035090728278
5.26,0.15306706485312777,0.2878372257612092,10.673134013286262
5.2700000000000005,-0.6327755268742064,0.4532743577107909,10.107049690003011
5.28,-0.08938397571516635,0.06083175103205287,9.70922342105749
5.29,-0.7127899072474643,0.52887558430702,9.604018080715806
5.3,0.6102997975278273,0.725726141676152,9.14787251776451
5.3100000000000005,-0.06261766825665421,-0.8582668089359117,8.786157380213385
5.32,-0.11034155942444311,0.41435780321112425,8.371589360720108
5.33,0.12612579304734522,0.8962345921616951,8.401470992619348
5.34,-0.20494902386525907,-1.014027888406309,7.980605353752682
5.3500000000000005,-0.6790800618395293,0.7584421421026037,7.582582417344059
5.36,-0.2349523343443665,-0.7238799838438487,7.1587191727849655
5.37,0.7337963233658222,-0.3375300594108294,7.264172479685783
5.38,0.1496646960271413,-0.5049483458860943,6.882715468322018
5.39,0.5664123730963299,-0.8958924028727047,6.678014472996329
5.4,1.2537166138557532,-0.3126237982052605,6.81126552199377
5.41,0.12893973508203657,0.30007775676140197,6.850743964606752
5.42,-0.088670746560123,0.6614510079110267,6.994503767130706
5.43,0.6417348906867792,-0.5153380856202656,6.876412539579044
5.44,0.03735998883592264,1.1201507785437235,7.024758012575792
5.45,-0.5161564538675584,0.3647552443913603,6.826788136551774
5.46,-0.6633708272299367,0.26973086416391256,7.149746494074998
5.47,-0.34965504537232545,-0.3683825421011186,7.348033905010383
5.48,0.13013210201930675,-0.3920697740468559,7.666582785484677
5.49,-0.17049371239581582,-0.6010065242949915,7.791410676651582
5.5,-0.1918572657026985,-0.24517625826927011,8.157256086840547
5.51,-0.5860541066870538,-0.5151105227518827,8.24618808818854
5.5200000000000005,-0.24198381530725505,-1.1219277534099052,8.67957223542037
5.53,0.036403137943382735,0.2814710818186427,9.00717217277824
5.54,-0.9138211521653402,-0.01373233989887072,9.08746446438618
5.55,-0.41891570678476986,-0.11641425636961003,9.63795923569719
5.5600000000000005,1.0798183025166903,-0.003984794903936557,9.902678575496603
5.57,0.551145325396364,0.05292243828883775,10.00229830329225
5.58,0.6466522745707565,-0.4129560721420889,10.76261680857319
5.59,-1.0272729786429677,0.7247001777352609,10.885058484519742
5.6000000000000005,-0.06575030379801276,0.28219156632781245,11.117402513586272
5.61,0.2400506570667528,0.04571909017622371,11.476120598712736
5.62,-0.026976163558170105,-0.08063531279123573,11.818765647775008
5.63,0.43299545723067057,-0.6045106163541235,12.26400985892461
5.64,0.1981107805615761,0.14160977398047223,12.224127771700614
5.65,0.28877472436918045,0.5302380174116164,12.49978116467537
5.66,0.5163495090009094,0.7889139227636789,12.781268527038034
5.67,-0.866575910400197,-0.015002644381568184,12.766115594449325
5.68,0.17239706670038601,0.47949967346213646,12.92034245623642
5.69,-0.585072344103618,-0.3675109069654799,12.72473439097541
5.7,0.21945296215758806,-0.17955474809973948,12.909737584255913
5.71,0.6566162239917914,-0.19009233327270697,12.744996603577166
5.72,-0.040007692735394944,0.4036572159041939,12.83672705267551
5.73,-0.7968402439269505,0.5407469764226689,12.410161606298796
5.74,-0.685318773359185,-0.14278425244579665,12.293617601022172
5.75,-0.023190614720177406,-0.021843949924918008,12.417360719030658
5.76,-0.3148750910196777,1.1361169191738016,11.983126756189126
5.7700000000000005,0.802346486908441,-0.269075350833847,11.71591317025321
5.78,-0.1460796512042532,-0.6839080380803692,11.513442710282815
5.79,0.922348610272124,-0.008984443785293596,11.10868717789308
5.8,-0.00560728419802999,-0.14950290755225296,11.10416486333363
5.8100000000000005,-0.5541510874380717,0.21465799627448137,10.395150121118316
5.82,1.115155058731635,0.21810658205221053,10.228087067608222
5.83,-0.14830850297697626,-0.09596904993033954,9.965113465865171
5.84,0.7482731363388507,0.1937389544482791,9.558352523056229
5.8500000000000005,0.7405333594407605,0.28929503499705517,9.117512924437655
5.86,-0.07405434728363304,-0.22947495076751104,8.778616875756029
5.87,0.34836814577603403,-0.6074775403827418,8.655089856732147
5.88,0.4938062241065222,-0.5318863264179331,8.13455832756772
5.89,0.6951249448551704,0.841742866604899,8.10322145668471
5.9,-0.130696763709208,1.0422784991692329,7.517736427667148
5.91,-0.5381061630248495,0.254905761924888,7.42942500245816
5.92,0.5839127650335653,0.8519878105458722,7.3136582057680295
5.93,0.2974810472400589,-0.31214420581626295,6.947767862042678
5.94,-0.9298758087556512,-0.27012803785203093,7.094814802159156
5.95,0.5357992777132884,0.34123654135026477,6.891469694617684
5.96,-0.6872970349797696,-0.2343102442706534,6.673204670671617
5.97,-0.17624698869288583,-0.3889275784653058,6.573114197687542
5.98,-0.2935133841650971,-0.39743258510979595,6.576760766864586
5.99,-0.13780222762777575,-0.21653885387896904,6.868089934616807
6.0,-0.01431359100220374,-0.22739270739819215,6.773305935054558
6.01,-0.4647173117196308,0.45769571557604727,6.864950147835143
6.0200000000000005,0.5155668472650767,-0.9293857489903103,7.192736141095208
6.03,0.28167899793686035,-0.6366480015116867,7.759653882784446
6.04,0.3230761346390892,-1.5194821064628865,7.680703979521295
6.05,0.6395714718452097,-0.17224652494477025,8.002165855779017
6.0600000000000005,0.6333762175821888,-0.28117692288167023,8.192724711737483
6.07,0.10489541067300047,0.14565299651019334,8.572297676646187
6.08,0.10024430951790873,-0.07749452679840634,8.5646079329067
6.09,-0.28043927160683324,0.33610241212414355,9.025926213399933
6.1000000000000005,0.20719485072625554,-0.10983265735205491,9.463202926148588
6.11,-0.14568617426479627,-0.4511347255337765,9.759614357941691
6.12,-0.8667246261301517,-0.16785038580617334,10.072286161536827
6.13,0.2288262327944962,0.2847488051793409,10.336139917804719
6.140000000000001,-0.5121484592939782,0.48073405400110136,10.724073364015993
6.15,0.7441249412909775,-1.118131121887135,10.961208201111514
6.16,0.9292115798608208,-0.47354820419332755,11.012248937654917
6.17,0.38064307616348414,0.27045688796586415,11.474402573015162
6.18,-0.5167471997100745,0.33556454610162295,11.979297850227711
6.19,0.04812509902136146,0.02847868819022591,12.368948598051812
6.2,-0.5058583741942356,-0.13324759213175924,12.605020802204598
6.21,-0.37367941269695426,0.32168739553332537,12.512728516252418
6.22,-0.44812377622737154,-0.1749825789217193,12.762979151195214
6.23,-0.05913434601520745,-0.3006328606397109,12.85977730496634
6.24,0.05246781920875171,0.1266727684078042,12.676995053979814
6.25,-0.0361738782041082,0.6790802500797674,12.54530902543091
6.26,0.1558521029853891,0.775349773669706,12.785467029463248
6.2700000000000005,-0.5079551492856114,0.7362004637557477,12.459250468773652
6.28,0.5639566189758932,0.16783807430417946,12.58098216573537
6.29,0.5287601267301487,-1.0531346402038353,12.58943331771752
6.3,-0.306255876413647,0.03160651594064469,12.119973353291048
6.3100000000000005,0.21507117384677318,0.2772864663077559,12.140231212290818
6.32,-0.32187687034802626,-0.7249025669681382,12.093952626692909
6.33,-0.4165200275631959,-0.5508180070200575,11.70780571037415
6.34,-0.026805860806123,0.640543050477018,11.45387214499634
6.3500000000000005,0.4732125164428066,-0.20700314864937114,11.213348936767732
6.36,-0.12093553072803535,0.32821429360180804,11.022775290241306
6.37,0.14142082422203914,0.5003837883312762,10.458734792024643
6.38,0.1454906558080149,-0.11000837501348769,10.285510273768613
6.390000000000001,-0.6675133459913812,0.6740699182304574,9.75267649789933
6.4,-1.4224719707358062,-0.2367335380842995,9.342074976992066
6.41,-0.7147030928644152,-0.25411527361304553,9.13772615437146
6.42,-0.3038517675086482,-0.5849699080623063,8.675199303277697
6.43,-0.4033712975268949,-0.0772947336162306,8.368880969364918
6.44,-0.4766200552860205,-0.1127862955014911,8.069655865230857
6.45,-0.9076735094944386,-0.056407134568888316,7.543414401423956
6.46,0.11083161889079982,0.17187305658476035,7.654897846985369
6.47,0.5222888960152126,-0.1936773527248779,7.2284535002671735
6.48,0.6822973798022164,0.45330822523276004,7.211329663318801
6.49,0.28069857107525126,-0.23189383354044427,7.287177405017737
6.5,-0.38223246259992694,-0.8229477182563493,6.8686804026484465
6.51,0.2615031082048786,0.5149994320038159,6.779133469080138
6.5200000000000005,-0.9258643071906385,0.3945764841237066,7.016185580245753
6.53,0.44082454772477764,-0.7042294275426066,6.882893296969746
6.54,0.43626522706146886,-0.6453318981660503,6.975094787512944
6.55,-0.432943495104324,0.7249319221120734,6.840956831516059
6.5600000000000005,0.14447541131299135,0.03312367479598935,7.109225654560804
6.57,0.15535733857671857,-0.3941436019420849,7.032665365185848
6.58,0.06964460731021331,-0.7078962008390226,7.20681204356928
6.59,0.9010063149566875,-0.0026948406326226374,7.602109108696419
6.6000000000000005,0.07123534959620056,-0.1522835186413355,7.656602706523029
6.61,-0.6027153026036391,0.3507674900915943,8.12135283231404
6.62,-0.5941598723777364,-0.08923631566670243,8.647883075407115
6.63,0.5613171720011519,-0.16168787426503775,8.338357812316925
6.640000000000001,-0.7981623153513656,-0.7191543009528767,8.796044598850715
6.65,0.09766218685634682,-0.9038836888886003,9.405877983519233
6.66,-0.7799969078033138,0.20627118414735224,9.552257857992224
6.67,0.2855507516855096,-0.1732479857448288,10.087234025478695
6.68,-0.06430897364871054,0.7546841372501977,10.099167126392299
6.69,0.5024528341175286,-0.012062482351601487,10.632226145540892
6.7,-0.7421063543624001,-0.7851830093472559,10.881790210380615
6.71,-0.7481094612100272,-0.5698359397218211,11.233167404927006
6.72,-0.1486330753818778,0.3015920810461888,11.551474250238545
6.73,-0.2811725510011272,-0.5273943295728404,11.586756312860482
6.74,0.6018244570775895,-0.054627428280533234,11.851418729270632
6.75,-0.057694150365585034,-0.1411788965429396,12.43693758415916
6.76,0.02097384136368587,0.5095465512087451,12.454533320745703
6.7700000000000005,-0.15390102100206507,-0.29813500849238933,12.57664749204051
6.78,0.6685713795570342,-0.11140208555499234,12.668954158660096
6.79,-1.1066892852116228,-0.7578758084680931,12.807174378393535
6.8,-0.09643340362138818,-0.017475580289978934,12.620689674373995
6.8100000000000005,-0.689449661433216,0.31577058916697914,12.646356770033742
6.82,-0.8236383489391417,-0.07796992399470294,12.955734069704569
6.83,0.9417936417510141,-0.11547065922053679,12.708774298035332
6.84,0.6395572919501377,-0.17453778182160742,12.702776751551493
6.8500000000000005,0.49366964195275803,0.29518370245343745,12.338070439093396
6.86,-0.41893211670720276,-0.3069312042826135,12.455526559205442
6.87,0.249575284640617,-0.6434558914502355,12.089615197070469
6.88,0.2399319885044197,-1.0759296318939775,11.870222475190294
6.890000000000001,0.016988622402398835,-0.4794784197756069,11.615027510924163
6.9,0.334642712734343,-0.8007019896297927,11.12570963639932
6.91,0.5688681809332314,0.3237862507011606,10.659479157055385
6.92,0.37252880953732426,-0.6753127871665054,10.457635406489242
6.93,0.6448102071867944,-0.22722611799032078,10.532489924192637
6.94,0.5510970659789562,0.11917226273755427,10.145835550087371
6.95,-0.12908800266031276,-0.38287555513884425,9.559590236215355
6.96,0.300342049269982,0.14618076754804626,9.229679374018781
6.97,-0.5804028946064205,0.05460001206391437,9.10043309417548
6.98,-0.8033278246802685,-0.05954302255861802,8.600617518575344
6.99,0.5401934972148423,-0.2644455352449161,8.126928994835499
7.0,-0.4466589901867633,-0.6208164953283724,8.22647570701203
7.01,0.15479263564477275,-1.2689961413296165,7.84557836232404
7.0200000000000005,-0.34943450130098164,-0.5009081703566167,7.159794900541149
7.03,0.01852616872304799,0.18014051788963825,7.28242369128523
7.04,0.659544136556419,-0.9686846010191527,7.174676851187786
7.05,0.6263101660383793,-0.283978309915269,7.082857566394075
7.0600000000000005,-0.06893328235571113,-0.1524470442981539,6.926677761896921
7.07,0.2590493538937372,-0.01735404749123148,6.738683496199712
7.08,-0.11482778943151596,-0.046838546160818624,6.784767725473734
7.09,0.2527287447809943,0.18340575961354202,6.852743346909697
7.1000000000000005,-0.492997003829441,-0.6622132511652259,6.812937634971835
7.11,0.4616493886580989,0.7068576816060637,6.8796212578041445
7.12,0.20262904045348212,0.5823285249896382,7.2420890729369765
7.13,-0.37498563207807595,0.5119532103325615,7.066238595631093
7.140000000000001,0.5891771662369178,0.10614054837869412,7.3428795247208924
7.15,-0.1910670457624913,0.155226138579249,7.308403765778413
7.16,-0.6510932353505732,-0.9535780963491212,7.939977609809391
7.17,-0.010865873152390628,-0.4422408064041716,8.253612819512448
7.18,0.1294985273494653,-0.9130023740624059,8.503533443025002
7.19,0.3902958821262761,-0.0028557381424616415,8.868415236979448
7.2,-0.07027486620941058,-0.43444009401504224,9.120036350219987
7.21,0.5559112965356527,-0.2496923725539754,9.438006436589072
7.22,0.2081498353091703,0.4857984768858343,9.795701773718163
7.23,-0.36076132115327236,-0.10695911668953391,10.023457324859256
7.24,-0.0895051209353383,0.30722701596275204,10.577379120932699
7.25,0.7292301032294024,-0.1979093415437406,10.674765173372695
7.26,-0.9017637697213472,0.7343604900709009,10.823773954206551
7.2700000000000005,0.6321107245288932,-0.23203320792369986,11.470786143387302
7.28,-0.33702475086804734,-0.3078094566660402,11.901396310076553
7.29,0.4303163552828401,-0.4384875145923475,11.736937249544804
7.3,-0.22909644459580283,0.2699582061659874,12.096295058888424
7.3100000000000005,0.43869717988095763,0.28882703640705804,12.209767818518731
7.32,0.34968176977133614,0.6967447139436969,12.424436784934672
7.33,-0.9192652915405655,-0.6767694931822447,12.623115518728563
7.34,-0.8798808871144368,-0.04081046277210236,12.528623930826841
7.3500000000000005,-0.21453190430671046,-0.31731497130362435,12.734696053253344
7.36,-0.571264182629716,0.424586154374081,12.579868024654091
7.37,-0.5258911870721676,0.29102295255101857,12.699618905252681
7.38,0.398048522666215,-0.4192390290306335,12.553893922606612
7.390000000000001,-0.2761580841733529,0.10297330244075165,12.482435810065205
7.4,-0.3453786013892722,-0.21403758376831974,12.256494555299321
7.41,-0.2674562054404171,-0.7904023196390468,12.535886633693982
7.42,-0.5572100472565844,0.11137753024379728,12.235224159120804
7.43,-0.2793805752707399,-0.5970156509011222,11.646987425109398
7.44,-0.4465533694211126,0.5979464975191455,11.593549944764904
7.45,0.8390104164251604,0.45945940394932555,11.306914594951547
7.46,0.6746111768895263,0.026732058059043027,11.007705680727529
7.47,0.037956822495787544,-0.029236028158402257,10.581426106685507
7.48,0.5996560082937767,0.5041487767220777,10.58597014105339
7.49,0.3390387762096593,0.23331800224263718,10.079189586794266
7.5,-0.08797045171871568,-0.4926749106518571,9.87022233642345
7.51,-0.01414241187429502,-0.18260553708165095,9.54044421015454
7.5200000000000005,-0.07447990233258088,0.08753851908985467,9.333504513902469
7.53,0.8482633861218661,-0.23147974461582907,8.529310524769588
7.54,0.5032905729991318,0.10976038653811925,8.749443016760964
7.55,-0.19448221604176025,-0.126144845064798,8.382841906146712
7.5600000000000005,-0.4999766394026493,0.30360406140097734,8.002885814978207
7.57,-0.4578345238493495,0.5298046154661751,8.022931802757276
7.58,0.0648052878002773,-0.32544089666760595,7.47188149327924
7.59,0.26768400644407286,0.3143165508054037,7.370238392026468
7.6000000000000005,0.16715983792543285,-0.4559864826285689,6.974756745411738
7.61,-0.4355772358599876,0.3550079641807221,7.128858696208549
7.62,0.1127729985267539,-0.43263784900552943,6.893369524753787
7.63,0.40416190713915756,0.17290363879486398,6.747466927327695
7.640000000000001,-1.0219996941954292,-0.36389951657044667,7.117777747135935
7.65,-0.5332743291946432,-0.5092758602125298,6.77793594637544
7.66,-0.5416736268002372,0.19553238410936177,6.886434000397252
7.67,-0.259890269672282,-0.11528192415051378,6.954206433439453
7.68,-0.1090951549855942,0.524015220345774,7.005125090560729
7.69,-0.3839971294811944,-0.816473044541072,7.3671067399531305
7.7,0.0033062750278114806,-0.3087961464692699,7.599221712232532
7.71,-1.3984180581541847,-0.3357253163306081,7.772195961722383
7.72,0.057686941827125665,0.15417977203692726,7.622122367699432
7.73,-0.42995172038199575,-1.0770956380163814,8.40788094916893
7.74,0.8337391404512517,-0.17697977296003328,8.50433750454667
7.75,-0.8065753062893675,0.679480493523543,8.690500505091748
7.76,-0.665825665899995,-0.061141274574727886,9.291362202314412
7.7700000000000005,-0.46244323830914097,-0.07062147663758159,9.620873823403835
7.78,0.5991431911419384,0.048242570695669174,9.718929230987797
7.79,-0.7181016891596109,-0.09203874123162833,10.584236223878785
7.8,0.059454601035557324,0.23409151632910885,10.364625679088203
7.8100000000000005,0.5368416501811188,-0.669612026521431,10.60928523048207
7.82,0.11461837392772044,-0.3113029542261737,11.005613867919704
7.83,-0.7012315439432919,0.0944740999350894,11.683746825898062
7.84,-0.03733611820480406,-0.15120335241905378,11.714789375852796
7.8500000000000005,-0.06478698918493145,-0.7314553517320318,11.931097379086998
7.86,-0.18412575400060427,0.9214187975221265,12.195377296442624
7.87,-0.39983172910529763,0.42178299670341135,12.302278165391053
7.88,0.3281056492902607,-0.14172050969079686,12.442184005863687
7.890000000000001,0.10443239922390286,0.3386050859588322,12.568411310169123
7.9,0.48597431784547923,-0.2900661956132018,12.853055080706177
7.91,0.43472537987677384,0.6560792418877446,12.94454508363259
7.92,-0.4007400201406396,-0.383786271167493,12.639604533624352
7.930000000000001,-0.30146762143071415,-0.4061252723228169,12.801839429974496
7.94,0.8860946508037295,-0.8951406636544305,12.814376002687188
7.95,-1.0989036543438595,0.3639579283346627,12.427066665238842
7.96,0.6451683813473857,0.2030388693815688,12.371488690502286
7.97,0.7984464268479822,0.31972315853334143,12.114888168538672
7.98,0.00978331526080956,-0.27135419670729954,11.869099860755734
7.99,0.29444238455805216,-0.6768630228946754,11.841277854681582
8.0,1.5338523927695007,0.948476765671982,11.45293590117791
8.01,-0.4175949265863109,-0.020802335687856346,11.372851388016567
8.02,0.57183940473429,-0.27361013161066855,10.969707712119321
8.03,0.3079447907084522,0.30186172936483674,10.71695189069073
8.040000000000001,-0.2489531902358834,-0.07019109734237772,10.281226740032816
8.05,0.5245774547795226,-0.2117625461466932,9.893121951199554
8.06,0.3858608307749449,-0.6291811851630912,9.635666075194685
8.07,-0.2583124940650793,0.7820611747510086,9.31133908487387
8.08,0.6399124570056233,0.4763211297977654,8.87526586927054
8.09,-0.22584976658895478,0.5258205851143267,8.724652031701131
8.1,-0.0060601012397132285,-0.4444429914405999,8.466728206091334
8.11,0.15838123866447487,0.012078632392720447,8.090994295532878
8.120000000000001,0.9058866209882107,0.09334636876131418,8.058988030972454
8.13,0.6932310996716461,-0.649483630723657,7.467325712279823
8.14,0.4879521412381492,0.6117015098882548,7.429071710578619
8.15,-0.12185785982202481,0.6013109958992181,7.109769739789055
8.16,0.564610500150945,0.025268849482181277,7.059962805047919
8.17,-0.865238974832656,0.16008493446891023,6.789424584304432
8.18,-0.4151517442601135,-0.6008655919874349,7.007210673981112
8.19,0.5343379979368251,-0.8897825062571646,6.830192266045538
8.2,0.4075360092850992,0.4968643774943467,6.984756489651159
8.21,0.7742493167733517,0.45090569448615675,6.6563926598888274
8.22,0.7860579226996072,-0.18140495216469824,6.850407351567755
8.23,-0.0741679403137507,-0.3115042795265649,6.905419587860677
8.24,-0.5507333232540685,0.32366492504830763,7.109657456197696
8.25,-0.7364220631362267,-0.24742599756353348,7.269057562297282
8.26,0.25976657877918197,-0.456053193511966,7.569379507782381
8.27,0.25993449734746815,-0.6856163023925272,7.827655661181951
8.28,1.1600737735379343,0.407717693317019,8.09204542291521
8.290000000000001,-0.09982783265261395,-0.25889078016302147,8.304559622477264
8.3,0.4806964296038379,-0.2595829939701131,8.723740118629262
8.31,1.1582738912446113,-0.15921593836207942,9.148817805459942
8.32,0.4430660337879884,-1.1360226652810876,9.213981897739387
8.33,1.1826507598401093,-1.3291963701274003,9.687062745740482
8.34,0.6418496438805951,0.2335112916579099,10.014869783207413
8.35,-0.3352103878923816,0.10201130701536709,10.432397138890735
8.36,-0.6103908997243147,0.6135372304427937,10.681545957014997
8.370000000000001,0.09490113196490375,0.9491969105399785,11.006369586601775
8.38,0.4889526001050383,0.4215371848100402,11.16220523757306
8.39,-0.1553214889747976,-0.33386923731564905,11.5969705250315
8.4,0.6376391968694505,0.09814336648821363,11.715358644391197
8.41,0.20161213120604846,0.3121299694373592,12.164683170258954
8.42,-0.054387063736444856,0.7408462028730218,12.27630485744446
8.43,-0.04561979607240653,0.36840920710582536,12.470388109082831
8.44,-0.11682293448961618,0.14782923072521043,12.469308272306279
8.45,-0.045742214677307394,-0.05918890744388194,12.826313120377137
8.46,-0.06633565983661344,0.05796315907277648,12.87523136342978
8.47,0.2629989634098966,0.35187940300575266,12.92828115720737
8.48,-0.6490372808189323,0.007156869761602259,13.122508739566495
8.49,-0.2634549259879136,0.25770908333092113,12.73168724980878
8.5,-0.5279762376662112,0.1455378148864666,12.833679974256633
8.51,-0.8970458121018418,0.35702019635128573,12.5117437410914
8.52,-0.0454772714582067,0.324182578756689,12.431693062957024
8.53,-1.3532987721485767,-0.1243722899481665,12.236771810085473
8.540000000000001,-0.7218661211123445,-0.29961533456113854,12.000615839167493
8.55,-0.32708743294790105,0.1439719958103985,11.811010396024127
8.56,-0.8396201230091078,0.5064856873611474,11.393592583151921
8.57,-0.027569600767595286,0.01382337518445929,11.151289490507319
8.58,0.47984864541915173,0.7635203999351048,10.914225216624823
8.59,-0.1007115963735,0.396469866905215,10.771675076076948
8.6,-0.6072024030982391,0.8089536784708014,10.049646200345594
8.61,0.4658616737164822,0.49878278791779446,9.566778226592662
8.620000000000001,0.287355720653917,-0.23643662328552537,9.4263020317742
8.63,-0.6378393786819394,-0.746392714488706,9.177467935180953
8.64,0.3814303970020872,0.3395075496230621,8.863415734558924
8.65,-0.004513999152200374,0.7267067798182709,8.53649479317279
8.66,0.022757436812872508,-0.5317029891907374,8.401894628517928
8.67,-0.18167097662649284,-0.9446766314891921,8.092828629646577
8.68,-0.2916843608078859,0.466746192296517,7.684659904860787
8.69,-0.4266484152844166,-0.8076084715550151,7.394181026886127
8.700000000000001,-0.005662458518270508,0.5831115810419839,7.215114891286578
8.71,-0.3256763995965983,0.14519270246181207,7.048338622353496
8.72,-0.23474052562281864,-0.16412546195509886,6.937188471247185
8.73,0.24302936237922595,-0.46838972894972003,6.640521797408819
8.74,-0.15217422373808795,0.2699758520072208,6.750009956893582
8.75,-0.6860949871296749,-0.1885233089534699,6.736267996805606
8.76,-0.4831607839611028,1.2648242239683107,6.790834010585277
8.77,0.44744295944374946,0.6916771218593332,6.838274379777243
8.78,0.8058211817736155,-0.3797339496675297,7.071829463565526
8.790000000000001,-0.035339327331451065,-0.6458527509675603,7.02199274190644
8.8,-0.19678676597055741,-0.38655293067466023,7.201229568279326
8.81,-0.20140950143072264,0.506961180802528,7.54590390849914
8.82,0.14571946195605917,0.4103067122615865,7.656752863591822
8.83,0.009476715748620137,0.11665202051232515,7.978889369755854
8.84,1.2218993930798085,0.3555827516423478,8.324876464869499
8.85,-0.07248118434035816,-0.1709400667302423,8.585957549521458
8.86,-0.06146626885538042,0.003936010450740984,8.874693537775986
8.870000000000001,0.27928138882105547,0.6350519287755969,9.13451243658247
8.88,0.5570494761198261,0.7341858352387447,9.601198970910344
8.89,-0.20454609766646686,-0.8617934531465269,9.864030610839816
8.9,-0.37053558268180636,-0.7183727534646062,10.100271788033659
8.91,0.022280515519993424,-0.6043357712818388,10.486875613021331
8.92,0.09961328362852412,-0.136641269229817,10.651209362925139
8.93,-0.026356395983408634,0.017683704326498944,11.00091625214803
8.94,0.9284729795474146,0.7305334478420707,11.156746834686
8.950000000000001,0.3145947715156615,0.8055694650853134,11.61028226200504
8.96,0.6618238062839742,0.32261861583680396,12.16125888790836
8.97,0.584454993703094,0.4210775654073194,12.098497869944524
8.98,-0.7602154168410995,0.4940882378987521,12.490711091146366
8.99,-0.3319863271368634,-0.627389682269738,12.529800433921572
9.0,-0.09000945371044686,0.22364561071886563,12.548087225421735
9.01,0.040603500493901726,0.04645114421855168,12.94030708442192
9.02,0.12175922230412373,0.7666134302434203,12.875731704715488
9.03,-0.43929804785138954,0.7651481474560463,12.536282483057885
9.040000000000001,0.24727154779645136,-0.6043663043211165,12.927594606817957
9.05,-0.48800114515144777,0.08658401360485511,12.544530759102404
9.06,0.3125189152837079,-0.30238011028575945,12.576299735382438
9.07,0.6831692844423964,0.006852606552671436,12.564626359693213
9.08,0.1366471300583443,0.01848297936786695,12.246809723497556
9.09,0.1538140838233096,0.0848160750974465,12.255169141376946
9.1,1.1355819846244701,-0.49514389708093376,11.967830881863064
9.11,0.0684437176205857,0.39100324419953786,11.357183607599536
9.120000000000001,-0.33153078168863703,0.4972156535848244,11.240004481442206
9.13,-0.4503090006949934,0.9497720113004602,11.051030367124183
9.14,-0.252389952046803,0.004796084962537655,10.604874942541336
9.15,0.20081321027920704,0.2517685915157583,10.329702467829993
9.16,-0.3268931848760091,-0.8488574266739196,10.14594815329213
9.17,0.4711861109055852,0.41920638732226945,9.734446647992746
9.18,-0.2957366992531551,0.4019532096468256,9.21123037736453
9.19,-0.5678593339384738,-0.9066516459486754,9.043666436533384
9.200000000000001,-0.2864096821280027,0.2406973110059244,8.603785896679474
9.21,0.20063409307256763,0.5480132571523273,8.205609349619673
9.22,-0.1205700884334197,-0.1527409843530214,7.92868477511941
9.23,0.2595269382895794,-0.30679087799506227,7.873286063306259
9.24,0.25723120813675115,-0.21643382100990669,7.583243592026435
9.25,1.000293792570576,-0.015256219637189459,7.373763788158939
9.26,0.9398359733168397,-0.8402825512092137,7.017517378810575
9.27,0.20636998987092317,0.7730112704257648,7.011715025404263
9.28,0.47873621212626877,0.7343297543246448,6.768859491785517
9.290000000000001,0.12201116598082135,0.3973964745433437,6.707347921377388
9.3,-0.32227355440361405,-0.408456146081037,6.7811508011966195
9.31,0.4705945893383528,0.8934023578006819,6.596280562483875
9.32,-0.7593678751681948,0.22208390687745813,6.940332257331465
9.33,1.5658531987401485,0.35610429391005993,7.286949412932672
9.34,-0.25322509952370115,0.7614673728162675,7.093591866860228
9.35,-0.2643977589438614,0.18073479506389437,7.014644489019071
9.36,-0.11434034834147767,0.38584324423217364,7.310304420725711
9.370000000000001,-0.23777763931824794,0.11974210669362333,7.32886087219013
9.38,-1.057556541586627,0.39270297425466677,7.745321940503425
9.39,0.802532417519485,-0.6204387941514137,8.14337898006862
9.4,-0.4440221379848284,-0.3661374108915556,8.443146692622737
9.41,-0.5466466518578187,0.6724831145785353,8.50590130035581
9.42,-0.34431495756158226,1.005011981119285,9.026016041470994
9.43,0.1982111958183844,-0.29858371924852706,9.485549708166142
9.44,0.6244593132031506,0.32462183026968505,9.912530783225533
9.450000000000001,0.14162609628499828,0.5257882832735399,9.883252326183152
9.46,0.9214818125088978,-0.3551327253294255,10.195439175113956
9.47,0.6391992732735543,-0.33040353662680655,10.663220167778007
9.48,-0.04081944241286194,0.13137538707561938,10.534907474626367
9.49,-0.5017613044685166,-0.6645601911269268,11.198526924472223
9.5,0.4771261595031922,-0.9306940368560475,11.522709511480583
9.51,0.04696785917641529,-0.017005454618570177,11.757097126232374
9.52,0.18893501348084277,0.538268176608204,11.82517315798392
9.53,0.31294954133768077,-0.4729605503663793,12.233765126725821
9.540000000000001,0.10940460328207362,-0.12244731241051252,12.330382386296519
9.55,-0.15467918369344014,-1.5731100826458904,12.70295191643348
9.56,-0.4601443368026124,-0.5886760142487957,12.558373693886413
9.57,0.7322519620659974,-0.14696199893657302,12.723603464749553
9.58,0.3098358117605061,0.4536422811041153,12.762926229154008
9.59,0.3342080884632494,-0.9587893143392148,12.876612413980522
9.6,-0.31354104755985795,0.3125366172060349,12.36497606213116
9.61,0.3448267393355659,0.32592332126884355,12.613499893870536
9.620000000000001,-0.47269957347183456,0.5319066060392593,12.659665790253795
9.63,-0.3622114758942474,-0.7690502463607651,12.33751701599451
9.64,0.7643311562368962,-0.07014766240077606,11.975660409654425
9.65,1.0066851619916084,0.5068231129964978,12.035895608151844
9.66,0.42944664540221955,0.092642423299308,11.791670920644876
9.67,-0.9389277707755908,0.011308602387864443,11.430053440670982
9.68,0.29136553371554696,0.05885957556242401,11.004770225770722
9.69,-0.52268066558098,0.043888956499040864,10.758134364310708
9.700000000000001,0.3532775258722816,-0.25393587102567183,10.499006185154078
9.71,0.7250234274322561,-0.868584682224188,10.08204094369015
9.72,-0.05580556844417,-0.514271164242879,9.587363534077046
9.73,-0.8882421507126427,0.0844718967772775,9.421053390508115
9.74,-0.14609115846086013,-0.3811975232179367,9.19160846828603
9.75,-0.5370134939461862,-1.1301177276196108,8.796890006781442
9.76,-0.044160983510308664,0.44575769684391436,8.545537331149404
9.77,-0.22632575816636788,-0.4168778313105018,8.269230095499935
9.78,0.7548231692693901,0.7915086320478512,8.110695431970846
9.790000000000001,-1.140337892752698,0.4883587935028093,8.049613701079302
9.8,-0.3407100261303595,-0.17674084505578608,7.598227097691578
9.81,-0.20994879320257823,-0.5272807286935468,7.07676659789126
9.82,-0.34989187181395004,-0.5755533156211015,6.719933985450872
9.83,-0.06357883940709524,0.5848448640497479,6.969629101737987
9.84,0.18911953805748372,0.16783547944637783,6.895813066544677
9.85,0.9235192379898329,-0.19211534923041385,6.6493749001813836
9.86,-0.010101795775981304,1.1525278794643354,6.841041687968864
9.870000000000001,-0.9608168006787007,-0.47974809261714685,6.700106010875784
9.88,-0.08065843571009557,-0.9180448673907318,6.928596089212672
9.89,-0.21240093125894152,0.48001656993056585,6.909877359070003
9.9,0.47572150538114866,-0.10879605970041932,7.145138231210631
9.91,-0.1283766322750551,0.5939098337036862,6.985537275500103
9.92,0.62905700115385,-0.08796689097308062,7.37536467232524
9.93,-0.714350180483801,1.1555110911804145,7.643103567401252
9.94,-1.1509424272808375,-0.1460462909411124,7.703194707362899
9.950000000000001,0.27408861136764434,0.106560318473797,8.474870353797044
9.96,0.6052926659688204,0.42928542944346176,8.407536688232899
9.97,-0.32146991784153595,0.48929092574428046,9.010037125782324
9.98,0.2519650831569639,0.25915263553113166,9.027536403483838
9.99,-0.13162615006951928,-0.5735050983625696,9.426935172057393
10.0,1.0253675387638168,0.3495645966131926,9.977585286756492
10.01,0.500015732436436,-0.488631161466974,10.184143181374601
10.02,0.14590818512478518,0.3547708567837696,10.501620435391612
10.03,0.0928341031273132,-0.40365218599000907,10.83835015079534
10.040000000000001,0.7986823535336215,-0.05765090316908054,10.906423618516698
10.05,0.09179156894407242,-0.4758742141106515,11.349047363891298
10.06,0.11095640923357719,-0.5741085857809454,11.539607235789838
10.07,0.0548385407024759,0.6378327384379529,11.964219079474995
10.08,0.25102114431711986,-0.45386607439273685,12.077265576849324
10.09,1.2048236902656047,0.12648591593412342,12.346374577159107
10.1,-0.1341499510429702,-0.8040737302692357,12.502887272908914
10.11,0.39206656314500976,0.13673301104047625,12.635839357248464
10.120000000000001,-0.4633392594233852,0.37957381549420943,12.726592302417858
10.13,0.16471792176406116,-0.20608199947299083,12.686996334986365
10.14,-0.8324986296991367,-0.19111865145781282,12.641662713277968
10.15,0.787189778054232,0.37366737546881396,12.67669065754039
10.16,0.4937881330059065,-0.005549278997990238,12.875625949840572
10.17,0.05174345038959452,0.3403270030676948,12.672325843931354
10.18,-0.6059968326820347,-0.4471780252808016,12.5695675765426
10.19,1.0945390292199757,0.510371274264138,12.519579307572084
10.200000000000001,0.9366271103404249,-0.1745441191714285,11.934625088351373
10.21,-0.5544118632470058,-0.005882126650979021,11.957452780660665
10.22,-0.34832880087547624,0.041901505329956616,11.462529777303411
10.23,-0.32725377565439384,-0.1643369675197606,11.293168711514495
10.24,-0.28804420466166314,-0.1400235870536886,11.11576271939546
10.25,-0.18175681020587944,0.30645351816402017,10.969202773195315
10.26,0.11828338517848419,-0.8145062182063229,10.28180520017195
10.27,-0.5994421320749447,0.2399505087088757,10.049334151613163
10.28,0.4946039914933724,-0.6121294461975487,9.898045234263275
10.290000000000001,-0.04052894822212199,0.19557639176576708,9.163157910041246
10.3,-0.014555310364770238,0.539718850445792,9.108247275711427
10.31,0.7022173703390642,0.22060526358207483,8.684522641300571
10.32,0.6127413201750412,-0.191338900235938,8.289006172415034
10.33,0.03930967096068175,-0.17354648058320937,8.151367773996483
10.34,-0.20481409719942587,-0.2656393447010318,7.948070994568696
10.35,0.208695610671038,-0.1081968572620513,7.476279153386838
10.36,-0.1433892998503435,-0.3188686107411446,7.452297512664411
10.370000000000001,0.544162829068638,-0.3630352552899417,7.234235246864491
10.38,-0.644173039363065,0.2773467462434195,6.868004486236844
10.39,-0.227770325842619,-0.3208662446012483,7.168418295801092
10.4,-0.2201042092405557,-0.9948502968800648,7.0166236482869575
10.41,-0.12209261653518565,0.8141405690712277,6.679534287034791
10.42,0.01834886733664762,0.43927915225562386,6.714136949668606
10.43,-0.22023764485350722,0.6671792269671993,6.949661800848393
10.44,-0.6366568780171704,0.2287236511322853,6.829537726392736
10.450000000000001,-0.00886513268010916,-0.2885385585699454,6.734712751551868
10.46,0.45628832881662207,-0.2140770453154629,7.310458637555247
10.47,-1.0979340241139353,-0.23634261330822717,7.330719420559582
10.48,0.06455030350497996,0.07026341762041827,7.823299786436425
10.49,0.09078075165176651,0.19451906786588127,7.827621644112273
10.5,0.5006073472529564,0.2281297503656139,8.06529311653003
10.51,-0.28849223167710536,0.33744924819640987,8.752993047564244
10.52,0.008029517541152668,-0.5461497994607422,8.600098897595638
10.53,0.30644851838604853,0.16221463420887514,8.802169847858497
10.540000000000001,-0.21551350204723269,-0.07562132906401986,9.309310520009557
10.55,-0.13973619170029025,0.3489453796161834,9.781991676865218
10.56,-0.15756583076894054,-1.2882243123910133,9.775964932911343
10.57,-0.6679007659744443,0.519705361402411,10.151671729188832
10.58,0.2919097685530978,-0.36908580457092516,10.68632237130844
10.59,0.20856065623055514,0.19474470384088638,10.459735477812858
10.6,0.03616778856395619,-0.6510347324249872,11.081359223607762
10.61,-0.4348849979871614,0.45675039514742094,11.652040722633078
10.620000000000001,0.18300181184376568,0.9407705431611538,11.710024614879792
10.63,0.10512033489268813,0.11329886346867064,11.793850966368888
10.64,-0.2738335821716013,0.35503601560619513,12.537852750915947
10.65,-0.7279932434257372,-0.49282256728897034,12.217339766540602
10.66,0.22570356300228658,0.19963869289774114,12.49672678845939
10.67,-0.0011151572756686627,0.4303948198947334,12.630173289864654
10.68,0.3526500725918115,0.096029695669705,12.772529491720254
10.69,-0.5958427678037354,-0.06719363656875882,12.740785089532459
10.700000000000001,-1.2542788136502963,-0.4605467154369906,12.78193542349975
10.71,0.1680002035941908,0.03715043275829195,12.762317190449004
10.72,-0.09997449924047007,0.24562732060687792,12.662563902737164
10.73,-0.6077174473556713,0.45859540987105624,12.574686618201598
10.74,-0.2620083235027037,-0.6994287798240953,12.053712410836123
10.75,-0.20098214417321317,-0.27372741477032403,12.293210687789976
10.76,-0.40501733291576586,0.1140846017715047,11.801870847377394
10.77,0.33696047476837737,0.12137991257948956,11.444760440574541
10.78,-0.8677117500062987,1.02383862639926,11.709009033353984
10.790000000000001,-0.9750346391099056,0.3609604674310811,11.019284504616131
10.8,-1.1192252668374285,0.5386977441029396,10.931354023947163
10.81,0.17071455983693792,1.2223310783844528,10.466640295809956
10.82,-1.5922623976942396,-0.39238933797223446,10.148906834981702
10.83,0.10087959382501074,-0.06010349461007654,9.985618763297124
10.84,0.16040589618376944,-0.14291532572918475,9.416785839537516
10.85,-0.06597967291767978,0.6129557852078822,9.293757197555113
10.86,0.0439091166342566,-0.20443939385316948,8.965979126705385
10.870000000000001,0.390381519827032,0.7428083407373779,8.765947879949431
10.88,-0.25269383809114376,-0.22486856631321847,8.238698412018156
10.89,-0.004035531046552145,-0.2241152394806256,8.163272388832072
10.9,0.9567681973872211,-0.2516533018451787,8.004462888225241
10.91,-0.17975939271779126,0.28774752987334923,7.750674808878724
10.92,-0.14144416740949803,0.6837699947930816,7.396123845931292
10.93,0.3735676155027209,-0.24914507900964858,7.202965564348735
10.94,0.1493395911135918,0.5099490711027285,7.424431416739068
10.950000000000001,-0.021959847312370325,0.1436556505255394,7.229076910433739
10.96,0.10346510378335413,0.19162025837549945,6.71362313029373
10.97,-0.321871200133889,0.5952902187103242,6.939488787591844
10.98,0.02619983736915915,-0.8162160891630575,6.901893057380018
10.99,0.5007877045388966,0.07989082635106225,6.87127496207201
11.0,0.11527446062458141,-0.9441988959434334,6.969827295832852
11.01,-0.5808067182420982,0.4691228057473666,7.142849854814346
11.02,-0.4736181115918289,-0.7574297044573745,7.368023803018466
11.03,-0.7797346498359634,-0.15993546496929198,7.450844283304218
11.040000000000001,0.13491896285802185,-0.633721684520686,7.690041982520251
11.05,0.5247691848472356,0.43023507960776763,8.096549077875334
11.06,-0.3121043739736184,0.5323651508941272,8.208474996311306
11.07,0.7334390685085238,-0.9499696175063144,8.536603723986874
11.08,-0.2562182898264329,0.31407511286924267,8.914605744963373
11.09,-0.7933674824024569,-0.6304044481958246,9.335492371337557
11.1,-0.31578470255105273,-0.6524737392751032,9.608056438687115
11.11,0.13910426518980792,0.39228518639646087,9.818884123273943
11.120000000000001,0.047948412431882324,-0.01925738498260852,10.132257462650063
11.13,-0.01812483277213117,0.1449521057724962,10.252480793088461
11.14,-0.7152866391667246,1.010363129322125,10.806640211037172
11.15,0.2073104329208772,-0.12454843012732031,10.921762410703355
11.16,-0.29372115483685046,0.3843566773595286,11.221917973656533
11.17,-0.6748355833218525,-0.8617231330013753,11.751155178391336
11.18,0.10494946298241056,-0.34872149007239944,11.89286333186016
11.19,0.08027219002357225,0.25675585758518016,12.206218329105456
11.200000000000001,0.44423952850094645,-0.9477898492889887,12.23893930889935
11.21,-0.16459445086864252,0.11909989444542358,12.678396355820542
11.22,1.2141949291772618,-0.06120481974862651,12.650537434687033
11.23,0.532313829260073,-0.3302896899734699,12.901739867414777
11.24,0.3998632629983464,-0.5327111942682557,12.881850005087301
11.25,-0.7775908656155416,0.23758971031394202,12.8247873557898
11.26,-1.0803274592527767,0.22290763996501195,12.70905481989342
11.27,-0.0029705684837111656,0.6426017471307954,12.728306755007068
11.28,0.4224160570654676,-0.49152992992025263,12.753173180501598
11.290000000000001,0.6245952865725426,0.9444371090722943,12.602864414822202
11.3,-0.47546995918749224,0.5423738085822989,12.153646078630478
11.31,0.8657204351803185,-0.15326382229892072,12.289239212612955
11.32,-0.643363161102564,-0.3100478312930879,11.875863718175303
11.33,-0.3793882329336187,-0.8334410412518564,11.77586839742161
11.34,-0.37354945307345977,0.38845195282414124,11.270900650672328
11.35,0.349145951336443,0.575978768214374,11.17301616784373
11.36,-0.2051882130662726,-0.3974050839984808,10.643342046997725
11.370000000000001,0.6173122705109232,-0.04324180956298918,10.455424854514995
11.38,-0.3666576697903371,-0.6061076753234939,10.056380673545727
11.39,0.786904402184948,0.10979103911182785,9.71946599532106
11.4,0.06063137195463662,-0.07192430861793411,9.339012212768479
11.41,-0.28407817032630944,-0.062445600451571534,9.067466144491277
11.42,-0.019163953493178877,0.6302460006531045,8.504976026951352
11.43,0.39794525675785675,-0.8586693123069089,8.58634030574014
11.44,-0.28796719315653535,0.15706633096726416,8.305069947860474
11.450000000000001,-0.40401672340429834,-0.9737382193561774,7.821311949826839
11.46,0.48805013407599956,-0.25218612947092917,7.432109731450109
11.47,0.6129227183151243,-0.8135274979621152,7.321022413583469
11.48,0.6709546614420451,0.07844386421249427,7.369562180873739
11.49,-0.6365227567992474,-0.6389240445671583,7.16351020395229
11.5,0.18341783849485782,-0.5373404098795213,6.901777416976732
11.51,0.3168827410090099,1.2073366921016788,6.995026059868353
11.52,-0.7793517542043761,0.5119507731103115,6.655377059120608
11.53,0.22668179378509293,-0.6938295410050579,6.709051982486452
11.540000000000001,0.3214394963540353,-0.8798745961976299,6.899806809912567
11.55,0.9371737254737365,-0.25745831467821,6.879863517158433
11.56,-0.5575641183090808,-0.4071502022889471,6.9086293177568745
11.57,-0.03350385770296871,0.882128823209009,6.758771493982646
11.58,1.2929582857609092,-0.23513250587580986,7.408894752604351
11.59,-0.43973305816225927,0.6854504190929421,7.5612307389752385
11.6,-0.25999840600609525,-0.24030943812068042,7.484920332931204
11.61,-0.2471475450054005,-0.13336263058196218,8.096333903743705
11.620000000000001,-0.7490236861883044,0.1018722824140131,8.28697583127891
11.63,0.4305539288243291,-0.5840175510046942,8.633105909465138
11.64,1.214751329529969,-0.1716508267444249,9.050654236255275
11.65,0.3231816899501401,0.09941161494393162,9.126873035500406
11.66,0.4618458301895107,-0.48470779943620484,9.681054215552049
11.67,-0.69439277036943,-0.3753629298211987,10.0156486708073
11.68,-0.12697671812454428,0.06642630230299158,10.364904128251277
11.69,-0.3937606600194217,0.016786096847130505,10.827917885615596
11.700000000000001,-0.6130315762469895,-0.18552904065980907,11.00318388446722
11.71,-0.8328069480637869,0.019913996528886552,11.1278781399451
11.72,0.331806461022295,-0.46840810841268987,11.771564510401035
11.73,-0.518414784491543,-0.5898676340672088,11.603660385418136
11.74,0.3383299771457662,-0.7044450607540649,11.943130812920806
11.75,0.28219378074905616,-0.6592023886139255,12.082380526474171
11.76,0.1592145981547893,-0.4842190060740599,12.39513714407729
11.77,-0.5447285915219657,-0.422836423640984,12.723028434579158
11.78,0.7143120283972628,-0.0916605562097651,12.87023326057821
11.790000000000001,0.3930801217329537,0.06764159289792297,12.8232206159582
11.8,0.8096601391504626,-0.21906134165885566,12.702671525747627
11.81,0.6675984569956387,0.5644227528720155,12.713167780095475
11.82,0.2171030496801165,0.11400100003322551,12.669578412124974
11.83,0.7202903281307477,0.4492292413090117,12.829009117106818
11.84,0.1568788680211592,0.6024873933252994,12.439250721661836
11.85,-0.1346979391612302,-0.13061403151804737,12.558598981443428
11.86,-0.3336279616176765,-0.24894875939287686,12.244128641407924
11.870000000000001,0.052694115438113504,-0.013751664011779085,12.063631097140348
11.88,0.05589333910695909,-0.5307357509136074,12.02479335988787
11.89,-0.8612599387323776,0.38278906915819755,11.46141800815822
11.9,0.12936345223512144,-0.18035269452902022,11.494520311727271
11.91,0.6434192422282937,-0.6272494110570409,10.72791938765937
11.92,-0.264558137794921,-0.6018611709185407,10.495141252461517
11.93,1.1709537270515515,0.123186541292464,10.051152785119422
11.94,-0.3913299220920403,-0.11344097214430611,9.838715671931842
11.950000000000001,0.22653928969851686,0.4369041981100183,9.699060755993836
11.96,0.6167670911512176,0.371284528777142,9.385590182818735
11.97,0.6103468760502632,0.7478341077597946,8.990958508111188
11.98,0.2872121513010001,-0.1279291432103766,8.66594279373821
11.99,0.105069351497365,0.4548610850447682,8.14581892884902
12.0,0.2938404417451215,-0.3404165523020167,7.837619468183655
12.01,-0.6435263857868265,0.2428084255526838,7.819585076759989
12.02,-0.16977852763614276,-0.41436480052440394,7.739416904387599
12.030000000000001,-0.4772799386214734,0.5271398745249062,7.274781993060019
12.040000000000001,0.2800717423874578,-0.10706427322013247,6.962842378206601
12.05,0.8134314273738898,0.1898801694203848,6.780678470672777
12.06,-0.2416102280266403,-0.31873543860932335,6.801757326308093
12.07,0.039312686953252574,0.5885570335846363,7.070976339111621
12.08,0.943970111738411,-0.13644386812561068,6.770970651448372
12.09,-0.0426391263825501,-0.032449678101132466,6.652831793109691
12.1,0.15762992621637403,-0.5468548994852374,6.761717621189268
12.11,0.11850866275233837,-0.4524780311327013,6.862874620064595
12.120000000000001,0.16736470555613386,-0.6703648770727968,7.094118494420497
12.13,-0.8265231798079876,0.3233319753057208,7.109227280385159
12.14,0.4419574738355878,-0.41571709342558066,7.2618081091866875
12.15,0.30618734568312583,-0.24815549216615118,7.584891570054311
12.16,-0.9329176283637842,0.39686878032855655,7.9291326639810915
12.17,0.9747193015449527,-0.4968834560049566,8.236929715724754
12.18,-0.05108967470065075,-0.3900284833015753,8.503840220575606
12.19,-0.6781716678503305,-0.13899539290071958,8.662139824409643
12.200000000000001,-0.056239984310742286,0.7303313321345642,8.799668785801405
12.21,0.38305934036325323,0.038272563402500605,9.266851706514526
12.22,-0.33361811274670466,0.2060184038879911,9.767221922661385
12.23,0.3084802390319277,-0.19510048282836928,9.863508296825731
12.24,-0.08197559670045443,0.45667712482107325,10.437022824990633
12.25,0.4352603212719972,-0.48049823735980546,10.638554590748232
12.26,-0.030396950503623597,0.05407776973685869,10.955802149954382
12.27,0.2459712962753743,0.2625506482167417,11.51124465254784
12.280000000000001,0.4090037322016954,-0.10546448167377641,11.656600787565596
12.290000000000001,0.14240749613483897,0.4364588581341218,12.086498343362381
12.3,0.34164749942258565,0.08887522681572581,11.970651780132954
12.31,0.01753722003551141,0.36851479100110746,12.482195298946047
12.32,0.17610322137199405,-0.20552606812933027,12.617886333990105
12.33,0.7310957356300921,0.44450176182384193,12.166951155981911
12.34,-0.23569078477952424,0.13967197061968856,12.701654591978588
12.35,0.240417715938868,0.48801611126535,13.007677765281972
12.36,-1.1271389246871488,0.37441323520972136,12.91647173978665
12.370000000000001,-0.03756496867678325,-0.2921658468403236,12.71865487745871
12.38,0.3984423505579923,-0.4735762869246356,12.69688581210381
12.39,0.22864859639399387,0.43104258703782894,12.445837597798656
12.4,-0.41464632846820537,-0.20633325293323448,12.545425030907097
12.41,0.05071715644177983,0.5718535781886339,12.084007633200262
12.42,-0.09150693910701375,0.012246639804492905,12.00656928481194
12.43,0.34758450956235737,0.36026474874837944,12.102481685697684
12.44,0.2904880070541313,-0.3041109691006387,11.679989327290809
12.450000000000001,-0.38822601182215605,-1.3162262710190187,11.352966477605033
12.46,1.115192350740164,-0.04187330736878258,11.09546063149509
12.47,-0.5084003917363814,-0.43827313147001556,11.209742735442047
12.48,0.4846355606354722,-0.6031170263887964,10.628090481461877
12.49,-0.1623669913282983,-0.5487377136849253,10.022222948431109
12.5,0.46677453509352895,-0.12309661974882169,10.050012462573559
12.51,0.8306376881358607,1.0334944774908639,9.44811160469328
12.52,0.5243301432199631,-1.553119844445722,9.238145257156008
12.530000000000001,0.11553604477120466,-0.14927487951039142,8.713546798516049
12.540000000000001,0.17300264607129354,1.1146272800415642,8.347974301799505
12.55,-0.16118455846654417,-0.5045921240682564,8.31280651425138
12.56,-0.16406502661954783,0.45350468553313733,7.8015929037229315
12.57,0.5409242063361897,-0.9448997571216516,7.548195251047425
12.58,-0.10038439240021751,-0.03602833386191301,7.575809848464027
12.59,0.22237670889878405,-0.2879669938539387,7.072706200161736
12.6,0.7353825334937611,0.13423421664218832,6.8726310423397825
12.61,0.2567769436009771,0.2697383872197294,7.040463244468268
12.620000000000001,-0.5001546274757347,1.0741025191406046,6.5742133855914995
12.63,-0.4898916712071452,-0.00598759193190728,6.702388100555907
12.64,-0.6547184768084612,-0.35039282245145,6.745389950588472
12.65,-0.4955193629419911,0.15645741527065637,6.621859847566009
12.66,-0.40596922557871584,-0.0051808794000179305,6.717496223045168
12.67,0.23781992022849346,0.2708557808359438,7.0836793663036195
12.68,-0.45470386313610894,-0.5364499729981472,7.162343687464517
12.69,-0.2566953851446846,-0.10418965698293277,7.1455591596285215
12.700000000000001,-0.9165659190017083,0.08497252689696543,7.567883106577895
12.71,-0.4917022791025603,-0.366764958306852,7.946931848713184
12.72,-0.10985374353026604,-0.10532745009614314,7.783846435426092
12.73,0.04672468807646045,0.3382020629505631,8.26586976788179
12.74,0.5952923522365311,-0.6589113974892455,8.853370959150057
12.75,-0.05605497867436164,0.14551508505153835,8.96462300023242
12.76,0.775282529861077,0.743418155440653,9.322877827071883
12.77,-0.9543278062716323,0.9665842906833929,9.506423509772748
12.780000000000001,0.5236867374058073,-0.13664422311619956,9.75569572290937
12.790000000000001,-0.15472071303680884,-0.053509330439812965,10.38487662628552
12.8,0.5240025848453517,-0.45134546328293673,10.64412840311887
12.81,0.6220042279994817,0.46870198706672217,10.861507158354472
12.82,0.2859815214647067,0.4780335316750366,11.108939223140965
12.83,-0.4228523584275761,0.32417460056250963,11.208468065201698
12.84,0.139734743600182,0.19480277675731705,11.764553819076186
12.85,0.45333641290570204,0.11015850302178225,11.883148967579674
12.86,-0.3383101341430935,1.2021676876622998,12.184922814355474
12.870000000000001,0.3237376713419415,0.6868596922911666,12.492416559216519
12.88,0.484170332523965,0.17435500295975143,12.668723923718295
12.89,0.08170867711144573,0.05005326870925279,12.772443779596818
12.9,-0.525037771503183,0.7303015586778537,13.085121402016858
12.91,-0.3355262522446422,-0.14552098434765953,12.966244480158865
12.92,-0.09486257782450266,0.4923312895886337,12.685956691555864
12.93,0.454386667969124,0.48294367378789704,12.643209945681635
12.94,-0.07520375666407586,-0.4319074351280317,13.045367525188169
12.950000000000001,-0.4203489479052124,-0.10860964418414921,12.489830533920816
12.96,0.6130872750133789,-0.9220232537857721,12.440253377924883
12.97,0.35017577520933607,0.5590869107870027,12.532326656048735
12.98,0.5580310025670758,-0.07709984099841531,12.320051523382649
12.99,-0.6734630811560668,0.012709017916355383,11.81780361998867
13.0,-0.6217458881682418,0.13135649098361543,11.599647219108249
13.01,0.29048612256591566,0.11245997469151603,11.032915629332772
13.02,0.09899186593845209,0.0431809483890125,10.83786869543329
13.030000000000001,-1.211707416604885,0.5466488154838833,10.600268917893473
13.040000000000001,0.10842167256240576,0.8259787443647778,10.324220151502525
13.05,-0.40272982256571055,-0.24989030701556061,9.939873487179375
13.06,0.48106456146333365,0.05748092255207546,9.672111142697046
13.07,0.38583085929839694,0.3445558055211945,9.640993731499657
13.08,0.2334956230840006,0.5140007128448527,9.050795322582873
13.09,-0.5782524641245955,-0.047128275476924,8.706968791597808
13.1,0.4542443479072046,-0.30256781857338777,8.355012931078562
13.11,-1.0378179666288954,0.18551178136435298,8.041495748983296
13.120000000000001,-0.49589534480111247,-0.6829746310145063,7.986906087728704
13.13,-0.8862055237794375,-0.30616876101417706,7.413487349120126
13.14,-1.3789525731068433,-0.0677472271777739,7.332145319088537
13.15,-0.4776613493196093,0.4678643545189064,7.006713375205744
13.16,0.09420952387717359,0.7503966202211514,7.037837834785133
13.17,-0.21490850125940292,0.2210589262615225,6.931774533576785
13.18,0.5447877781107406,0.48493096635980115,6.9780181435933555
13.19,-0.9888730049573967,-0.5562067588307394,6.983438373304421
13.200000000000001,-0.3691562413112698,-0.3675553857981586,6.905379464710211
13.21,-0.4650799771930805,-0.2965959588343622,7.089645889475939
13.22,0.1391351140477664,0.05687628824652587,7.162710123143796
13.23,-0.3514408984011347,-0.18200175413371508,7.086608261110663
13.24,0.2516819020892666,-0.5163088400897482,7.245450765385228
13.25,0.03758330644444909,-1.9596781837109198,7.082506763119894
13.26,0.30749210208110067,-0.03371504610627122,7.635497128634619
13.27,-1.243176445936609,-0.39492241517066634,7.829478999659463
13.280000000000001,0.0036085789057088906,0.6299233088505081,7.8449188708372155
13.290000000000001,-0.44412174867587506,0.3780234428670361,8.323180298727742
13.3,-0.017002935412654047,0.6622415472169849,8.83923993696179
13.31,-0.43429072044126493,-1.2395733469015235,8.831659332182795
13.32,0.400264407693937,0.2053600266094226,9.543265907340446
13.33,-0.34902768804829704,0.031089690347269126,9.758149349800904
13.34,0.47307434769476137,-0.02762027369741599,9.991722203047278
13.35,0.1515867768976142,0.16896522009267317,10.340794850680378
13.36,-0.10930130028529188,0.1434852113845446,10.815613810368466
13.370000000000001,0.06229668737965662,-0.3501784371924807,10.794010165214404
13.38,-0.4090880300898696,-0.24548427690084842,11.616983895891833
13.39,-0.7055493794639697,-0.7429053966114548,11.471702019742395
13.4,-0.6972636019606886,0.08118138330099031,11.73884883149401
13.41,0.45322115220012493,-0.2438802356780048,12.270442762612745
13.42,-0.4360032008058321,-0.0030182934944853385,12.410295547839205
13.43,0.11478715283317423,0.1840734236048825,12.66321810078811
13.44,-0.25290511122378345,-1.0552634976365523,12.759883988449483
13.450000000000001,0.11859349975244732,-0.08900810931204252,12.762208872705616
13.46,0.23328875458441814,-0.2669145948338164,12.579926655096493
13.47,0.14940597227044253,-0.6744452544026387,12.728126581344101
13.48,0.695040446139237,-0.41245095815533034,12.818166732122775
13.49,-0.6569038490001831,0.6561700888767313,12.736987771583689
13.5,-0.783859764418413,-0.7437017966334664,12.345252125783064
13.51,0.5978069174100397,-0.7325624283449012,12.686978715958231
13.52,-0.4819932246869957,-0.25611015533068004,12.632251337876712
13.530000000000001,-0.2562037016746901,-0.3824968358379754,12.401585475747291
13.540000000000001,1.2225251331539204,-0.3250407425611278,11.80824813069218
13.55,0.45375000267581334,0.12170888150283063,11.77766698620684
13.56,-1.3805108945753706,0.25587206572763,11.120208327515057
13.57,0.3889323956671125,-0.6808473254615066,11.39865236956754
13.58,0.14643259291639102,-1.1186017454504888,10.542947233056715
13.59,-1.0518816658320174,-0.5394983426213574,10.57107330555824
13.6,0.5147043471958578,0.4827016698877513,10.350386653986448
13.61,0.5292741542594955,0.18312341701775553,10.031396379289738
13.620000000000001,-0.5084055877646794,0.738540774605534,9.550510432653276
13.63,0.182125480823586,0.5513039774414663,8.950131162867809
13.64,0.3328184572207199,-0.35705635299467436,8.821992801621713
13.65,-0.47499600691247235,0.41554332870505456,8.482414354177026
13.66,-0.18590868769257463,-0.7147842921317046,8.27972998397314
13.67,0.3860894895726387,0.16501402811262314,8.094583058331347
13.68,0.33580392554913985,-0.5517035594049432,7.791356222949746
13.69,-0.10536747030988922,0.3856255506922963,7.782855578949403
13.700000000000001,-0.6501889369238617,-0.19793403897535977,7.366173851762278
13.71,-0.4664324750854013,-0.7120478184523877,7.043461619054997
13.72,0.18928021641953338,-0.6432826175046571,7.215525325145428
13.73,-0.4025356711788247,0.28006030073645183,6.829240171898565
13.74,0.6955846016437958,0.185049401671572,6.861445595083131
13.75,-0.06778972264337951,-0.054866654226331114,6.827116688954542
13.76,-0.7078092896493453,0.3493062641623635,6.475181364693433
13.77,-1.6308625752583714,0.6524220378114978,6.917942374653897
13.780000000000001,0.015209834075915975,-0.276993313643387,7.014444385346503
13.790000000000001,0.3159205870658534,-0.8968742777702897,7.070328487055039
13.8,-0.1277924179035806,0.4367407968757742,7.245823177205087
13.81,-0.14908984919850096,-0.3026372770696246,7.271952571270667
13.82,-0.393923049596473,-0.5259613327389111,7.704419586929168
13.83,-0.3424716605710521,-0.053898923042734734,8.171859983689293
13.84,-0.524340726652463,0.5205800611040373,8.197885674914412
13.85,0.49732745533251765,-0.9205654602786567,8.44434326258189
13.86,-0.22342883227843413,0.6464186428717213,8.746009836356796
13.870000000000001,0.1397525278891781,0.5088427164426067,9.466541856461959
13.88,0.190737181915296,0.08883166239254836,9.295628332114818
13.89,1.1584800305798697,-0.12959658995717246,9.964440584750609
13.9,-0.12368680883724013,-0.41538516100669803,10.192711471464937
13.91,-0.023270005356884293,0.3230329719164478,10.797631454589744
13.92,0.5913358744357872,-0.6741208450021006,11.030618582656098
13.93,0.5595483652843096,-1.0425714608424146,11.13190194437574
13.94,0.6286463815949845,0.25786181856994794,11.20796274456633
13.950000000000001,-0.04551854267095617,0.5293178272502985,11.926717945736874
13.96,-0.759042038418459,-0.528423949530169,12.179633624810391
13.97,-0.3269825375117564,-0.21731167399121393,12.016235896765753
13.98,-1.3055991510282878,0.26964900538333175,12.48436499316174
13.99,-0.8253153703010087,0.4438148390448156,12.410202929726088
14.0,1.0552337117719441,-0.25193250879722784,12.53674100293075
14.01,0.43779669281590033,0.10664685790442621,12.498168144237322
14.02,-0.2685273066948027,0.5661371415997817,12.928336611554409
14.030000000000001,-0.33565996859433406,-0.9105097355949509,12.839721831764797
14.040000000000001,-0.48595298284987604,0.3170966785906718,12.845559236696198
14.05,-0.4710637316206171,-0.3087335670148288,12.923620723894901
14.06,0.16511990145906974,-0.01355632699290047,12.70328052285885
14.07,0.4089936921925363,0.27803585896980404,12.552093759966043
14.08,-0.08329649822861541,-0.242982174458064,12.404178779447424
14.09,0.6148947276385754,-0.7022641837925861,11.927641756403577
14.1,-1.2589465212297464,-0.1520980122159515,11.848471547593755
14.11,0.47778819536487355,0.4144811398335021,11.412775715975666
14.120000000000001,0.9324839414104965,0.06919117252046457,11.175882638316036
14.13,0.324162188501373,-0.19786023310778855,10.994946831916863
14.14,-0.374337279150245,-0.5153494457135515,10.850407887457283
14.15,-0.22824562581679295,0.18327201021624834,10.670876045841993
14.16,-0.658834214936036,-0.10136678955182697,9.863201442149894
14.17,-0.47999733461058386,0.26754015801848485,9.712929014444027
14.18,-0.9052630407496528,-0.20288239925338603,9.338686667206865
14.19,0.11758096993457742,0.262069939855872,9.0965608244938
14.200000000000001,-0.22242471371039624,0.6012272777436837,8.782987824292286
14.21,0.19147007984775283,-0.46026441839512533,8.442251378148368
14.22,0.30496691570584583,0.47345393683262293,7.953116671252586
14.23,0.1067348856234156,-0.5049414155000121,7.889444046184034
14.24,-0.44569500026014225,0.3233401447452065,7.721309654887125
14.25,-0.47241523130559443,-0.8020246977122024,7.295940392008216
14.26,0.08037043958775698,-0.4497500728117911,7.486173474530032
14.27,-0.5218368593435192,-0.8455059072462915,7.0040674806103755
14.280000000000001,0.21571909812317902,0.1901415839290325,6.8293556032786755
14.290000000000001,0.3048551864808791,-0.14584017708746788,6.890763852173569
14.3,-0.02984142675897159,-0.9726916531155403,6.767281392094244
14.31,0.058594233628527975,0.03613336733909434,6.598713208066127
14.32,-0.12494813089866957,-0.34760189038132455,6.836018649397956
14.33,0.30548517394832353,0.574060785252766,7.153272351376489
14.34,-0.22292993031627242,-0.3105718009851934,7.325148227112582
14.35,-0.06530325899359016,-0.37304445833054917,7.086023740794776
14.36,1.139582621481297,0.031756474466361845,7.48677343839469
14.370000000000001,-0.47636226002159066,-0.4268132875812181,7.582055981955437
14.38,-0.12750313645827985,0.4431601056904195,7.844547392145116
14.39,0.2944990979822455,-0.9970064754835647,8.257387571715284
14.4,-0.24034255001275165,1.1902598711609527,8.482549706938238
14.41,0.13743388879147764,-0.5640998670992277,8.683810775798772
14.42,0.0832322778207966,-0.09154981687757313,8.84183255059514
14.43,0.21446196088092462,0.6950757112362784,9.143491378180421
14.44,0.33107503347405387,0.1802042298333266,9.639664328893543
14.450000000000001,0.9786752689054968,0.9915435228145962,10.036913557708006
14.46,0.4166994624238794,0.4259959064551872,10.400544960764723
14.47,0.3890124595109636,-0.7232771530800512,10.77235319041631
14.48,0.5217895180286976,0.10720650268138,11.121058769831352
14.49,0.13081971835975434,0.8162868345336092,10.917720520131645
14.5,0.9168852754434442,0.6803893907990699,11.698871806831823
14.51,-0.3210144898340379,1.1647161328949491,11.668881257875958
14.52,-0.06476822274626162,0.20954651975108146,12.229864428421825
14.530000000000001,0.33715252068119733,-1.0248584605144384,12.321094442076648
14.540000000000001,0.012972210234020731,-0.22232317688635417,12.541457651972932
14.55,-0.2895044471436417,-0.12173722921229965,12.508190595434156
14.56,-0.2379561983792549,-0.5012392424085113,12.73854261470474
14.57,-0.0325445171742818,0.3705301690736884,12.48587334730519
14.58,-0.5701329333989357,-0.26423838320175774,12.962155410427451
14.59,-0.3424069382910467,0.013272269004568849,12.741850889985724
14.6,-0.1577063590631332,0.35367011614917937,12.358499707961533
14.61,-0.37504383477726544,0.13801061466141157,12.823816167288827
14.620000000000001,0.41732404220072467,-0.37971348395656596,12.797239576860596
14.63,-0.2923336167863277,0.22600254299328165,12.260350824117888
14.64,0.3159410760752716,0.3651638789090734,12.386607437481521
14.65,-0.7708604157840986,-0.3856384500411568,11.87444256459741
14.66,0.048759926848549115,0.23056101890865607,11.401189790218465
14.67,0.8025852896266076,-0.2261950292536508,11.416942978322705
14.68,-0.32473000033569366,-0.5469057346647476,11.227660049663447
14.69,0.8473710313247383,0.22418892284082081,10.889268305546468
14.700000000000001,0.8538512362917265,0.24065232585349927,10.561609353918724
14.71,0.19857080992980117,0.0022973693187624575,10.257834300718224
14.72,-0.08244989908969874,-0.7794532874058606,9.907873635873408
14.73,0.3663987864262202,0.07174911219132334,9.50404066482914
14.74,-1.0677026178020679,-1.240214503082454,9.110662852483829
14.75,0.09139908314652087,0.5737082407929515,8.833078889743193
14.76,0.5031654837099058,0.9242604778323799,8.504122372096486
14.77,0.1831328888279924,1.2391854621416383,8.211243005140286
14.780000000000001,-0.13222615294861167,-0.03566279734111126,7.810766092223335
14.790000000000001,0.19639496893874123,-0.039855526879501675,7.637650924883982
14.8,-0.21065106525467445,-0.25985813608785685,7.500794199990375
14.81,-0.2196945716868576,0.48704147074461646,7.333828716439059
14.82,0.23886930290200997,0.21874807242208646,7.108871385418428
14.83,-0.07478811846435085,0.08488925973876907,6.956249439903094
14.84,-0.15945831144433764,0.6022114810496425,6.9652722822918145
14.85,-0.7592422670009606,0.32611730947263456,6.945826195148829
14.86,0.6433742679497125,0.18112781419515006,6.902248849193626
14.870000000000001,-0.5447991865540377,-1.0509906645242793,6.55266058624177
14.88,-0.3876182065385518,0.7593864615563319,6.799884865607274
14.89,0.08423662931196443,0.09800361128614551,7.06455327307108
14.9,-0.053272340407085866,0.1253084827876332,7.162828441153485
14.91,-0.6871586736859548,-0.615003200214074,7.348988144811614
14.92,-0.26822073087044457,-0.18817747416007033,7.488287429793032
14.93,-0.12253149652723917,-0.34496899352390054,7.537362448025401
14.94,0.5964445232331173,-0.07053546133742486,8.100310595978987
14.950000000000001,-0.39855398165297673,-0.6598698298245502,7.988581283931058
14.96,-0.47751381186857467,-0.8824628654648861,8.636516368910803
14.97,0.10176419085140645,-0.17913859452838632,8.79908509674499
14.98,-0.2716832941699966,0.5857769353389342,8.906289583508817
14.99,-0.470710887577245,0.7852874608521349,9.40200702529647
15.0,0.24242285240600037,-0.15025985606819592,9.98056276197752
15.01,-0.08043625476800223,0.639964495395789,10.05030890414583
15.02,-0.018537566281719507,-0.3527259999524164,10.291221923325956
15.030000000000001,0.5457533927860524,-0.27774501503403753,10.755140091005183
15.040000000000001,0.02621286507304146,-0.13971446929992987,10.988636056171606
15.05,-0.22417939705792925,-0.4467869646981679,11.21989038805274
15.06,-0.7796853662367313,-0.12236577951048619,11.748704746706117
15.07,-0.6209801614124333,-0.3975337842500221,12.0543328777675
15.08,-0.23558050754077522,-0.8678515846011857,12.076105583831165
15.09,-0.24615817233672274,-0.43142676187777684,12.431526883930788
15.1,-0.6527382870754096,-0.034425741733696315,12.456427105160115
15.11,-0.2078195283609823,-0.4744125622612096,12.626337795610699
15.120000000000001,-0.18182949895675551,0.058492417452986126,12.750314732353477
15.13,-0.8235125776068868,0.7773621247754772,13.008845582152707
15.14,-0.31306562573782987,-0.40678768299999324,12.875896962387253
15.15,-0.7862066270621925,-0.18653278336748103,12.626477137662455
15.16,-0.8209261062022174,-0.7314969385329859,12.792269584106531
15.17,0.5370373702751644,0.2802907586057257,12.583023332426126
15.18,0.28326863227422844,0.4354667613467236,12.411570211117668
15.19,-1.042920517240486,-0.5737371316889226,12.186619916498449
15.200000000000001,-0.5882333537933959,0.8973722184793358,12.107600688943874
15.21,-0.06849522169998916,-0.32858990009547745,11.87194005214538
15.22,-0.2517530085183998,-0.7913028382144511,11.563463538402175
15.23,-0.02590353004359619,-0.9244488893227792,11.134646499729811
15.24,-0.026831790544529995,-0.3690810861671889,10.787050899019459
15.25,0.18911090492981122,-0.20121189251529556,10.746248656927076
15.26,-0.798144780008609,-0.47164500667993936,10.425860654561696
15.27,-0.050408119294164465,-0.03053071073504105,10.391022892755071
15.280000000000001,0.14450615037549816,0.9255352650673878,9.697810262265474
15.290000000000001,-0.6581554617726331,0.15428457225163536,9.539842739821779
15.3,0.08789552602315231,0.1161087312256386,9.233210896853354
15.31,0.575927512140239,0.06669203468768592,8.721604350551594
15.32,-0.27370429441546906,-0.5264313604015055,8.432780568651204
15.33,0.13889869610718011,-0.5708696280842033,8.064896589943801
15.34,-0.039376822540207,-0.4069509817781348,8.125105996909339
15.35,1.3546141345398426,-0.6259115914930365,7.386829292047452
15.36,0.49140433130570754,0.7385287877498573,7.389352123091736
15.370000000000001,-0.14797738619879958,0.23513159211643903,7.4158481975370165
15.38,-0.9305068100967964,0.15287995650899758,7.038124472637225
15.39,0.23651331023814234,0.042705007273355626,6.849765740793287
15.4,-0.1383786201179658,-1.1216535790127489,6.8880706433557215
15.41,0.8810801465098493,-0.24035803280502724,6.887571501120546
15.42,0.8976697035822532,-0.7373092728868645,6.887248043131204
15.43,0.7327809792131816,-0.7385936534425002,6.876291263026573
15.44,0.199563894203449,0.7255919563993604,7.016368751454832
15.450000000000001,-0.6258452787900917,-0.09624771116722668,7.152525700735066
15.46,0.5271854402572308,-0.11539039927947763,6.987093883838253
15.47,-0.007257434548081912,-0.15715189166064003,7.272568433327553
15.48,0.6839516543886122,0.5821860940500256,7.667699556728474
15.49,-0.15140726548595007,-0.6071119903703037,7.847294579308988
15.5,-0.8107723229002469,-0.07518401824735131,8.071834259374809
15.51,-0.9008584269245843,0.13195856382259705,8.422689809172835
15.52,-0.555882954832021,-0.05761121996563401,8.768702059693494
15.530000000000001,0.4787031871003934,0.09130489780485887,8.816235153730107
15.540000000000001,-0.7391866930071896,-0.08773114743388515,9.090889161252576
15.55,-0.01711731479724784,0.3978560504627895,9.438576222309313
15.56,-0.35656319348827725,0.5326929616530796,10.229534073909708
15.57,0.6767465395221619,0.17722296691070444,10.129746609597431
15.58,0.028814486065066577,0.08284770901614331,10.583667738170197
15.59,-0.4853593261084744,0.5124603715305389,10.911515541702654
15.6,0.06598591171327596,-0.29923128516963476,11.399920047086477
15.610000000000001,0.6381243412196921,0.03977109382053439,11.271969945431703
15.620000000000001,0.17606766816171773,1.3887811649241377,11.792145370659723
15.63,0.13100004677234975,0.5874933289338535,12.219981688299832
15.64,-0.7739531039932859,0.7723921034197847,12.416252716480127
15.65,0.49291108723997024,0.14616646507508516,12.490316839297053
15.66,0.08242546447398219,0.3543636294086666,12.536090757396375
15.67,0.47865478897371605,-0.4401971784526017,12.949735531753502
15.68,-0.13783639615478463,-0.22040131895182014,12.509265756145748
15.69,-0.2878314616001536,-0.14929133503435596,12.943358661099829
15.700000000000001,0.705809898666149,-0.08284573314903616,12.870306868581695
15.71,-0.5734491056750611,-0.7137084305188034,12.842348506248772
15.72,-0.40057320787156914,0.832589762572263,12.715436691588309
15.73,0.10197806149581028,0.20265758234627657,12.591472564214673
15.74,-1.1405943043242734,-0.7958351082988826,12.550169463378923
15.75,-0.05256191589491362,0.30473624843498137,12.054094264827265
15.76,0.6647597437672909,0.4336818558883488,11.82555656024277
15.77,-0.5673333301128531,0.6641598510570933,11.794125252560463
15.780000000000001,-0.7747334392529891,-0.10414274934144445,11.509629466132559
15.790000000000001,-0.2130051135008722,0.3387123599623319,11.236660820846977
15.8,0.6128889710049514,-0.3252062094260767,11.14293860557984
15.81,-0.27652440278614004,-0.061584042508184014,10.49562811583577
15.82,-0.8368026196379479,0.4388928820244017,10.363374581533412
15.83,0.4598681055291037,0.056495690898989474,9.970737703570856
15.84,-0.08863944076285105,0.04192028639755309,9.9290039437673
15.85,0.09121646642552474,-0.5805156012659028,9.027528058518012
15.860000000000001,1.369027643706856,0.35660727673657583,8.826974187519076
15.870000000000001,-0.13858259550154758,-0.3239331194174701,8.522762187754108
15.88,-0.8917120247477429,0.5552028380537016,8.487220829583359
15.89,0.4381003703305258,-0.1182880047255131,7.883297265202081
15.9,0.6830470084761655,0.27861995961706193,7.995050132141402
15.91,0.05810542853488002,0.20213546421703754,7.752388713935875
15.92,0.29964080206733834,-0.48355312610770557,7.438054200046666
15.93,0.2048112008455282,-0.903865436898212,7.201197059593426
15.94,0.3005628661537231,0.5670948118289717,6.763586444289682
15.950000000000001,0.916651242345521,-0.9738161226538801,6.921572942645864
15.96,-0.8236734109873197,0.5670032888502888,6.614014974099296
15.97,-0.09583364492141645,-0.7312040674176408,6.746553473708375
15.98,0.24287256144149078,0.9271197468488119,6.8420642825649365
15.99,0.5692617522589677,-0.17793867676187172,6.814104136001876
16.0,-0.8148654376254472,-0.39168144536771454,7.0894512944459
16.01,0.052431318908907266,0.45695196979813046,7.050305665875592
16.02,-0.14727392786046475,-0.32746821337442444,6.995132698378357
16.03,-0.48725823953499,-0.4578813282412674,7.259020220151879
16.04,0.6936248618479233,-0.14248058911504707,7.447986666818776
16.05,0.3636055532661578,-0.017267719517405373,7.840263474089025
16.06,0.624195740745537,0.5352765944680684,8.347954688350075
16.07,0.5362122620409127,-0.35026942847575465,8.530712258951878
16.080000000000002,0.1512107639379443,-0.03150668377986091,8.816997651213466
16.09,-0.5218260417784304,0.4540954352201334,8.89769579995591
16.1,-0.7901035787068457,0.08765615230365591,9.779374877255682
16.11,0.10288477630157046,-1.799136655467827,9.758062406021661
16.12,0.001538061145389619,-0.8213591263635932,10.463622045028453
16.13,-0.49132762401557806,-0.6054412523918602,10.305908112820772
16.14,0.013814299664738716,-0.1990786264852679,10.677653857341209
16.15,-0.26143068095504807,-0.30095048764583465,11.467287098235175
16.16,0.19036447522606376,0.4140367620135522,11.214274792995512
16.17,1.1357792152614152,0.4905916079505007,11.71638471237484
16.18,0.07294785109224673,0.08642106440895782,11.857219118224826
16.19,0.2973595145214276,-0.35187161794707905,12.01337505374741
16.2,0.2881155057551518,0.4969704610996001,12.65714571599873
16.21,0.891584832145872,0.22759874290046067,12.347596097077512
16.22,-0.17898055806988647,0.7742474338451824,12.763586857918149
16.23,-0.5197090159828888,-0.4452161623611155,12.8892275079823
16.240000000000002,-0.20285555583471002,0.12199103394570826,12.629063713238713
16.25,-0.521166013765594,-0.8095116688667113,12.515416206371846
16.26,0.42008590356125125,-0.15387833618585894,12.513737946970462
16.27,0.04657844073633936,-0.5036935795580407,12.60364309818858
16.28,-0.7474420149942249,0.5205466528815639,12.662371307991476
16.29,0.2804832035366678,-0.5109992958748658,12.548532074274693
16.3,-0.7966170488514636,0.09853508116308045,12.304626790381105
16.31,-0.4270662592376578,0.06279883945452694,12.119590917003515
16.32,0.2690185621517274,0.33248141130800607,12.054057013153546
16.330000000000002,-0.820049562693063,-0.15233208944335538,11.768801786031425
16.34,0.3858081169644789,-0.611031278812108,11.432337023655153
16.35,-0.5288964379938614,0.05312708065342367,10.9847928069792
16.36,-1.0554658278200901,0.4566174124593862,10.87946674626414
16.37,0.2623985907811553,0.14137303978619606,10.463202781379426
16.38,0.3510571267338665,-0.6244991636817014,9.988909872472023
16.39,-0.19715166431286396,1.2696113178276855,9.675767498793151
16.4,0.16282722950220133,0.08646253420185143,9.608297463072766
16.41,-0.6005669979281621,-0.9179488086991295,9.367310303316344
16.42,0.33505230204534525,0.4954338876585161,8.68661222061181
16.43,0.9647080334995832,-0.6955818411963564,8.143140128580084
16.44,-0.548450557488534,0.17483620956795085,8.248936517346209
16.45,-0.5314528991400392,-0.46060793217830676,7.75223860682341
16.46,-0.26524991231957185,1.131086711900985,7.748947649460215
16.47,0.6917462877580215,0.7341003374017682,7.361635212401309
16.48,-0.4242104542190526,0.30544438213614566,7.56185980339246
16.490000000000002,-0.03599747011029333,-0.03077683924042093,7.086518763746103
16.5,-0.2661061916668716,-0.1310788012641608,7.0822580562815824
16.51,-0.3494114534174934,0.5411973961680215,6.678176783154674
16.52,-0.3470662504740882,-0.342632481733776,6.3887054568058685
16.53,0.31488609141130497,0.655315758604666,6.821247099910463
16.54,-0.21992943747185334,0.3211684270034425,6.8679101864253225
16.55,0.992504948719743,0.476561072060796,7.002295461955439
16.56,-0.3000963912726878,-0.3068363188889953,6.913941454581899
16.57,0.7957640572233534,-0.8203045958396216,6.941814877862794
16.580000000000002,0.4874046886391747,0.07089591187766633,7.068137996035344
16.59,-0.4779411552953048,0.4242628822885403,7.59564360417135
16.6,0.5433216057175816,1.4723221858092932,7.852902321128
16.61,0.3966776629084917,-0.11347565405709246,7.874921301567997
16.62,-0.1443335325878466,-0.3106727940460123,8.209925202050087
16.63,-0.11623841336161214,0.26959396225643345,8.482052876521688
16.64,0.41958216852724123,0.8756176660254347,8.624594132836773
16.65,0.031217187677041635,-0.3264293824900509,9.267723397550213
16.66,0.33323231729715497,0.4668434388128758,9.700922000908324
16.67,0.28993148498252963,0.44810365108612676,9.87956809140015
16.68,0.6617693470383903,-0.48945429068676,10.037305921664673
16.69,-0.2174237771029112,-0.6234878685815735,10.55277623635215
16.7,-0.4516042113859297,0.7624092945143394,11.109037061647543
16.71,0.6771145213289725,-0.1117528234007556,11.531597705755923
16.72,-0.3331293434840279,1.1525980280754053,11.542171418269385
16.73,0.6748975990802303,-1.3824447024238222,11.65141611295449
16.740000000000002,-0.058950572559718376,0.3333162903383839,11.714703033008979
16.75,-0.34816478140136753,0.3055010319302468,11.99516056898956
16.76,0.37086576800023613,-0.3584807351137517,12.397218131480566
16.77,0.33765406823630056,0.8538783702617475,12.594560356627971
16.78,0.7412522152024419,0.6119982463895156,12.714061355714103
16.79,-0.5076293156088492,1.3413627424508225,12.71424638377059
16.8,1.0720241314435937,-0.13126845091691236,12.562596869570676
16.81,-0.11252127955257074,0.6540718293995665,12.559742480358638
16.82,-0.10319353742673805,0.42404039666842674,12.782156487272234
16.830000000000002,0.022013760292067003,0.041225160412732643,12.56239783246117
16.84,0.23578744268635776,0.08556497138994577,12.770956951734968
16.85,-0.20286412805253087,-0.482579130647393,12.210083127105737
16.86,-0.1381102137455077,-0.1605147323729375,12.502082440702138
16.87,-0.1946969496117529,-0.5426322083339756,11.93784900893871
16.88,0.721506525027736,-0.1947702347861126,11.831513952507528
16.89,-0.7413177085031813,0.13800459711238225,11.566192399662407
16.9,-0.4970027230135049,0.5473741746343823,11.1936598898264
16.91,-0.12170609227215899,0.20759590865960778,10.637314859871234
16.92,-0.07795102206948855,-0.009499777067454284,10.5464964985893
16.93,-0.6370538580197406,-0.3211444645160641,10.516280524989751
16.94,-0.38561599922140816,0.2688664720749751,9.75861396328011
16.95,-0.26919166024075114,1.009189196018068,9.335312069316558
16.96,0.36593039997374305,-0.4975604691546737,9.242099798529736
16.97,0.21086824327105944,-0.6562707554634832,8.883084152778718
16.98,0.4906447855948206,-0.5843505542494002,8.431952735778399
16.990000000000002,-0.2980316457376502,0.8025872599354853,8.208932068140038
17.0,-0.5827384450974094,-0.4120201434333713,7.964482380682003
17.01,0.3767738649486942,-0.44496431304247436,7.712070406117143
17.02,-0.30022472018384966,0.9104495373148817,7.561661931145883
17.03,-0.6338017709658614,-0.7385766667599539,7.435401694963118
17.04,-0.3459888217568735,0.19692962141862708,7.211187556471063
17.05,0.007887684854801551,0.4658021260656094,7.061932852620016
17.06,-0.9808095074430552,-0.004103930497096064,7.155876526829687
17.07,-0.2156397802807204,-0.5031105573920902,6.998340249537051
17.080000000000002,0.5455522733026016,0.1312740025301909,6.365205559054365
17.09,-0.25646687586053546,-0.31928161629705804,6.7540490226740095
17.1,0.3497560132168009,-0.6004074557971549,6.616655719236392
17.11,0.7002691823839923,-0.5548844365913761,6.832035896139471
17.12,0.16278259108075302,-0.45252910163772075,7.169937561863711
17.13,0.013413830145839509,-0.3144324269441751,7.178051829810089
17.14,-0.0038632381922476125,-3.2103537175860435e-05,7.3310406558921315
17.150000000000002,1.1023041590462845,0.05808246894428525,7.810639847167053
17.16,0.15353299186343855,0.7361384629539809,7.633265424049752
17.17,0.30129527625526104,-0.4217899883103822,8.115300998017487
17.18,0.48149801291370603,-0.1454400604867384,8.50357424696202
17.19,-0.1982495281938974,-0.27965197779045026,8.734384569547055
17.2,0.44328146517270633,-0.389306489591622,8.8794390568324
17.21,-0.9869957280215895,-0.7001970540967987,9.383243993449184
17.22,0.21731108347666012,0.27205324010382015,9.84573653997535
17.23,0.3057556842768689,0.655185187273405,10.117141085637149
17.240000000000002,0.08010786130881249,0.5646282933277614,10.446783655404955
17.25,-0.3261865038347356,0.13955192634342972,10.773168187555116
17.26,-0.08794190724610397,-0.1693354369214395,11.063405496751512
17.27,0.6866280171741197,-0.16507346383194185,11.157129480986978
17.28,0.3027943409863086,-1.0814151310028706,11.577425565123555
17.29,0.22425862481675257,-0.15274116324544354,11.945585571389705
17.3,-0.06344592165055092,0.5359053760598275,11.644363347944758
17.31,-0.5752472411908084,-0.1388231241872789,12.426160815003556
17.32,-0.3852148576497129,-0.2963999212351507,12.532137941772604
17.330000000000002,-0.16452043874127134,-0.7001421594785904,12.453574616324502
17.34,0.2079204253312153,0.08411721214164268,12.602942683752385
17.35,0.586884036045265,-0.528457527263824,12.745767909494884
17.36,-1.1347384115902588,0.4203491276673616,12.861778376487493
17.37,-0.46497852376350157,-0.7720588940723677,12.72874905391234
17.38,0.073293847432794,-0.14226457574135737,12.906854836899123
17.39,0.9315795651325279,-0.08139861638987808,12.70326375685431
17.400000000000002,-0.6968454009364137,0.7437081289156942,12.396495446515948
17.41,-0.22153156442834454,1.2355746887859895,12.282306157533464
17.42,0.6452598465811652,-0.35622917420370825,12.1930022399342
17.43,0.2992483762388708,-0.12006970304860934,12.0438631363682
17.44,-1.0417007804625291,0.07267767301534324,11.785076405198614
17.45,-1.01516875426987,-0.022767561379229324,11.392841322186396
17.46,-0.36920654935675473,0.016595923103660416,11.133771557084122
17.47,-0.7995791704944152,-0.7084911953116273,10.794693477360742
17.48,-0.05335586144607785,0.3155756484892958,10.596110771637832
17.490000000000002,0.5577168817063873,-0.24582522428383902,9.990632477174504
17.5,-0.044180784390623645,-0.45758938609656913,9.890426403918218
17.51,0.10407889369621164,-0.40002373224152177,9.18357038591946
17.52,-0.6407041304631012,0.6030156069924691,9.194842661027305
17.53,-0.4098102225727507,-0.07387917058500576,8.839973288780145
17.54,0.3213325128342755,-0.597431585839004,8.488596577260642
17.55,0.26158132679622664,0.10425303099826377,7.872628215513344
17.56,0.49878989784561506,-0.7170352823812073,8.15193452664265
17.57,0.26451098033419723,0.2752499347739749,7.800154640130987
17.580000000000002,0.6418241498367474,-0.09408213973854751,7.444951953552952
17.59,-0.7984786758430596,0.4474382651891626,7.315822654225652
17.6,0.5982456274400259,1.1549030035417287,6.944611519925118
17.61,-1.2633829579801772,-0.19401964593478477,7.035546058033099
17.62,0.2908119543251481,-0.8034636159852772,7.102208701363584
17.63,1.084220943518615,0.26831047183326046,6.63843411059938
17.64,-0.19715360378819877,0.14267806259439944,7.204150489848271
17.650000000000002,0.22282382613620547,-0.1864719785420556,6.758116552027209
17.66,-0.07538647872013046,-0.5943396734540478,7.009215982197279
17.67,-0.5451912760867581,-0.24187648456982005,6.859881809765102
17.68,-0.07630971655785061,0.20196113868935273,7.1770365724666885
17.69,0.1979686190722179,-0.8570987915208397,7.09632497152507
17.7,0.06655415041014812,0.12921554441198183,7.3896111696327
17.71,0.27850850835971025,-0.47311865806925185,7.6847534905659
17.72,-0.10409763891797198,0.5241590621025348,7.87783586535416
17.73,-0.8196213626863744,0.016200680190331954,8.220466903606587
17.740000000000002,0.7057974650489172,0.415876837432848,8.703266186582027
17.75,-0.03394229945334119,0.7099791977345739,8.681386233785169
17.76,-0.6255936113356353,-0.17434399301831952,9.021507082433656
17.77,-0.42679160962367413,0.18256019725552217,9.543505298583003
17.78,-0.4081880696703787,0.673584812011556,9.7907618356542
17.79,-0.16402062437733034,-0.2812394386034237,10.062808513640945
17.8,0.03164664583841562,1.0195318242703602,10.565874579985293
17.81,-0.35876766057904924,0.6965190044871767,10.784580607791465
17.82,-0.9548600748655672,0.6091988404300648,11.229160611309103
17.830000000000002,-0.3102816130017409,-0.3729652030983918,11.464662838740379
17.84,0.8154383592320779,-0.6692899304545631,11.71098564934114
17.85,0.06212552107337174,0.9848869310498438,11.97666988859335
17.86,0.575860134225128,-0.35711865282471217,12.358187016824848
17.87,-0.5795287358947866,0.2407848705496906,12.588885926145077
17.88,0.04624872210483748,-0.11206698980567997,12.521782874469084
17.89,-0.09153102551021301,0.3730940023133068,12.510098498794685
17.900000000000002,1.1715720918378312,0.30864089253814364,12.52016801186462
17.91,0.816512514215514,0.13493652498621558,12.456439977774671
17.92,-0.8521782250620599,0.3584771615845221,12.621475025256714
17.93,-0.23897898191322306,0.2049742457330028,12.638107278951049
17.94,0.6010327474465135,-0.2292084574486893,12.688264584168397
17.95,-0.5601805744980345,0.7916169728937131,12.307248633559583
17.96,-1.1521006495707846,-0.05794043465146749,12.661327359504428
17.97,-0.07772688410921799,-0.0843188690465367,12.430131154751423
17.98,0.3423699907351984,-0.11463333857558904,12.249529695976037
17.990000000000002,0.02393393289675847,0.19693571646328248,11.749064892150223
18.0,-0.14263796348383478,0.37279793672646927,11.599955946039366
18.01,0.6463346678559242,0.3147710235457645,11.13607737685356
18.02,0.14179459954886017,-0.040150519868999146,11.206592435351887
18.03,-0.3583200579938523,0.1096309556344959,10.473104028028875
18.04,-0.21021008004391672,0.7280014235833416,10.248025378544773
18.05,-0.21268660867982894,0.8224888105325301,10.201883939852316
18.06,0.4286457698556908,-0.5647199399947321,10.022738862372977
18.07,0.176495801429651,-0.7146947111778212,9.298329532577121
18.080000000000002,-0.8151987607880884,-0.4665032031978777,8.91900905959655
18.09,0.2585350644689691,0.5418552035600138,8.284592922887526
18.1,-0.6405169490668916,-0.3915834956145182,8.611306780173525
18.11,-0.21738376161004075,-0.7485662263424652,8.11350921643214
18.12,0.6972629159869798,-0.5869562181267333,7.519373274621888
18.13,-0.8362107644910088,0.381682958947875,7.692880097749031
18.14,-0.3685837221215226,-0.25328041160669335,7.443064440154334
18.150000000000002,-0.23118507619332185,0.5063712699315538,7.117920016395095
18.16,-0.6121304022590828,-0.21278825697397322,6.941092924159758
18.17,0.5892440181491021,-0.7532629935141475,7.023435783967202
18.18,-0.2807873547409198,-0.4623348112639319,6.875033967448578
18.19,0.00904476255266599,0.07590333554134464,6.876814176487591
18.2,-0.09431297265140841,-0.568370310527807,6.98989402460666
18.21,0.4307096829896451,0.1200422354365055,7.0252854894242756
18.22,0.20275163381855824,-0.0720300616792835,7.038511598768731
18.23,0.5651057455420399,-0.28589967995440907,7.127097163515364
18.240000000000002,-0.5333718993104253,0.46284334927469356,6.997721027424533
18.25,-0.1661907488864352,-0.4713873174366022,7.205630141822181
18.26,0.45018781742874986,0.4149191255264221,7.710239055626105
18.27,0.28493992049044115,0.7979768171240094,7.927323149508157
18.28,0.32260089562903854,1.225640758901751,8.175920413760037
18.29,0.09079557529389735,0.582451824339163,8.513940281977133
18.3,-0.3862614124826748,-0.06711732120982929,8.612525839939497
18.31,0.11184137239889008,0.36681149756108755,9.102213995963806
18.32,-0.1027649007604588,-0.580828507213513,9.200991080813294
18.330000000000002,0.204651149403841,-0.20822405207378095,9.696286473014586
18.34,-0.36349446757527987,-0.27913634466742365,10.165379309072884
18.35,-0.4686505842494514,-0.520256170673407,10.260614273575037
18.36,-0.13329233992810915,0.468133301070994,10.984060934755535
18.37,0.47971857528955547,0.5503066811390781,11.178831231224509
18.38,0.6245767486602125,-0.1808250160407116,11.516685678070226
18.39,-0.40552374863192514,0.03472731022851891,11.562041488986415
18.400000000000002,0.2792954345783077,-0.627585764078904,11.645298902162471
18.41,0.19408651401441032,-0.7046166619978579,11.982539058425548
18.42,-0.9226137678818758,1.0776302830049258,12.374537743334201
18.43,-0.29171651171128704,0.4308013808547098,12.422558891433633
18.44,0.42021447682642415,-0.7241586737370682,12.711191602623652
18.45,0.45302816906188537,0.19894431782128766,12.72831772099264
18.46,-0.4926895472157855,-0.1943053589774835,12.682921214109761
18.47,-0.06811129820002372,-0.01623431053297426,12.939184861208822
18.48,-0.5058726858718559,-0.48213220932628204,12.991162532420187
18.490000000000002,-0.6666631715741934,0.30859645499358246,12.629742775302155
18.5,-0.2823719635904523,0.2979268797269308,12.729955692188607
18.51,0.3264536090895122,-1.0490667906235571,12.553807038928063
18.52,-0.4522927145886129,0.011402524355913936,12.414711917522686
18.53,-0.1243991431092092,-0.43967066666506815,12.166355076109165
18.54,-0.7892023577922633,1.2043571974930274,11.773024860034262
18.55,-0.14240407774955216,0.8851275094085082,11.92370053287897
18.56,-1.063851497389233,0.047875052600023386,11.282644260140854
18.57,-0.008491874613989018,-0.8738597611277443,11.01455569754743
18.580000000000002,1.0245622355856696,0.1347092300130521,10.932369358387062
18.59,-0.04202210444460645,0.3997619293471813,10.53647821104751
18.6,-0.25917621324126616,-0.48939616127457974,10.056594144401267
18.61,0.556630878206141,-0.1230121272043276,9.739066013178007
18.62,-0.3578085103750691,-0.1639631940196528,9.475110231820763
18.63,0.6316411664629479,-0.12026490360980542,9.098566343238542
18.64,0.03338736871785696,-0.23376031900889582,8.934148119185833
18.650000000000002,-0.15237394625762443,0.3280641547661505,8.348029257566251
18.66,0.6313670389495972,0.3203355821295284,8.278974211988723
18.67,-0.391824176799031,0.16399329550613614,8.176001383411169
18.68,0.21273163399710654,0.027095040347005158,7.722254419488083
18.69,-0.34236282650275596,-0.050939443820383574,7.331369084076487
18.7,-0.4419199210885653,-0.2801036361433104,7.158560451227721
18.71,0.7991298672865235,-1.1285759413819032,7.1083339167116675
18.72,-0.07419217687503352,0.5132267075549962,6.87739627923898
18.73,-0.17703004442024212,-0.3821235028375138,7.061609722440759
18.740000000000002,1.0341499691444023,0.5749056632989505,6.543108513820537
18.75,0.3381595631935031,0.5316619498645601,7.045844422703562
18.76,1.0232572168940552,0.17089794645946657,6.515417596411804
18.77,0.6149821282718785,-0.5062952859418869,6.870268050647767
18.78,0.44767009590948814,0.07653463161907523,6.808582561641788
18.79,-0.40629672037628906,-0.15383881624374993,7.22481173111708
18.8,0.6678040930284079,-0.6084280027774445,7.150911172007403
18.81,-0.30949700680953046,-0.6790062876440855,7.294652918127726
18.82,0.46166073566779436,0.40145429131276805,7.641046343281063
18.830000000000002,0.09450386896672461,0.14060923993379015,7.884769855164457
18.84,0.6467878192589186,-0.33669470035682453,7.93422159027326
18.85,0.49015240393046294,-0.45497081933405475,8.590839546871074
18.86,-0.523282821251576,0.3522008501854369,8.478275346876638
18.87,0.48067562959685145,-0.35632105351874827,9.340429267069421
18.88,-0.20980178371919783,0.22813019904198908,9.449405124210804
18.89,0.316781784067273,0.533062210087393,9.98064913654724
18.900000000000002,0.13994451827536308,0.01462928176374156,10.085915972924749
18.91,-0.10329522035066029,0.10143657742471744,10.390530931049646
18.92,-0.05617304953948698,0.16041923032028463,10.931690990739451
18.93,0.29365195814405193,0.2893588948817813,11.057528684634116
18.94,0.43880409415451466,0.4209566503953633,11.207042128052773
18.95,0.5231607099402242,-1.0675772597265256,11.699210437895156
18.96,-0.5302612822370949,0.622896782729571,11.754366633805958
18.97,0.09969587703665206,0.2280103751670636,12.18003511261856
18.98,0.46606041503560136,0.049876116245416095,12.579420893773081
18.990000000000002,1.3412786842448396,-0.20552008438619487,12.674718168370378
19.0,-0.14519274068212296,0.4164059058182218,12.653447308556862
19.01,-0.049998512639712764,-0.6430151478943084,12.714707347967448
19.02,0.7640734124693436,-0.4264400842850385,12.740883017980446
19.03,-0.2569390504939239,0.3113173319738041,12.703420758484125
19.04,-0.20398969444396273,-0.1623381062359118,12.824645359513353
19.05,0.7729477487369024,0.6426579423720522,12.682066718975081
19.06,0.42047181864126804,-0.3651071323477895,12.545731954575741
19.07,0.3732826559331405,0.3035889707891673,12.504916507388756
19.080000000000002,0.036116524007756265,0.5490905560794489,11.989031187866276
19.09,-0.5740601825825862,-0.37528568282006025,12.380799560014156
19.1,0.02794451479979086,-0.28828779530974685,11.948161394163016
19.11,-0.04665147142695207,1.0627182901667682,11.384650450977237
19.12,-0.8742615609181615,-0.6078080093024503,11.32812658159671
19.13,-0.08629788983752656,0.8333961422124581,10.839356534815131
19.14,-0.06828591159068907,0.7508313526438518,10.610234493653318
19.150000000000002,0.27614209455027655,0.520633740661699,10.227877530244983
19.16,-0.13844374841176704,0.26823636958789343,10.189759541809932
19.17,0.3747164303701539,-0.19147953178238042,9.398819431918954
19.18,-0.22160161983900076,0.4485434420726897,9.296164222175365
19.19,0.7346823515809546,-0.07888324464497025,8.770116036563254
19.2,1.19486847440425,-0.1345529744533884,8.692558898750617
19.21,-0.4047688029271527,0.604805853190694,8.340232000789788
19.22,0.6157348782167029,1.2154239614968692,7.887185164985132
19.23,0.42322325455634663,0.9680156723396242,8.0462028949572
19.240000000000002,0.5004373347980824,0.7585612972370878,7.82197708552913
19.25,-0.09001181340230761,0.030328107345662932,7.288321641488363
19.26,0.07553872387832736,-0.17810380162589634,7.2677379648012685
19.27,0.2042110864766598,0.39629015933143613,7.0169834561029365
19.28,0.11318490987295737,-0.5403975454732083,6.960950739138002
19.29,0.7496066513625312,0.008910889540524105,7.076126641027905
19.3,1.154272101790809,0.27442242882336765,6.765623722646815
19.31,-0.2593297810663769,-0.5284856995903108,7.072614252717109
19.32,-0.6032529724815751,0.6448497675112518,6.79671293936182
19.330000000000002,-0.4677040593225774,0.3836299238833003,6.8998838950902455
19.34,0.7396831549282544,0.4911550514006842,7.3081659951291424
19.35,0.24818149668642986,-0.14461515008325182,7.21236253946677
19.36,0.0609045928420719,0.008363602983333942,7.046191002792318
19.37,-0.7222116753121951,0.23105707963062785,7.5958969949631365
19.38,-0.13378683984829168,0.1304085774459116,7.609686413224876
19.39,-0.1502664785329978,-0.08729750092039482,7.817891455653702
19.400000000000002,0.8622200054183932,0.1879814782102197,8.213342548163066
19.41,0.030701384145195517,0.22841893192857005,8.709574770552976
19.42,0.564979821631671,0.07740281403548993,8.814139045586257
19.43,-0.20607973258428613,0.14793133710707693,9.101899728090384
19.44,0.3883259000495752,0.25867388713995826,9.592302815636563
19.45,-0.09664867293595032,0.5597846823875956,10.049063155828128
19.46,0.38243583841218814,0.1494486027152407,10.22061243431911
19.47,0.4931288977975557,-0.27032545563789395,10.459092329615556
19.48,-0.6956139023223319,0.40422793182340727,10.648217108409744
19.490000000000002,0.666981960826647,0.5834754685894752,11.161751651456667
19.5,0.942729971209619,0.10177692979083651,11.690002023125757
19.51,0.8370334437533355,-0.20866996096339135,11.97631195753604
19.52,0.10274920844630572,-0.6521865610394625,12.181225859939115
19.53,0.5080250689913114,0.37986939326817726,12.244304106553292
19.54,0.15680031033369432,-0.9654545213994148,12.466276386862889
19.55,-0.1371010513296051,1.11770321131158,12.77948497449569
19.56,-0.40283925321304614,0.1573091176702508,12.565843302420255
19.57,-0.32445544172631,-0.7270730118173905,12.820566570624461
19.580000000000002,0.12247542856518172,0.34869630663691736,12.517233958516771
19.59,0.013791806837994663,-0.5263094501193549,12.893821350099266
19.6,0.5546381285660602,0.02076609315274134,12.679205296374654
19.61,-0.29981485114018475,0.22008566756763032,12.491248918986411
19.62,0.43299815489679105,0.624903262999417,12.661648610102828
19.63,-0.810356821744162,0.47491371810724214,12.225085008753778
19.64,-0.1942075912408548,-0.04684375747742086,12.074608702895246
19.650000000000002,-0.12672099571051276,-0.33019448763796894,12.217428645492062
19.66,0.4171251643015196,0.1122746387386018,11.584264122055913
19.67,0.8887536847146564,-0.9939256182548116,11.372226095454458
19.68,-0.5765579542360387,-0.325558991705578,11.076251407762514
19.69,-0.46836214423507094,-0.3327073416699686,10.986955778988644
19.7,-0.19270935699709402,-0.15276749093089673,10.27068290689673
19.71,-1.6756729557650436,0.3896435041532146,10.400930224502119
19.72,0.5168650278336366,0.25697678435551496,9.838887206725493
19.73,-0.024650879328733943,0.6825497818393522,9.488916457127214
19.740000000000002,0.9298794786198223,0.8784123026250032,9.066367845920656
19.75,-0.4842108235583122,-0.008353492472816115,8.851131317725066
19.76,-0.07575962932585215,0.09251811885804231,8.777432285394314
19.77,-0.7846840667826711,-0.24573475564609332,8.28860925662247
19.78,-1.1877940427829876,-0.003067132086081814,7.836328078135967
19.79,-0.3654558538932755,0.21170324341079103,7.666936808164147
19.8,0.6267322308494652,0.34035435414296883,7.568628231659583
19.81,-0.627782653785378,-0.25564428901377445,7.30021464070171
19.82,1.131916847343304,-0.3544857580449762,7.079879138814664
19.830000000000002,0.3983296875557289,-0.26987480718606005,7.0744843640101385
19.84,-0.20001449176763844,0.11435236005950133,6.939267804022617
19.85,-0.25657634852790534,0.24384661355731105,6.661998493841302
19.86,0.5997503360279188,0.5123663841042324,6.512999414545308
19.87,-0.2848559193091966,-0.17288505682130784,6.890220179540696
19.88,-0.14279122926809262,0.30196288859968684,7.146812247494607
19.89,0.8572431862246371,-0.3951299423532809,6.835595375875842
19.900000000000002,0.5206070568686115,0.3870477895912384,7.064367085013561
19.91,0.054505340599778226,-0.45399019741906127,7.450128761991694
19.92,-0.025940550756096376,-0.6035437902327399,7.702079798405963
19.93,0.8091512795069649,-0.4360646076657325,7.675178351523609
19.94,0.5015020922566045,0.7294006170283321,8.104384707237688
19.95,0.5867541267228803,0.18383617456812446,8.305114710670097
19.96,-0.7272134049701169,-0.0580091146721416,8.40528034049187
19.97,0.3349391170551583,-0.06795637628963865,8.498719623742936
19.98,0.4729124404831801,-0.474851521186767,8.990773582912281
19.990000000000002,0.21975454575782027,0.008862262073553649,9.516815245090479
20.0,0.29192369917929784,-0.014424048265993708,9.862888225131485
20.01,-0.6980147173213261,-0.23673521169646256,10.33434094399734
20.02,-0.017828684019283437,0.515396283502898,10.829324675568973
20.03,-1.3161213324930856,-0.4882177447476154,11.15060484456899
20.04,0.39318906293757727,0.5397885124615758,11.41478501447237
20.05,-0.24478301807659372,0.8314993406286599,11.745458608360563
20.06,0.1003988140032561,0.04962706314507149,11.443172156718028
20.07,0.5064221429915161,-0.26945683389086145,11.430084009014637
20.080000000000002,0.5006945573118636,0.1935627762359793,10.940149287163457
20.09,-0.047247779653650006,-0.47939182444572437,10.549086490831082
20.1,0.3762788160105645,-0.3026401127822446,10.469624009762736
20.11,-0.4076583285396837,0.4604357123771525,9.74026727346044
20.12,0.4748237278132627,-0.5615087020320082,9.361516485197148
20.13,0.36415283592616465,-0.02163235700622658,9.205580397433119
20.14,-0.018116430095487152,0.5883393478753903,8.990708305913195
20.150000000000002,-0.5430764839289514,0.15558302411319022,9.557265834410558
20.16,-0.25426189585469655,-0.8970697074130334,9.774820363613202
20.17,0.037467217676016455,1.532156284796566,9.969339366177605
20.18,-0.013618446617205425,0.9462562631324015,10.544664727782552
20.19,-0.38713949226967936,0.10502207979735484,10.871525236224924
20.2,-0.011848668277118701,-0.21246452984273007,11.434581981373666
20.21,0.3169532952729795,0.4047952273846704,11.463462928874705
20.22,-0.4621931677200985,1.242088330600241,11.84013261503285
20.23,-0.5062504929091894,0.5720297320406619,11.98152900306647
20.240000000000002,-0.493681787230217,-0.23056066403584916,11.597120792739437
20.25,0.023289254369445872,0.03687793569551358,11.05026205864957
20.26,0.40154693993358437,0.27099142430358186,10.760873416726183
20.27,0.6389395614749742,-1.1570211786477673,10.312809996324654
20.28,0.1713352468010023,-0.19409830228540378,9.513988188330398
20.29,-0.22881225368940036,0.0987434731311129,8.847448773537637
20.3,-0.5997588931440135,0.3597088711444215,8.24232086098646
20.31,0.27302972895127464,-0.19353638246964555,8.104134635031864
20.32,0.10020716310933277,-0.2107335494305089,8.177678044527228
20.330000000000002,-0.13444650341365003,0.2636948813402804,7.619647981478424
20.34,0.8077139972557204,-0.20763677292474336,8.270790106729764
20.35,-0.3912888246943336,-0.15903143086092245,8.485111266819498
20.36,0.30824345207260573,0.40308813908951435,9.11759336498286
20.37,-0.5519203314049016,0.3264429297639638,9.330493534202896
20.38,0.186176347623956,-0.551241017570132,9.455464762071838
20.39,0.2682060580524953,-0.23155593046270642,10.424570036915657
20.400000000000002,-0.5846078651152088,0.3423335936731324,10.168618814659197
20.41,1.2064142101531528,0.008830795611349007,10.521864863589142
20.42,0.624692565427638,0.32588913336223746,10.27616866086772
20.43,-0.7987992331167018,-0.11034767991809674,10.029442089839714
20.44,0.11276477609731288,-0.4025079009950553,9.674430614697892
20.45,0.3073167728020265,0.06284333640869652,9.115972950077477
20.46,0.5271094246298984,-0.8713710057413571,8.75285350289057
20.47,-0.22707053562085694,-0.35775995119508724,8.341409791473055
20.48,-0.3806579085661563,0.13984447160778943,8.085643977432737
20.490000000000002,-0.36078183329285163,0.27596112291461683,7.799632545787959
20.5,-0.3081102770505536,0.19284465408659918,7.8187970967065645
20.51,-0.10786358231451475,0.6820840058593235,8.144451917392024
20.52,-0.23204071950781538,0.37281486748746945,8.156690564242918
20.53,0.15103583558970618,0.6853348017036418,8.79044212468688
20.54,-0.460375723288001,-0.2593730472031711,9.433154152179409
20.55,-0.11890956931100873,-0.44188654968781343,10.13345569035063
20.56,0.1102444815337858,-0.5837076031225632,10.558313076075429
20.57,0.3816223008220779,0.2646927514045115,11.086442386049395
20.580000000000002,0.443874754009926,-0.496133945564153,11.388579430978695
20.59,0.6160357468251456,0.7372731715214129,11.827099430649112
20.6,6.260345444137027e-05,-0.13394695760733785,11.611987273544242
20.61,-0.10823655644803369,-0.4583562229227119,11.607841841621191
20.62,-0.035382189579273846,0.24864448278158977,11.187869608289573
20.63,-0.5228891258373629,0.5117194631567432,10.803188600038792
20.64,-0.42714594546594997,-0.8856478963871275,10.163246742984807
20.650000000000002,-0.8331769846705571,-0.044854917161474904,9.916197074260426
20.66,-0.522361391004782,0.7963861915034246,9.534669632306946
20.67,0.024512236563625858,-0.12662317338736234,9.066652893114476
20.68,0.7983059669349463,0.043418223786755396,9.079911197879136
20.69,0.4403797942768112,0.2887817021818663,9.190344889546749
20.7,0.05044858798265723,-0.05925878096853212,9.255392875742649
20.71,-0.38556078033588265,0.5113234353318676,9.660408269116171
20.72,0.532015866933107,-0.025291078947584356,10.510069275200454
20.73,0.2642553939699461,-0.11257304064014959,10.614873769044246
20.740000000000002,-0.0962660993698624,-0.12252477412762992,11.09333261895638
20.75,0.45954563776635565,-0.18901999551838816,11.379411300023122
20.76,-0.5609019852213187,-1.2708764572350797,12.005109672043233
20.77,0.09707394307262537,-0.6420978826110955,12.022001351606722
20.78,0.3831340157288546,-0.6545859288634199,11.811149288656798
20.79,-0.8206009933744025,-0.11631868686263838,11.476890505854563
20.8,-0.14041753003389765,-0.2996316628703246,10.939208913423442
20.81,-0.11421119522750305,0.37678670219798566,10.410582640624689
20.82,-0.8096561731796544,-0.024429328016149686,9.739894039888018
20.830000000000002,0.027902758825397816,0.10150482260154699,9.336939441764821
20.84,-0.12647568417934973,-0.15267037567436684,8.809214372456182
20.85,-0.38706529824062974,0.8909477320993773,8.43174129411886
20.86,-0.38705689795520826,0.005182927040069254,8.35182477973027
20.87,0.6251595481991833,0.39748690466183434,8.079584359814914
20.88,-0.520367669590028,0.045350624510921304,8.17542649309887
20.89,0.5890964063237428,0.23753169694515872,8.493079631328577
20.900000000000002,-0.09531333195769376,0.6330111576389378,8.4890806344247
20.91,0.279432436497722,1.297044915122069,9.161627748367835
20.92,-0.2596262835299292,-0.41608487186559556,9.377775085070235
20.93,0.5068019550950378,0.048631808734518396,10.229232818430466
20.94,-0.3151780620456616,-0.3658246832625251,10.199612529330528
20.95,0.4523528071569703,0.5185328335441215,10.67577578132856
20.96,0.5738063740176417,-0.275504301831874,10.541244058023068
20.97,-0.49021723227744274,0.8319666466168634,10.108561839290893
20.98,0.35066240631437645,-0.3045378676715822,9.610650762360349
20.990000000000002,-0.3349891873911525,1.2292267130154824,9.257634733159867
21.0,0.5569109299684195,0.3176570953425501,9.099857315822907
21.01,0.3683852508280661,0.0018443572887774135,8.42460235530633
21.02,-0.2841084969151734,0.0027259447474314454,7.849897260389853
21.03,0.06607500672861341,-0.7859690072583648,7.760588844112223
21.04,0.13946468944006807,-0.782026198005757,7.932196901295156
21.05,-0.6486097971303739,-0.05345894352463971,7.986171427845508
21.06,0.9316359700437106,0.3523233230271377,7.92282214503023
21.07,-0.034353767551787893,-0.11752069767980136,8.450704587586621
21.080000000000002,0.41253077271477273,0.2810793996343119,9.029546401120408
21.09,0.6532539403917914,0.10184817951563475,9.318159991040147
21.1,-0.523557142496797,-0.5842963776863519,10.070787208550184
21.11,-0.6145213037163277,-0.8276603941737665,10.647239137808727
21.12,-0.5876527256438518,-0.3299363212134146,11.217425259621752
21.13,0.37669747790105196,-0.9959996984251949,11.378136343287618
21.14,-0.09630001950261684,0.7645168933682793,11.367413251320006
21.150000000000002,0.5067138906083506,-0.04285275916564951,11.568342170660825
21.16,0.4793476684623651,0.3243281251091231,11.20317672200856
21.17,-0.01447818661315209,0.29085719700589824,10.767611059214815
21.18,0.7812983380923211,0.5735904468445009,10.342761232172656
21.19,0.1875323215338722,0.6639004233827634,10.048682663162026
21.2,-0.3941781970543739,0.5919996852148739,9.895875808121252
21.21,0.43023440478471875,0.32125287957705406,9.342661968110201
21.22,-0.20329069054256943,0.27817943574481124,9.356785503218951
21.23,0.2952610433725493,-0.1783726987510241,8.846811505509939
21.240000000000002,-0.2866016455768721,-0.2971149297410788,9.211210441952185
21.25,0.47721816470658657,0.37621895344963396,9.45064135262776
21.26,0.000498629831697072,0.4537524264643929,10.014397964175336
21.27,-0.024736704608436834,-1.0192439002396854,10.651440936802974
21.28,-0.2212765546529059,0.049392131952453,10.93975629044632
21.29,0.9800071378191494,0.3031217021612244,11.26591604208493
21.3,-0.010276391223257603,-0.13636251206345015,11.915581537024718
21.31,0.8102887046565408,-0.6116797412182375,11.826736723826688
21.32,-1.458739631463711,0.8360338538819175,11.970308781387796
21.330000000000002,0.06533261238566973,-0.5516119482735311,11.63295600060449
21.34,-0.08316838808863897,1.439203802393512,11.443679086383053
21.35,0.21444178571171651,-0.4678747662602432,10.80665503891275
21.36,0.47457097763328854,-0.16694813520832985,10.396122772746113
21.37,-0.5149672737353889,0.6581470175467884,9.756742199975461
21.38,1.1927139225666388,0.4458495830631716,9.419775768674008
21.39,0.5444155365118772,0.16737347571750613,8.591431885821855
21.400000000000002,0.18064178822198057,0.26498672509766147,8.114315615546161
21.41,0.02342282182996479,0.9741405518539336,7.9137234735291715
21.42,0.15446543839591745,-0.02770568921826173,8.005559078047167
21.43,-0.4423043772273842,0.002432378795477426,8.327585647543225
21.44,-0.1352756956094831,0.6509242039741978,8.478540824491914
21.45,-0.16096921963729732,1.0936720943347884,9.219511842472453
21.46,-0.26361296010769064,-0.03083245754593354,9.462841574312405
21.47,0.4095728561903589,0.01733017030385753,9.702417921570959
21.48,-0.15922067499296083,-0.19055620938253873,10.114552886068433
21.490000000000002,0.24126157968467882,-0.17599727783286617,10.296468712068672
21.5,0.5384168176930747,-0.5332656419240193,10.470789223977421
21.51,0.39059143936463997,-0.3772182266119394,10.175645563653122
21.52,0.6938029238298602,-0.3889573682070962,10.251544262852216
21.53,-0.06821152893585758,0.5245912451871372,9.610399951005471
21.54,0.24749779647785827,0.4056033840618531,9.154064736500379
21.55,-0.314280816387533,0.052011755305486386,8.832095950501666
21.56,-0.4951812793573529,-0.6913798715256709,8.124202643381416
21.57,0.15538299394649877,0.319893326706402,7.87530491199563
21.580000000000002,0.15337071550354084,-0.47664055517707693,7.926631031494242
21.59,-0.11237046606860829,0.2011432294695616,7.676213381432782
21.6,0.32922139429802616,0.3403941090012344,7.801396271697516
21.61,-0.30399350402405695,-0.5386335179017093,8.005193693911293
21.62,-0.6683782003366836,-0.07657782531214587,8.393862918591628
21.63,-0.5979407959642556,0.39004331258943237,9.372490702508351
21.64,-0.001550396370073515,0.7994786415780749,9.696646236112809
21.650000000000002,0.27107496204923104,-0.16482431623751057,10.5970412694613
21.66,0.5971070864999295,-0.383890096098175,10.723074603731316
21.67,0.23461144189227306,-0.3886864891602119,11.398796020492691
21.68,-0.2690804770024946,-0.4946348179776734,11.401445607627041
21.69,-0.39062197149406214,0.41762345110665255,11.537715149348992
21.7,-0.9472472209721119,-0.5134366503456052,11.527343885250346
21.71,-0.09724192613916252,-0.21223170286214077,11.13298879735908
21.72,0.7881934391462231,0.24279542707234544,10.803963437734096
21.73,-0.07881623312476388,-0.536969981383632,10.01532526507053
21.740000000000002,0.35526359449007344,-0.03282227540124473,9.755987639105056
21.75,0.27860545375876095,-0.07630864451436034,9.774158460382592
21.76,0.391973400939939,0.13675803676907797,9.191554338477506
21.77,0.5679691872476751,-0.04759686368714273,9.182660160276352
21.78,0.6664461562669302,0.310414917321564,9.185331403488677
21.79,0.013993143729682996,0.555353363204562,9.352250336245389
21.8,-0.9929140685399283,0.40399739890831415,9.592437347472691
21.81,0.5405518489811841,-0.17037147237086997,10.109115338952918
21.82,0.16142073423963124,0.035460976272289405,11.034588670597087
21.830000000000002,0.14472657717369267,0.1280940727278887,11.249687644847791
21.84,0.1704396064721113,0.34484312368228937,11.481068849718653
21.85,-0.19293640052575628,-0.43850152538500137,11.789575987696766
21.86,-0.6857124630714293,0.013914318429145077,12.153891670563842
21.87,-0.2354801890417176,0.28039443441857076,11.793149683534304
21.88,0.6678004128053616,1.0568809967897463,11.572099794331557
21.89,0.045991891927664466,0.3057537170664814,11.071680973531619
21.900000000000002,0.12722590221649896,-0.4465750880896457,10.508234265107792
21.91,-0.012945664448184692,0.49188167376149244,10.34204423330121
21.92,0.5454820817081509,0.9214213937237217,9.472336479111586
21.93,-0.37658974657870126,-0.7469212778526053,8.906179612962621
21.94,0.20572473916071365,-0.23426528483971,8.440542422261151
21.95,-0.1617905077029524,-0.8028187640204196,8.368823954300433
21.96,0.5450713077525624,0.10965797177421456,8.178269069829595
21.97,-0.42650445530800946,0.3048204927459472,8.296220856903108
21.98,0.9751806360688284,0.32341603634733335,8.512157592831036
21.990000000000002,0.34780947973075055,0.18286636778323676,8.794840260411554
22.0,0.727717845041234,-0.3451033149661679,9.198860002250816
22.01,0.37895186836724054,0.8698524778012032,9.440072034785361
22.02,-0.6047445063548631,0.004273142236410287,10.00354300792091
22.03,0.2194072621576182,0.5414103840748938,10.67446738944702
22.04,0.3675305260223523,0.7838470244417867,10.293453279322769
22.05,0.4544023190959702,0.16645272092400848,10.445389450620045
22.06,0.07350156446626908,-0.6882663673257494,10.295975358879419
22.07,0.7158287086972625,0.49525973926444,10.081284995037707
22.080000000000002,-0.258779676597678,0.19902918349157814,9.851567793517807
22.09,-0.008384739666527585,0.42689171861435526,8.890153738562448
22.1,0.4926454005844286,-0.03567099683717657,8.32085048962741
22.11,-0.24174622108312827,-0.6663331008259393,8.180287159340018
22.12,-0.6389202105550414,-0.2396688280781621,7.7417423913948085
22.13,1.1606304489689443,0.258515273018687,7.859550480624743
22.14,0.36295196317952,-0.20408558315536265,7.699218221077719
22.150000000000002,-0.6731082932881028,-0.09620304937658812,7.7070988801938505
22.16,0.3655434346167784,-0.6061886917288362,8.161333708239015
22.17,0.047415541827603304,0.7526665839074668,8.766545937607239
22.18,-0.08534938288063361,0.33876316811630175,9.367295675034875
22.19,-0.1300238983264324,-0.5186024474390333,9.727598670990913
22.2,0.12226336652353548,-0.01846612718408891,10.169225993471251
22.21,0.49546146707409655,0.2306156501338995,10.676043083233184
22.22,-0.06897579510771372,0.3293626949605714,11.322831672446826
22.23,0.157012135842351,-0.44900972958025576,11.349423284714378
22.240000000000002,0.3627120704956528,0.1569446572145933,11.06175333791486
22.25,0.36717556314816147,0.18920595659278647,11.056149429492839
22.26,-0.3561156164051653,-0.5114803407441575,10.521054669982247
22.27,-0.44223831415566917,-0.2780162934398404,10.364681269243036
22.28,-0.14494980791530504,-0.23495428392258083,9.844298495975917
22.29,-0.4740247868241919,-0.30544683521659927,9.497468038481783
22.3,-0.8106958081494529,-0.1342999601016855,9.26728319533194
22.31,0.1863707760922457,0.2968781173187725,9.14072920258666
22.32,0.5564735403506207,-0.3205638002182353,9.116350494564927
22.330000000000002,0.14618147058415584,-0.9821870707676482,9.461980183578843
22.34,-0.4515411459584804,1.0199162889080613,9.94116987417304
22.35,-1.4218907212061704,0.07581306849157786,10.139712138684459
22.36,0.04119894916813253,-1.0271445602114,10.483484232079354
22.37,0.05392442370918779,0.20306714700395345,11.135465945595842
22.38,-0.7755508924090875,-0.2655224456112027,11.374191529627762
22.39,0.7401945082545167,0.07262547667607142,11.713745414726617
22.400000000000002,0.4351832421106315,-0.13629581344140118,11.910242432234487
22.41,0.1300092947355385,-0.4773119344656684,12.109008792406286
22.42,0.6836657096406762,-0.21120645154913859,12.08810018494152
22.43,-0.24770974135190368,0.201824446795119,11.899169077616463
22.44,0.3012045873802131,0.3835842024831793,11.286193466399377
22.45,-0.009909695097664399,-0.30709419634495705,10.621548918034314
22.46,0.08024914358655937,0.002688639489519274,9.809083213718381
22.47,1.3406780413247301,0.23215410917073157,9.347472697840967
22.48,0.41654360262870693,0.8148063339921361,8.92759271348941
22.490000000000002,-0.6867426887100256,0.270582844266707,8.471911630661003
22.5,-0.1707595644865407,-0.3814473236299158,8.57942925156148
22.51,0.4780092646168822,0.24530564065038188,8.164115488648164
22.52,-0.7380041132673023,0.7898138277380494,8.335265779608292
22.53,-0.5055481827988682,-0.5520839476533965,8.793907034805349
22.54,-0.45724375263835393,0.787600755221825,9.42654390505637
22.55,-0.1299487302462515,-0.270387305269186,9.28049622271782
22.56,0.5526493460452905,-0.40273602529000635,9.830802254466914
22.57,0.38352778637376594,-0.02714928016156832,10.477969946761093
22.580000000000002,0.12757743704224514,-0.4484311533096313,10.385162488903111
22.59,0.22431561672954906,-0.016658332244213224,10.842229025060893
22.6,0.6443300822335101,-0.33994993973308224,10.289012477422887
22.61,-0.6938763391815147,0.26193439218758946,10.293692944560837
22.62,0.039242357378709,1.0588754585817595,9.710972259673163
22.63,0.20957159968050068,-0.08249543650602754,9.300692787974457
22.64,-0.11429011888807329,0.3065374629200014,8.556688445159995
22.650000000000002,-0.28452274943811856,-0.38364379729080395,7.9851798935189064
22.66,0.619195335354734,0.8279600355580056,7.9484109343331895
22.67,0.007760434593963718,-0.5523886834157858,7.499111450537805
22.68,0.6090088570871971,0.2192392710088974,7.360698667951186
22.69,0.5908911941571336,0.5244609463088086,7.439990308171916
22.7,-0.33553376824464404,-0.3463551014731374,7.736257225747458
22.71,-0.016186859484085162,-0.8624264241749309,8.535570956997379
22.72,-0.1690532224446372,0.2029438659618816,8.741431409365324
22.73,-0.08016762551210067,0.5445330264010864,9.396795962819581
22.740000000000002,-0.24227348937228352,-0.28826133351865063,10.36073357536719
22.75,-0.6298771244120415,0.41085132285533765,10.517697492392317
22.76,-1.1028760266913349,0.32394977347297593,10.976653140676024
22.77,-0.7715321068270322,0.6262455545400437,11.269424505305782
22.78,-0.15219228179410274,-0.3122611200086242,11.231091964131767
22.79,0.3715911748429711,-0.4790396678336691,11.06141312744662
22.8,-0.5778334847438756,0.1005383004987009,11.097331500802312
22.81,-0.062482816550099726,0.2237588508636069,10.587231955179474
22.82,0.16228613206465312,-0.29125391699258857,10.025012054565657
22.830000000000002,-0.1660800766953363,-0.8156682672431171,9.49767150404419
22.84,-0.7544274839800975,0.49393023116918283,9.181878896976468
22.85,-0.2846262588603923,-0.12008827340297393,8.965880168708765
22.86,0.1756095058900284,-0.32562521725621263,8.709840634665932
22.87,-0.010114238927540481,0.3673926251579109,9.289746694151168
22.88,0.717107008670097,0.6382523151696843,9.37254027109128
22.89,1.0363915375358714,0.07085810800077137,9.820515589439346
22.900000000000002,0.882369009187257,-0.018726360014533972,10.00770188716533
22.91,-0.07125668506544948,-0.38964414815964593,10.671792994168385
22.92,0.9864237008373729,-0.6466883905858691,11.215532426648135
22.93,-0.5185024463689191,-0.36519254830614023,11.693092835285057
22.94,0.1993122305120147,0.1982794365048884,11.952360600914867
22.95,0.28270895779972,0.2978572974393646,11.931592694021884
22.96,-0.06558604269019058,-0.10258578076614294,12.23127036379702
22.97,-0.1046012525128386,0.543401665369962,11.938834981696473
22.98,-0.03944317307826528,1.0146747882427656,11.446191230704642
22.990000000000002,0.39102708754974125,-0.3167605686383634,11.070741477793888
23.0,0.1228266819032798,0.5665459879050027,10.51022224180451
23.01,0.20027917837324552,-0.3007475867138939,9.944433686804853
23.02,0.5534528225461348,-0.4415682172173143,9.220554124718852
23.03,-0.8305391933124396,0.11687788825724527,8.718185040103807
23.04,0.006480943546948306,0.3761674007623171,8.412118086964343
23.05,-0.05028670529289452,-0.42243823529752383,8.508663904201233
23.06,-0.8853421134505978,-0.10233814979256281,8.335100359110259
23.07,-0.12073426390885696,0.852676652992612,8.524629834827063
23.080000000000002,-0.155923598611492,0.215066717118367,9.085315965758513
23.09,-0.4860106638863882,0.39595780912110023,9.48953330157323
23.1,-0.07080882810419564,0.05009613162379508,9.925429630239975
23.11,-0.44421183534116265,0.31712271285890137,10.07216244122341
23.12,-0.3091199765233206,0.24204175955377705,10.512191788013999
23.13,0.33799565536914894,0.28543215343819317,10.729822692553478
23.14,-0.4620697147251329,0.3333872161083233,10.48149200634889
23.150000000000002,-0.6901620751302058,0.2960353493002105,10.307613021644581
23.16,0.3523188582153857,-0.5949956078185843,9.949558064499737
23.17,0.43604294426708723,-0.15254340272244982,9.757779688612684
23.18,-0.052961134046953046,0.5358118131803963,9.14128972174308
23.19,-0.49999141295725685,-0.2803872705589207,8.281564599873235
23.2,-1.0159705950086857,0.13482190508317446,7.791985338784051
23.21,-0.40497272528069783,-0.8812982012478623,7.770787843938854
23.22,0.4866390370562356,0.477107513400858,7.452490184258157
23.23,-0.04795954157029082,0.3897781453547607,7.558334261808137
23.240000000000002,0.7079959556225484,-0.507395562358361,7.699448356820517
23.25,-0.34105024816705215,0.3218897259788668,8.16266466465586
23.26,-0.5295874575974254,0.557958738888656,8.253712003594341
23.27,-0.9753319963507683,-0.7569208682375137,8.98573089896104
23.28,-1.1922092429353581,0.9029164662830879,9.700141887227684
23.29,-1.3965382556985275,-0.9430935378421419,10.254661957708057
23.3,-0.9366816763063829,0.5737864436610512,10.539992490552216
23.31,0.7140994370672743,-0.7198187789034738,10.926609331835419
23.32,0.3501090970027704,0.4230629147876229,11.073960639886522
23.330000000000002,-0.07495565376933984,-0.17751878227441323,11.149412649153374
23.34,-0.021265655434017722,-0.3035128379489842,11.066331703718404
23.35,0.5194435453268995,0.6100039487552883,10.608308658328466
23.36,0.45621662631317034,0.34174674794010895,10.232379165611054
23.37,-0.4602102716342364,-0.41813902372187406,9.521274304350149
23.38,-0.23154215058290883,0.5729163113088072,9.29035517327858
23.39,-0.5206736127149896,-0.48975130614344947,9.43082897447136
23.400000000000002,-0.21182396394859948,-0.0573262662958419,8.732301476840581
23.41,0.547946647364053,0.4890593079551092,9.19159719554933
23.42,-0.043706924347192824,-0.3216896092061886,9.10818781181719
23.43,-0.22307486742383403,1.0925443114431714,9.17967593721176
23.44,-0.5246835482539404,-0.19548525920444415,10.13691822448074
23.45,-0.8138447426979125,0.19277646333633183,10.629683481363848
23.46,0.7280133425226317,0.3305575692140837,10.897000021656147
23.47,-0.445865152411475,0.1862646516338125,11.59336944256532
23.48,-0.27186375476887453,-0.15633395899056665,11.798905931979892
23.490000000000002,0.5339460788402508,-0.10943863716620222,12.10082964167018
23.5,0.7828079377455631,0.38217614499076974,12.180891289637914
23.51,-0.21599033725740763,-0.22610906582105028,11.995764944060756
23.52,0.5461899992533019,0.40727159253928985,11.806199748007197
23.53,1.2866933586820506,-0.06334374382458449,11.336015833233082
23.54,0.8485999894049866,0.5243305586689252,10.650917360996731
23.55,-0.23437351575613471,-0.18475604899476072,10.183428867287173
23.56,0.5628990457020375,-0.5318720064775615,9.49103627164939
23.57,-0.3658338254721322,0.0633071127096117,9.098451088483966
23.580000000000002,-0.07764420470910377,-0.5003323657850576,8.640983462141348
23.59,0.17288466737475267,-0.6607344803638053,8.528182857882673
23.6,-0.39169040470057964,-0.1296496902130558,8.726312019291983
23.61,-0.713658375297967,0.42171068624433766,8.527993203875873
23.62,-0.2612320797444076,0.08899211261988538,8.686465206877777
23.63,0.5081409222859186,-0.025625460908103193,9.521100558488083
23.64,0.3527486268231376,0.017180892654141335,9.743017262280802
23.650000000000002,0.23522758558701937,0.5542565372947914,10.000192259519416
23.66,-0.10673457135909856,0.9076675020932414,10.383348284327962
23.67,0.19111600464730213,0.237457957045777,10.483495627523652
23.68,-0.04777355305641194,0.8022777310224778,10.805331696427059
23.69,-0.1200617726700044,0.36326081685394473,10.646825308343997
23.7,-0.4843265284333917,0.14797568441361855,10.347916212236397
23.71,-0.46367726184540853,0.21483327441558894,9.866690854526587
23.72,-0.3401285984290099,-0.05100531810021669,9.016837101808985
23.73,0.3823822624054294,-0.0027710204902319465,8.603716585222813
23.740000000000002,0.31258990937060577,0.22058672556033038,8.309740929259403
23.75,0.4833215592714473,-0.6756016323122571,7.441097491089517
23.76,-1.4699344569282398,0.4332122145204467,7.536620899631401
23.77,0.011507196527922663,-0.29114248883046384,7.27578601246971
23.78,-0.30748741796736334,0.6288816898861429,7.5934278310681576
23.79,-1.4900901872230568,0.14072911789212597,7.720424205112645
23.8,-0.36836728830228155,-0.04714506324021738,8.317264705757248
23.81,0.24380210879452577,-0.6820279644620229,8.731545469944484
23.82,-0.07434133066920366,-0.24795232733620892,9.278863119278462
23.830000000000002,-0.14260232881657992,0.1446630503153,9.693647254370696
23.84,-0.07565372193627568,-0.15118535242279293,10.448319785158061
23.85,0.16457596446986247,-0.4978437116209319,11.110200815163074
23.86,-0.2612449645876473,-0.16719090758241326,10.742756136323852
23.87,-0.25327476267788174,0.45577539307799825,10.91950858511706
23.88,-0.4542564872074477,0.08735611494605008,11.225780247368867
23.89,0.6409552671861412,0.7359568772525629,10.80743870112924
23.900000000000002,0.228697962313643,0.22860319692774125,10.331935958857047
23.91,-0.6007790113035263,-0.8343386537010693,10.083029722907837
23.92,-0.6690733220447946,0.42178392775243606,9.607865617257602
23.93,0.3299544832098976,0.11660315121347528,9.113683805012327
23.94,0.08834387053350808,0.675356719606175,8.877051255229855
23.95,-0.6763238360275072,-0.07611183951566167,9.020440370288352
23.96,-0.8400861422570569,1.2161089754440555,9.026342954141196
23.97,-0.9253649701312593,0.8580437990189876,9.385130690441168
23.98,0.5709585702447842,-0.8749840352194811,9.713705118079755
23.990000000000002,0.5887993185310948,0.3362414880177819,10.01888919638908
24.0,0.441275320586642,0.05830243461993983,10.884568288985724
24.01,-0.30689248368246047,-0.39280661216794144,11.051501990494542
24.02,-0.41683332186076577,-0.6583006597193914,11.584661971385605
24.03,-0.37200511063819475,-0.16514013626586332,11.873411486741011
24.04,-1.2581294070587756,-0.05778883981095978,11.95466913334586
24.05,0.47654244599013273,-0.005335127079392524,12.24664640544939
24.060000000000002,0.46181978005150337,0.025178343224157518,11.797428084233676
24.07,-0.2916747550839089,-0.38566199202702095,11.48865687553722
24.080000000000002,-0.4650813216023424,-0.8781582043302625,11.241139076857586
24.09,0.3881398614963446,1.011185027784701,10.663096370998833
24.1,-0.2561292307390409,-0.7161947228847497,9.859353271721941
24.11,0.1667716195937613,0.17268046201017762,9.2225479888594
24.12,-0.6885029404182416,0.6667902541136461,8.97113094568971
24.13,0.8738789954313794,-0.12420205754797961,8.459060766094144
24.14,-0.26656820799504777,0.1357243790544501,8.427601740174776
24.150000000000002,-1.3086704130443918,-0.1570189398071681,8.573966952094908
24.16,0.3525448046311211,0.8367983378273659,8.817253932549427
24.17,0.64657753440734,-0.34280287240411095,9.087072467894114
24.18,-0.25795213511040027,0.033461281485037984,9.548809455281047
24.19,0.9618266247151753,0.31160610147596707,10.191035351487045
24.2,0.7671302044821412,0.9741224453027728,10.44443470530107
24.21,0.31195643576349097,0.6350213999885713,10.823871261066092
24.22,-0.030484054953478886,-0.6950387581383549,10.876737097276482
24.23,0.48973624387766906,0.023356843582457314,10.737213017064889
24.240000000000002,0.06515578191281085,0.6155601048772561,10.311402731916193
24.25,0.39151349938030033,0.4612417819199022,9.93213181456746
24.26,-0.1678682318694016,-0.3796610472950774,9.65241576636517
24.27,-0.07747065377375273,0.4229530159939955,9.05166266517183
24.28,0.01590296612535516,-0.43605500415087384,8.424114094528187
24.29,0.5203559716652362,-0.5368147187510923,8.132222724088141
24.3,-0.18588350578650292,-0.8356459348101656,7.871862329592007
24.310000000000002,-0.44303222338345205,-0.3863150944665011,7.450483087800034
24.32,0.640798285306911,-1.5207457165211644,7.427817891456654
24.330000000000002,-0.3712222960332254,-0.8001630951424208,7.475498426844065
24.34,0.8552302023114989,1.0125265457904775,7.770786436577184
24.35,-0.08820385495382566,-0.18944300566057695,8.626386193878165
24.36,-0.31902689042476845,0.46954739769797804,8.688833171213785
24.37,-0.40140828830954506,-0.8290722501409036,9.4316841314186
24.38,0.16349219679896262,-0.11241375305711955,9.937258489585501
24.39,-0.0199555458679936,0.12537531654986436,10.448933340330234
24.400000000000002,-0.34005699766338643,-0.013214104445595566,10.949956472498409
24.41,0.5158250405531315,0.14142161841307957,11.106523049706183
24.42,0.10290076742100049,0.07503386654350792,10.927991187233298
24.43,0.11735440004990105,-0.22702666378815478,10.947317511478557
24.44,0.39229238088252255,-0.4264730943462423,10.362428548945768
24.45,0.6075054351342238,0.10365390401149446,10.144514731967593
24.46,0.5426519335592926,-0.4582373132975297,9.943375585045048
24.47,-0.006529164298272613,-0.9095013005888253,9.20631702170146
24.48,0.08509533415757066,0.37535267322503235,9.027234047095549
24.490000000000002,0.7971654023160264,0.0975619400338341,9.056920444213711
24.5,-0.7070621676596938,0.006957193806440685,8.702635094100252
24.51,0.5445590981376381,0.560390524305141,9.006127145708529
24.52,0.5051516064529036,0.9933230992487886,9.275836322497046
24.53,-0.30567879263034764,-0.054848184999195006,9.610075749868816
24.54,-0.804983913681535,-0.1377088055531484,10.373629298380482
24.55,0.17151034809797272,0.15249541238750608,10.744831175997438
24.560000000000002,-0.15369198269180426,-0.5475047544012335,11.639837153638139
24.57,0.2878982331472164,0.8615124990961797,11.81805235346205
24.580000000000002,-1.0098222411973166,0.1991055114171348,12.062502822525838
24.59,0.4989051202279261,-0.1415102656590403,12.202833620436133
24.6,0.8275450459216716,-0.3439655674310793,12.126061407324997
24.61,-0.4558308226968509,-0.4127416886726075,11.814726975086279
24.62,-0.4967354019616681,0.3025807377006958,11.43604152573368
24.63,0.8763556755368603,-0.33951671282002416,10.818524203663467
24.64,0.3759448505683797,-0.30472797056396045,10.258494510915543
24.650000000000002,0.07982922853472199,-0.4801201140402907,9.854142541440392
24.66,0.5294831299004923,0.4385279688340408,8.968444876719682
24.67,-0.16070071382095497,0.7534171201050218,8.804633636506633
24.68,-0.29650121109215644,-0.03252340213714411,8.717865062608627
24.69,0.7977256114618383,-0.5481792495219728,8.731687230604017
24.7,-0.18135370848235496,-0.6425532318519735,8.751714183702536
24.71,0.28761269442032283,-0.2774806793399546,9.101319801364532
24.72,-0.29740691513485595,-0.02287275143371725,9.39716255022545
24.73,-0.9754309740277465,-0.8374364681850923,9.582989358180479
24.740000000000002,0.450139494013036,-0.4744122444627032,10.40000058206393
24.75,0.5045755878533494,1.3400224928888709,10.622744276228026
24.76,-0.43626604475489766,0.03599525333717306,10.640699002487231
24.77,1.1235930130707465,-0.12621302290670475,11.051593609546584
24.78,0.8843488520084324,-0.17347798609108483,10.807361647653225
24.79,-0.3017962321986498,0.5576526203447939,10.32250721676232
24.8,-0.07964027795529367,0.36132701145392065,10.154200969517236
24.810000000000002,0.3201993424810039,0.7032709187596043,9.545565597523606
24.82,0.2040956241346033,-0.02013599065535716,9.025688154829764
24.830000000000002,-0.3907823380582468,0.30668679512539293,8.269148629195074
24.84,0.10903312734176858,-0.24254121264229467,7.815215758427006
24.85,0.15394939382069392,-0.21348605278501695,7.447217359922494
24.86,-1.1980938986749952,0.24997528625484308,7.330740236989343
24.87,0.007701886133156544,0.6349105167188536,7.093705687670136
24.88,0.09105040950884508,-0.010161334407989041,7.816531711369274
24.89,-0.47054049007802706,0.4015993043399902,7.851183716341935
24.900000000000002,-0.12125764819539896,-0.22470062920582856,8.607587020361603
24.91,0.3994348765715396,-0.6067555513599006,8.886488209419916
24.92,-0.38297679702132403,-0.8883748350055716,9.662048262507192
24.93,-0.8970544760902005,-0.5474965775460813,9.97273293669973
24.94,-0.7788591422963866,0.9420794929216466,10.546555947712903
24.95,-0.08386893808550278,0.5272555401757226,10.559333959355376
24.96,0.6566548374315605,1.4722160290588602,10.79123852781653
24.97,0.7716742874569159,-0.4670280137683585,10.890521561786544
24.98,-0.7543486973261736,0.18560681307699783,10.586376733984247
24.990000000000002,-0.34673850881346335,0.6049796646151135,10.232193019548342
25.0,-0.0862297613873544,0.4002587167143724,9.67123461084431
25.01,0.2748942801766923,-0.12766824375884855,9.063984033869012
25.02,-0.28011992955245935,-0.14651804539251295,8.911753837437006
25.03,0.2100193911407625,-0.35477515806492377,8.731781936970263
25.04,-0.5809280793102584,0.819989000257892,8.941860661762904
25.05,-0.7084617354824594,1.14330167099719,8.886140190306739
25.060000000000002,-0.4780461561588234,-0.6199389651384497,9.097931560063104
25.07,0.10001277980160962,-0.2836338815069954,9.361134803849655
25.080000000000002,0.09469667516917717,0.4154914008799436,9.846083826839244
25.09,-0.3276493308579882,0.19302231712189047,10.614872157721747
25.1,-0.4017886957510877,0.5212364001547225,11.022062151594103
25.11,0.2872827698936462,-0.47770571999322164,11.52121488507196
25.12,-0.3255574200766105,-0.7695783365225897,12.233711374804946
25.13,-0.37853913624626423,-0.9148601705609224,12.012058153729953
25.14,0.4617106620992726,0.7660840286625714,12.145860135342438
25.150000000000002,-0.224631539810194,-0.07258138482340577,11.991959524438307
25.16,-0.8782744138126993,0.1053693833375331,11.603589251396174
25.17,0.23287051936587838,1.0286769562442495,11.02884732131311
25.18,0.6805064979541877,0.7345795839424148,10.889495664117156
25.19,-0.09141468204667438,0.8336018943510433,9.923421633099414
25.2,0.2708992232297754,-0.5040471718311103,9.47564188167904
25.21,0.1335670082752326,-0.8385291580517266,9.222106897222346
25.22,0.8659884257620084,-0.40156604146268704,8.707702170746774
25.23,-0.8999317171199341,-0.2543605693361886,8.746282670748519
25.240000000000002,-0.23535044439899871,0.06537590516154008,8.777208186071888
25.25,0.36661662886326135,-0.26520405375907463,8.981942616327114
25.26,0.12115917657381993,0.1723838038807148,9.320060036932134
25.27,0.4396262266385747,0.6939835058753873,9.526640503590153
25.28,-0.02709284973849469,-0.8809876756812449,10.067992295569235
25.29,0.22515697866582254,0.08581081085415096,10.711790741788858
25.3,0.21182042277073365,0.6267549263431391,10.964296124055862
25.310000000000002,0.3738378890759244,0.2280428895427162,10.832553065591458
25.32,0.30067608097783827,-0.1097133249476037,11.046152596435245
25.330000000000002,0.14284504450553207,0.5412181726795039,10.534464104708944
25.34,0.28025510828975575,0.1824991109309225,10.106508801521354
25.35,0.5335881687995553,-0.12919933456131216,9.522324516649304
25.36,-0.15079631197920712,0.03710209064775053,9.09963982774675
25.37,-0.4278303596686907,-0.06937629576817701,8.764235711011137
25.38,0.624182870005862,0.21892774469841458,8.123710562626426
25.39,-0.4259314778522497,0.4200084712742664,8.004634509620164
25.400000000000002,0.2568690753238849,-0.3469105709477843,7.615272157356659
25.41,1.1174338505173482,0.5455584626432045,7.350164939864615
25.42,0.246528588046923,-0.7543234928547061,7.472482663279078
25.43,0.2867089440793408,-0.6169452372738604,7.752660061531057
25.44,1.1395087930113847,0.6766922732364322,8.35839189913347
25.45,-0.23780672104925757,0.03898627322953251,8.670920988350924
25.46,0.11114295200895102,0.3283199241265199,9.284834547962472
25.47,0.5350996714895561,0.03309824249229849,9.712066140688117
25.48,0.36899736642108144,-0.0967421201642412,10.471756758543542
25.490000000000002,0.1572441037489263,-0.7766547723811609,10.551155089820739
25.5,-1.0882600092214096,0.37967368027009046,10.673973784414242
25.51,-0.21674853672932884,0.23542431667346325,10.539845433643023
25.52,0.21555681753892267,-0.6624725050718441,10.748470684361447
25.53,0.15262316551875105,-0.3789133270617555,10.218289421681177
25.54,-0.18385206558702377,-0.374229147794733,9.912992982495568
25.55,0.2028106401672299,-0.07626312367135146,9.447269826910476
25.560000000000002,-0.25420034139265524,-0.33926049036251343,9.094611631872702
25.57,1.0478366965149521,-0.28339564978148896,8.523824628330852
25.580000000000002,0.15115851164345256,-1.4036800530073328,8.533305137295224
25.59,-0.27487409171498306,0.19961107066223485,8.479999629262279
25.6,-0.3965497750949008,0.7008171662213837,9.133752839279333
25.61,0.23408424134426,-0.8971106154001534,9.336612803933473
25.62,0.3255961401305662,1.0519354378779198,9.661382004302595
25.63,0.2216474624551213,0.13707111234692299,10.517146732914998
25.64,0.4351354294664805,0.28103231365083625,10.914303529836381
25.650000000000002,-1.27979261955889,-0.7181093267122813,11.067953248179624
25.66,0.08555266401204067,-0.42708741614260426,11.533238720379797
25.67,0.5800972830993796,0.04058244927044758,12.082636590185974
25.68,0.6208595259860971,-0.6745275297321697,12.174651264691464
25.69,0.12326316603893024,0.20618509132814103,12.171025385757616
25.7,-0.3225637270878564,0.038784575351523964,11.788009872900094
25.71,-0.30097789101965094,0.11849224777758226,11.806058598136865
25.72,0.7157428963581414,-0.5143447319225278,10.983037419333405
25.73,-0.17598539913859892,0.3459688301886132,10.655080744863897
25.740000000000002,-0.20522823151716946,0.14172313281275103,10.16340517730429
25.75,-1.3085113157589594,0.3529001337800426,9.379669813617127
25.76,-0.6593786366167065,0.06727453344951663,9.192978395665955
25.77,-0.2951373103471231,0.8754555087003602,9.136530995085852
25.78,-0.16423907762839984,0.6002659126983516,9.076404114285403
25.79,0.09270116762922449,-0.8339885578636848,9.095778009167635
25.8,0.16494567980238142,-0.14151834363173912,9.31559002064551
25.810000000000002,0.3871932932647296,-1.0171101730368157,9.628098263901466
25.82,0.1513372580653373,0.03148869900012396,10.219703846104794
25.830000000000002,-0.03447417781786328,0.2529525249344739,10.51710209383166
25.84,-0.017682475288596435,0.5019913148872349,10.777670224811226
25.85,0.5953927513260266,0.26901044121536977,10.896960551728217
25.86,0.27708280826411186,-0.1829610623695505,10.817936062191718
25.87,-0.8460844510225414,-0.7906101592200189,10.875230797865763
25.88,-0.040217281569759414,0.6247625848903122,10.892899613270895
25.89,0.19165255829983674,0.7404507090203439,10.108704286086272
25.900000000000002,0.27572897484683667,0.5323807012350645,9.55124967321544
25.91,-0.791697808308085,-0.021055507872305694,9.030586288895632
25.92,-0.08857097471496601,0.558330285315665,8.468346544826597
25.93,0.2661194483649793,-0.3714832199708583,7.924833152446944
25.94,-0.35208771116547255,-0.7142607611211473,7.741129574222056
25.95,-0.2181002450865874,-0.11682032376092968,7.495611628739213
25.96,-0.27150300130485316,-0.3063956956148026,7.612584465144042
25.97,0.39987178582356175,-0.34122000189150725,7.699397744714459
25.98,-0.5072796845674937,-0.08681272231045567,7.975316422687882
25.990000000000002,-0.45574391525680025,-0.3575214082216294,8.094563633122762
26.0,-0.6107962389043492,0.026816945338106107,8.97362123465663
26.01,1.0633663010498742,-0.3393024285049123,9.391042042366701
26.02,0.33784200723579166,-0.6393395514306384,10.146021172731595
26.03,0.03270069545457333,-0.3344700080315635,10.387537669766889
26.04,0.17813883889663873,1.0681610992900332,10.510760078733782
26.05,1.2342694022886471,-0.08260352370309683,10.626364832518709
26.060000000000002,0.11903236307394788,0.5258677712925994,10.44248205411979
26.07,0.8773101565309743,-1.0650373255527874,10.306290833962654
26.080000000000002,-0.3633934676493495,0.5554735352162921,10.089286221630395
26.09,-0.5823858807622767,0.6468718698007274,9.81109057636964
26.1,-0.1652091325480687,0.3574447868498023,9.301652991650176
26.11,0.13660861921148146,-0.2996012605077711,8.990784355414748
26.12,0.30786047553566587,0.03687019236692219,8.757499458194301
26.13,-0.0396936074162388,-0.44430322159083024,8.478387277283968
26.14,0.584881500298928,-0.09813396237235703,8.818649076322446
26.150000000000002,0.5902975645046115,-0.4697221491189913,8.643935559184484
26.16,0.9709715802563923,-0.012954873839614094,9.264343873355312
26.17,-0.17538527312082872,0.31590034333816897,9.681488525984665
26.18,-0.5795858090564979,0.36415505971213297,10.043382377614968
26.19,0.18822233765258242,0.4704723918308397,11.167951929883621
26.2,-0.19690205521793094,0.03943011959255183,11.141919294322408
26.21,0.1490330466149647,0.6868658202241682,11.953488124581252
26.22,-0.38545361449903887,0.26258065705808514,12.370542480503312
26.23,0.3286154997884122,0.37005204526876767,12.13994861996025
26.240000000000002,0.49935405538332184,-0.17251931827465572,12.034185010207263
26.25,0.3958548530535127,-0.14772344292683667,11.475842702673908
26.26,0.42980656110404736,-0.45547161997956886,11.295448066747387
26.27,0.31949592512524083,-0.06042708536687831,11.035874406809802
26.28,-0.01738003004419117,-0.5326610468701694,10.197338734541324
26.29,-0.8896149339561542,-0.19369481333154395,9.620179814096112
26.3,-0.3653549031974141,1.2381706567010828,8.999007147395622
26.310000000000002,0.14805925353606098,0.6635301356287234,9.253027331685715
26.32,0.44244290356480664,-0.4253616044489619,8.99711314033242
26.330000000000002,-0.8601579247958286,-0.4012400817465877,8.934138779710283
26.34,0.917965279776685,-0.2950880002605451,9.335621805393112
26.35,0.05169478022347897,0.271436576350453,9.422613406594987
26.36,0.5792725037609268,-0.3778011501400929,9.850746617397899
26.37,-0.37951227228214973,0.743662238923388,10.636624395774476
26.38,0.6725857514502899,0.10670016848442367,10.559625884521447
26.39,-0.42279435596823695,-0.10307662224163923,11.017472939017598
26.400000000000002,1.037622988751705,-0.4112816689453738,11.147313387602034
26.41,-0.2621334090506749,-0.02859196333944419,11.101027049373743
26.42,0.7413095341516796,-0.18381618821974607,10.885427160546563
26.43,-0.06667643203409178,-0.17423000302630093,10.325622604279667
26.44,0.3268043032145371,-0.5607287255018127,10.010250461957725
26.45,0.5304127123677795,0.15294797903263255,9.424599462139877
26.46,0.3566859196971342,0.30654511966798625,8.77031123944988
26.47,0.1286660861184921,0.18793522236568302,8.196815522268016
26.48,-0.26017325704388555,-0.4234647088590128,7.722197806367488
26.490000000000002,0.37668164573896196,0.8114792670415497,7.448169440542448
26.5,0.33326757341389296,-0.133894820442403,7.505413530240664
26.51,-0.43740791013844504,-0.6294368613233109,7.512277735877594
26.52,-0.052423339600305326,-0.609284382028841,7.996034511555791
26.53,-0.6321140392038324,-0.126296741473879,8.227222039622566
26.54,0.08746283839672803,0.16180101445955727,8.53825396255482
26.55,-0.23917149589851622,0.28996540469317394,9.082059505948003
26.560000000000002,-0.5004187670186746,-0.16721647636913411,9.655788690900218
26.57,-0.5953142160775086,0.21560059384378086,10.073340631299647
26.580000000000002,0.46676434078621487,0.49787727089950096,10.44768252507842
26.59,-0.36854853038887964,0.2662886694903415,10.904241076695053
26.6,0.17540701266507477,0.2764485383970613,10.587695570335525
26.61,-1.1436264715918982,-0.8375594286351937,10.466917582288051
26.62,0.3201039510589808,-0.7370000161988833,9.971733787077376
26.63,-0.2857416729943397,-0.6113134721764898,9.539517078730114
26.64,0.6509120728400558,-0.23317492316674848,9.324316486455805
26.650000000000002,-0.3652403124551317,0.14400537460021762,8.887778190324562
26.66,0.6095197967321597,-0.13316688719852485,8.669008566719146
26.67,-0.0756204824528012,0.07474632751468133,8.660837428394345
26.68,-0.3583835730542452,0.17178178749975742,8.36159326799045
26.69,0.4384173770289664,-0.49249821431711993,8.491628567034585
26.7,0.3770779045993307,0.8037850003626984,9.064561330218426
26.71,-0.27373600742665566,1.0764659270086836,9.315156560345212
26.72,0.1931075343426897,0.5191520820345993,9.946134469688646
26.73,-0.5472945992566897,0.5081739560408587,10.516237723802139
26.740000000000002,-0.3457100218410496,-0.5706159361889859,11.384308471649701
26.75,0.030930580555273954,-0.4086181480786012,11.336305035087882
26.76,0.7123983446898406,0.4231678774520629,11.817270097687391
26.77,-1.0407972209352254,0.6448400642285411,12.219170499418018
26.78,-0.8031549425074149,0.3471265446311545,12.28955876619754
26.79,-0.9189300691290453,0.7570790965271591,11.77236848418933
26.8,-1.0433663379377447,-0.18156181853718162,11.756728080978203
26.810000000000002,0.4139950738140224,0.7844592761483631,11.046694570437642
26.82,-0.3206050926770854,-0.3058444163782832,10.484892360477074
26.830000000000002,-0.45012117232802473,-0.5174214100192922,9.975584311730879
26.84,0.23292700586511797,0.4172183230504925,9.65882338246383
26.85,0.27986635615342953,-0.006750779970479765,9.32485716659592
26.86,0.31763778388963093,-0.3363311105988174,8.915316343134437
26.87,0.8418378685168119,-0.5069381496212735,9.0383664621513
26.88,-0.3751643392553658,0.4597602385643837,9.075605052046367
26.89,-0.14726010347345503,-0.2572296438145726,9.221538246095042
26.900000000000002,-0.3140182192996578,0.25304842095320573,10.023820767514602
26.91,0.5341537190187998,-0.04658673332925057,10.043789451886157
26.92,-0.11847584518626368,-0.4874151737857484,10.613224645562786
26.93,-0.2515341250306591,0.15233305441549927,10.763611703365038
26.94,0.11453602172481271,-0.0074723493969414976,11.094970835225597
26.95,0.05234769975624611,-0.2261763946505518,11.23865183444944
26.96,0.41970921608102113,0.3374306000458913,11.140119447187383
26.97,0.4615129570575916,-0.23400978866452063,10.681032213676035
26.98,-0.08410158642901126,0.4015303357724701,10.385918723381446
26.990000000000002,-0.15876746475128253,0.14377039105525607,9.917144181846096
27.0,-0.3304227204753423,-0.5507522148636325,9.493619935084125
27.01,-0.16382599193743277,0.6486875701583025,8.803816440701624
27.02,1.1307951804285785,0.021293379129193473,8.325970078158026
27.03,0.08470664872787871,0.2545862592025122,7.8626612566739285
27.04,-0.3200663140254585,0.848486459292789,7.4324398309479465
27.05,0.6158475213965712,-0.16442475635950785,7.43241354713593
27.060000000000002,-0.11434887999364346,-0.5340294485882195,7.752676068472244
27.07,-1.2810658077543895,-0.16317382561885752,7.815131713468162
27.080000000000002,-0.1748422062338946,-0.3333748165589669,8.180250161868903
27.09,-0.10141371796153945,-0.22076742601514102,8.848874236253783
27.1,0.6433063130907378,0.638275027726885,9.106767661373837
27.11,0.7451008626984925,0.5237977587922351,9.742619312465106
27.12,0.35657092599865015,0.276958435108246,10.071842576840824
27.13,0.6763310285435835,-1.2161257799214167,10.424469610833919
27.14,-0.2626803449419291,-0.29729506977609926,10.763613060609032
27.150000000000002,-0.3899861536553915,0.9969886125495965,10.828315762203733
27.16,-0.06238715178040397,0.1538568643923635,10.333427915505851
27.17,0.016497850160296666,0.7854607462987128,9.750439384140444
27.18,0.12112901794322566,0.7350479758264269,9.59022899590943
27.19,-0.0669054202633104,-0.4036442159618511,9.123816430244682
27.2,0.1103692359510024,0.23664258889449027,8.604145998960602
27.21,0.23449017663050573,0.684588847745237,8.567529443201988
27.22,-0.2817260283594571,0.4767712374463137,8.251973613084722
27.23,0.3528324602544831,0.9272107995753718,8.298806429877445
27.240000000000002,-0.08097625149940883,-0.674137441544859,8.631104040429067
27.25,-0.17283372546971526,0.1073117111790711,9.120274487494502
27.26,-0.02780581409592694,0.43531962431710114,9.479021380625506
27.27,0.6830986923701892,1.0036449111073524,10.175116149992633
27.28,0.4953345673821934,-0.2458721001547461,10.445758699882935
27.29,0.34840611605459604,-0.20535890646120994,11.311254885413367
27.3,0.02018953108065945,-0.6276194812261752,11.635221360346707
27.310000000000002,-0.8527457573960076,-0.5766053762237857,11.915777738925355
27.32,0.1649923652752929,0.04532919670773491,11.722628912283472
27.330000000000002,-0.4625757734709694,0.741701757888955,11.80411204015572
27.34,-0.0682424929010331,-0.45181592269513854,11.506089576663367
27.35,-0.05289427153656886,1.1755813705036884,11.464707047936416
27.36,-0.0953085143396176,0.10961885741280611,10.749639073001145
27.37,-0.14603384524075,0.829750570455242,10.40923895233033
27.38,-0.2707614041925094,-0.21140720432458282,9.974637516397992
27.39,0.5282891500760493,-0.307788221353729,9.385193607472427
27.400000000000002,0.09572886915053025,-0.5072929188526292,9.033640786292864
27.41,0.06675543150244037,0.9305401362690117,9.248211710015335
27.42,0.2394053731212115,-0.3622825072106584,9.152286066570552
27.43,0.2098372227026749,-0.27376783347100636,9.130312980717886
27.44,-0.03349296444176813,0.5471241269086292,9.714353998889889
27.45,-0.3296665898695746,-0.5578936214673869,9.948019590679502
27.46,0.2580764879998802,0.3465909305137909,10.54420994136447
27.47,0.33911390681638165,0.8436846134084327,10.987026003099988
27.48,-0.13316746694772374,0.23515183026064668,11.035072740189147
27.490000000000002,0.6216559889446739,0.20183991832223455,11.38663796229597
27.5,-0.48429206231055133,-0.5354876457799498,10.848282488695547
27.51,0.339606483956745,0.5769121770758746,11.191819615857117
27.52,-1.292580591423131,-0.2629857810681966,10.459917612018344
27.53,0.1815069391287661,0.3428452106165148,10.642857760424043
27.54,0.3376533482892845,0.947434519123845,9.740792147547435
27.55,-0.533351400403774,0.33944337226762694,8.991072065388972
27.560000000000002,-0.4318043048372242,0.260051010725972,8.682439298906827
27.57,-0.26506712019591866,0.07346353788467228,7.916784515872871
27.580000000000002,-0.5988933987954397,0.438314855762885,7.715551954749352
27.59,0.35589924405172374,-0.21279573399777002,7.492109138090633
27.6,0.8939456487366023,-0.7944325624552008,7.5592475244363495
27.61,-0.345413734906528,0.40713812722159326,7.678447304679047
27.62,0.25709251782432035,0.5283641451155509,8.182439466368608
27.63,-0.3893164845347718,0.2730510574400443,8.466351748934656
27.64,-1.4097079236992112,-0.17886137191054188,9.104948994389924
27.650000000000002,-0.333710348889634,0.5334998420580453,9.682356539758098
27.66,0.1066380485674456,-0.7337273732683389,9.929658742205323
27.67,-0.3894015774179927,-0.14859691619380536,10.457115166759586
27.68,-0.07335968697205854,1.0221506338891362,10.565441315052695
27.69,0.3763343356487418,0.5734075071981881,10.442336799602241
27.7,-0.5444320409012015,0.2172872901359428,10.242964253433476
27.71,0.2623406451823886,0.04340977931954606,10.01151785458356
27.72,-0.09320379145036307,0.39866479104482105,9.557970318716245
27.73,0.036589190624495956,0.807633511837177,9.118767336559692
27.740000000000002,0.6187542559278187,0.5083938533200331,8.76848931665612
27.75,0.08029937074524951,-1.1761630304737591,8.42938882745641
27.76,-0.500253972271877,0.46362394681506686,8.279037025187755
27.77,0.10276278399821466,-0.13688035708251764,8.440559024114668
27.78,0.011095564124278033,0.5394398425499914,8.506508080389874
27.79,-0.0027203681840109063,0.24367112677769684,8.81082439800484
27.8,-0.3654339101805956,0.23966357998386098,9.219740429814374
27.810000000000002,0.2711547078587173,-0.12851681456511027,9.611715756316524
27.82,0.9185950029763771,-0.4752383902906467,10.148708428132226
27.830000000000002,-1.0945119484713095,0.2332402671712785,10.862775356091701
27.84,0.4726446556386732,0.5637656597053234,11.58709479682971
27.85,0.8383593475227145,-0.47458693650145733,11.972461084601441
27.86,0.48419150994177496,-0.2128556702289066,11.790879107839395
27.87,0.2694481547528409,0.7340499107125731,11.77528430294176
27.88,-0.4306426778881723,-0.09835215564338823,12.141437977778134
27.89,-0.19251608497049874,-0.5221135646330477,11.792490696641453
27.900000000000002,0.45635418244544496,-0.25450187089437903,11.053599746258755
27.91,-0.5816228435267201,0.13574083482601232,10.638744222235154
27.92,0.12151852597822208,0.7774237220885074,10.154672023355289
27.93,0.46222817651706216,-0.6709684632735233,9.863296509694894
27.94,0.0443109027976796,1.268161545328827,9.281187001410252
27.95,0.03868463015571407,-0.10787308491543718,9.244034849154197
27.96,-0.1486379764703392,-0.10783821308357919,9.161697959872228
27.97,-0.3172147570817471,-0.40116918869977874,9.295160991182101
27.98,0.9724484863832914,-0.03628988629270562,9.680792743819804
27.990000000000002,0.6208380895745543,0.13730898771376915,9.921691460544947
28.0,0.4611313999590462,0.35161241034004037,10.13680844648628
28.01,-0.09580635234802487,-0.23925618782368333,10.88692218996392
28.02,-0.03489127242856699,-0.30371983200135827,11.035315104830394
28.03,0.5137260513162247,0.12903362437201876,11.482302137018175
28.04,0.4070667946266545,-0.12001789652673804,11.470664003260367
28.05,-0.5040011610706555,-1.1925207254298886,11.19133995426504
28.060000000000002,0.02320852336521382,-0.6344525528877583,11.107497668582235
28.07,-0.0564291905481165,-0.0655422477168297,10.550339156217253
28.080000000000002,-0.700017284812528,-0.21796216385412387,10.147062629484573
28.09,0.05428841821726777,-0.8780236801638509,9.444671054531677
28.1,0.12408962433570232,0.908319612215967,9.054403778228828
28.11,-0.23387432130721686,0.46188911691090373,8.25406494420384
28.12,-0.3731773740957431,0.4251600177690519,7.878952528594108
28.13,0.9185674696718765,-0.3306920827862184,7.559795565218516
28.14,-0.13335588130752035,0.5163677143230813,7.458037895859617
28.150000000000002,-0.018679421937223266,-0.10034424121554952,7.634351208899682
28.16,-0.22467368955987796,0.1795190425855382,7.97274101202795
28.17,-0.44125233125114943,-0.10674481378840843,8.422561618104629
28.18,0.46605563178986686,0.5393915627865368,8.825452669495235
28.19,0.370051828235176,0.3259299221230179,9.25136115764715
28.2,-0.37938125879102574,0.05867919979477712,9.54959127714679
28.21,-0.07162407434663444,0.10111580861614151,10.295832181445622
28.22,-0.32472327787655364,-0.14004132034796668,10.314062235067603
28.23,-0.29914063091031295,-0.17407130847544514,10.525244173488792
28.240000000000002,0.3499000330191133,0.18109247490457617,10.21430908024105
28.25,-0.32306087541465334,-0.2787832639005271,10.359678156937184
28.26,-0.20612873018437486,-0.4322489098442961,9.878640440425574
28.27,0.1240652586894333,0.2991689515761686,9.216937377760134
28.28,-0.1172384608571768,-0.0954312065857282,8.968632888386965
28.29,0.16952158903849124,0.07114882137049035,8.734651763391268
28.3,0.39476364390269736,-0.9343554629291906,8.228669277750623
28.310000000000002,0.17825914072179805,-0.04963167877953375,7.869606910766813
28.32,0.802752835720273,0.2810856574157037,8.236278871614441
28.330000000000002,-0.0015015795107112817,-1.0404458817580593,8.666558292797625
28.34,0.17723815890639266,0.9096865079684421,8.534756739748543
28.35,0.6174115791533942,0.6023636104453725,9.441381425122
28.36,-0.7709245011484397,-0.17947069821906486,9.844409240156791
28.37,-0.5388846905388824,0.9154997615839228,10.47615553257135
28.38,-0.13429514292960043,0.13831653420446754,11.085761305886768
28.39,0.20649730689861895,-0.5128064175321784,11.525194884159406
28.400000000000002,0.4119359559217939,-0.16590845878413144,11.972095340887646
28.41,-0.5033493635267565,0.2553711192731619,11.810773106370354
28.42,0.12356076029429222,0.2838512999511386,11.9292950677682
28.43,-0.19122568275589613,-0.4273751959869062,11.584151597086393
28.44,-0.5302965103452899,-0.6205654394929013,11.286919745085706
28.45,-0.1639355599899248,-0.47545561807859704,11.35226268647129
28.46,0.008288809251380263,1.1112116742451406,10.283450310433523
28.47,-0.4921333355463375,0.6781727094585062,10.00348190053373
28.48,0.2924587952122999,-0.06408359323847734,9.586698750735673
28.490000000000002,-1.2019939096598,-0.09345221652660655,8.982555715676742
28.5,0.05619356035272628,-0.36189021513695085,8.983868267036055
28.51,0.4364579600790177,0.4479286072314533,8.935342580352124
28.52,0.10806176244058834,-0.672415308358998,9.393072480045694
28.53,-0.27390060829909935,0.5467035322088994,9.553831409034652
28.54,-0.7103330704585283,0.2815232564363715,10.03261823167627
28.55,-0.24917280207985418,-0.17667553355907686,10.378063921412071
28.560000000000002,-0.22513328126953658,-0.13008501650859194,11.115364606167315
28.57,-0.823554899370057,0.10962742949117767,11.418241221494673
28.580000000000002,0.14009891248017042,-0.03971870287143393,11.727796834985414
28.59,0.34537689990842463,1.0176853620918345,11.485727802481087
28.6,-0.30266930334856046,0.13506317566758524,11.450097956877697
28.61,0.06019148547536637,1.6793026739169292,11.165981995524119
28.62,0.41584263342561995,-0.886680023373942,10.827220705347699
28.63,0.6091515132448565,-0.863964553510475,9.748975717772714
28.64,-0.554514567099168,0.09110100216477239,9.201599650892701
28.650000000000002,0.47798717572471544,-0.12030237020352641,8.58866936469079
28.66,0.14483845055356942,0.04809897845640579,8.02589564529953
28.67,0.060719422904907186,-0.1089076531438496,7.97446061964388
28.68,1.068395846724475,-0.321505278067958,7.779794941089171
28.69,-0.03828260620396921,0.13560335708358695,7.4492713222901745
28.7,-1.104206327697748,1.1045301011737356,7.663720690771919
28.71,0.39626233778455955,0.8450595773051176,8.194465081081587
28.72,-0.11977703245075914,0.06774157400589366,8.504517982077177
28.73,-0.025760234787955267,-0.32406505409939385,9.09844015827739
28.740000000000002,-0.5129375133575371,-0.01963083510889007,9.519057355146916
28.75,0.07064126570909608,-1.3168562402732462,10.119662637668997
28.76,0.7267758490140693,0.27212327306419837,10.431996727688626
28.77,0.5320212777914637,-0.10440903050587927,10.141791368730194
28.78,-0.022717702706888002,-1.0445110015084456,10.60762600844817
28.79,-0.07765480388569725,0.3981299299080633,10.158884323663777
28.8,0.5569887544121096,-0.35393121408202577,9.751677874871506
28.810000000000002,0.4298904201076766,-0.283432256891912,9.608306567641982
28.82,0.7995270093237318,0.4946012719423761,8.926474484070466
28.830000000000002,-0.10144549521151837,0.17005518635790665,8.459618644738859
28.84,0.18883598008918737,0.20824134224508756,8.248776464401944
28.85,0.07986088189783176,0.47480742238141627,8.284468288457756
28.86,0.10190035563486156,-0.3883234553607794,7.75029171548823
28.87,-0.06580417148484312,-0.5125220354162952,7.989119964976681
28.88,0.27738776116508945,-0.08398983222503299,8.189450584798342
28.89,0.6630974364887982,0.6748220761530794,8.711239333419933
28.900000000000002,-0.20244037196750647,-0.2123595746154406,9.426990282140679
28.91,0.5065971710328147,0.44062015654709535,9.86199691150968
28.92,-0.3031542932509241,0.03505992563030716,10.708922087893574
28.93,0.7468804367205008,-0.07403461535472695,11.211385654698908
28.94,0.2604741984981861,-0.18852446063452805,11.714545653885045
28.95,-0.4172522350372341,-0.5733118751059407,12.143219416873308
28.96,-0.9444635297295797,-0.06888527657390076,11.77343795263127
28.97,-0.15856588655697845,-0.518609425307098,11.733563893431311
28.98,0.6371324880099505,0.02222087286220871,11.43726428350529
28.990000000000002,-0.5491785727720161,0.8111010859547669,11.059377335045895
29.0,0.0901584506529475,0.9749040287340293,10.716455222138077
29.01,-0.16955873174109232,0.10131819436542096,10.263738320274618
29.02,-0.01953364150478321,0.2060187665273199,9.66449018718701
29.03,0.21863170189114356,0.5632807143041757,9.608358291235248
29.04,-0.14913260794569577,-0.5345820021344013,9.177238806563391
29.05,0.38959151363103817,-0.3316430594527557,9.172809167283676
29.060000000000002,0.2677579031428511,-0.5148426396493992,9.192949182036127
29.07,-0.29717415653347823,-0.3151981076276718,9.707551306277932
29.080000000000002,0.8144784193274287,-0.7432149045082113,10.107206223620333
29.09,0.034512262291766335,-0.5309596579903947,10.43950262670395
29.1,-0.48555785165928605,-0.2949427435565161,10.556666416487317
29.11,0.75042324797372,0.39079398446996627,11.220897361212371
29.12,0.770241436664482,-0.7971558299163527,11.608743878702764
29.13,0.3094844628876983,-0.5870657931236886,11.563898131654659
29.14,1.1604845905955228,-0.47741359926461474,11.541000267762145
29.150000000000002,-0.3846241440671162,0.023522798550991764,11.382036398383438
29.16,0.5050822946078942,0.3159266755558205,10.621705973926076
29.17,-0.6333777647447324,0.176382390270119,10.481006597112668
29.18,0.8048110320021716,0.6123462992721774,9.474927977913039
29.19,0.3345285729673286,0.4901267052893693,9.161086949344023
29.2,0.48845829088338755,-2.011579323778504,8.673253981720285
29.21,-0.4245716681195547,-0.3490848777112594,8.060453383907367
29.22,-0.018879515547647687,-0.7158504080309457,7.906655599257147
29.23,0.03618558688560885,-0.491549701056476,7.789808866751432
29.240000000000002,-0.041279988618101435,-0.053992970116435314,7.699237802751586
29.25,0.04648832195456106,0.4292618632856468,7.947567745013782
29.26,0.44889005138025856,-0.36882653867582044,8.498749567100424
29.27,0.8179494753922841,-0.33895647517378974,8.876599867210501
29.28,0.7131136333930744,0.7741807216603155,9.400438586796584
29.29,0.41924773840872703,0.5257349127039233,9.81864258924902
29.3,-0.5208881533799743,-0.8462040664037113,10.029902107170217
29.310000000000002,-0.0446512839157406,-0.12890551214525153,10.18303184789013
29.32,-0.7406284065562854,-0.08559186827463047,10.255815215075733
29.330000000000002,0.22768585910425254,-0.0038682840822527828,10.11041450768804
29.34,0.897595263719393,0.7926929894826473,9.75956139455997
29.35,0.36836199289338334,-0.23282440255109244,9.603806056136136
29.36,0.29722409300744396,-0.1294929745759971,9.118172412342187
29.37,0.10862518617252442,0.02172874786642002,8.81108807974211
29.38,-0.24057624649434306,0.0019741259558996188,8.362606593313386
29.39,1.0436344091351732,0.2352097058699194,8.15092441061348
29.400000000000002,0.6546703000428027,-0.5896341782801326,8.108711459337671
29.41,-0.18727488429628525,0.11637530470439338,7.811799339816179
29.42,-0.15350964240587292,0.01947924668622761,8.12214205535475
29.43,-0.27978834592535473,0.3535224439424563,8.471349541885232
29.44,0.48656294773821696,-0.39789063614089776,8.901114297396939
29.45,-0.1056839808165852,-0.23831146172739479,9.442908463675153
29.46,-0.21862942956304973,-0.4914441467011437,10.247540029869043
29.47,1.0773107974115539,-0.3378100387412617,10.859613435591342
29.48,-0.1433081999206851,0.13280795030774553,11.266414411735393
29.490000000000002,0.6170533026455913,0.03457191429929859,11.739129239853696
29.5,-0.5215776372491351,0.48368004982112633,11.875778142605794
29.51,-0.11380613310181513,-0.43813653386402357,11.970870160031275
29.52,-0.0827225270294448,-0.2822858069200044,11.641085496703594
29.53,0.5370014108620974,-0.676958476905828,11.327720240366055
29.54,-0.18282497101889708,-0.63703445245415,11.043253421488462
29.55,0.6880136862902051,0.21335676708366935,10.337404780108791
29.560000000000002,-0.20844600479358533,-0.37485056735537464,10.015520109079356
29.57,-0.10372112769823695,0.0017604094989529357,9.713921705622374
29.580000000000002,0.5178726096723859,-0.6990140551882189,9.440095004653811
29.59,-0.5204411836672158,0.6958427394486087,9.32295970731399
29.6,0.02907976496526764,-0.6180460829595494,9.351235434725016
29.61,-0.21362158669698095,-0.16660450536811253,9.431829181218138
29.62,0.03457185385911736,0.1702719743323631,9.967642836328599
29.63,0.3259691531502501,-0.011794371072180555,10.174885744461623
29.64,0.15847316082776045,-0.08579970248755506,10.6463863112163
29.650000000000002,0.621310440834963,0.07776647189709501,11.105207861236781
29.66,0.4308284091149111,0.07629122071386114,11.557112088669063
29.67,-0.2564512616421957,-0.04945118639003459,11.919246023873221
29.68,0.1726237332983257,0.6283087356053588,11.908855035945525
29.69,-0.12107178936554246,-0.6500889674550624,11.752369826817592
29.7,-0.514667361154938,0.308240169793475,11.341120563760406
29.71,-0.21100639188193207,-0.05804403474717011,10.790476132731017
29.72,0.2697967629571149,-1.3982664579730482,10.065527499246793
29.73,-0.9645561033301141,0.7285114646622036,9.492297481907496
29.740000000000002,0.21110866736635564,0.07312798101083708,9.002571274263005
29.75,0.6228204977171489,0.29364768410210723,8.717301556914537
29.76,0.18942651914789205,-0.2774690461611081,8.156613537828996
29.77,-0.48681778338005266,-0.30826807065354367,7.899595770573395
29.78,0.679759974393234,0.39704861255016494,7.887227596930573
29.79,0.14964062118459606,-0.5807477699394746,7.734058041449285
29.8,0.6941958887502246,0.8527023288288589,8.125833375764518
29.810000000000002,-0.25284991832783643,-0.05581603135429764,8.705212395014646
29.82,0.7372341363169139,-0.19205089001371528,9.2432717870106
29.830000000000002,-0.3855883985329767,-0.0728420919009154,9.461900310614926
29.84,0.5995579279807011,0.8140018250112381,10.03619896934029
29.85,-0.7335834451518721,-1.005108146050482,9.961248669919074
29.86,0.34634950063034997,-0.5813300878315851,10.46390938010195
29.87,0.3846590616940751,0.8496187943554262,10.58256909594443
29.88,-0.2877327935789778,0.5482092693745855,10.156944323031336
29.89,0.4922475720067202,-0.1377914457444985,9.774720318851248
29.900000000000002,-0.08873545522129722,-0.8844341926837992,9.850498032296043
29.91,-0.23840813440229627,0.6789564927727071,8.994435628515127
29.92,0.05620744392269294,-0.0034877649410454607,8.74768773883858
29.93,0.11361927045742247,0.7690949224357256,8.070233206500305
29.94,1.0400232629915287,-0.11436902466475009,7.742373466547334
29.95,0.9572512049342725,0.11858943747246625,7.606803423309266
29.96,0.6278530939187785,-0.21162781462509492,8.082577388636782
29.97,-0.3491124817763587,0.10398343165265718,7.960710097585916
29.98,-0.14344931732592106,0.0854436226503433,8.34269130786858
29.990000000000002,-0.6986030661132645,-1.0395228148715077,9.098320751272258
30.0,-0.6159292485817814,0.08487004370622023,9.741728252750303
30.01,0.3418362914468612,-0.5325088894798535,10.097264038414387
30.02,0.09536848523155353,-0.0009455268106468371,10.286795607430856
30.03,-1.0558035458960335,0.02421014450406454,10.677371036865175
30.04,0.4929708824661112,0.2096883139396119,11.119917849327456
30.05,0.365742900408657,-0.6520365328509503,11.117576502592055
30.060000000000002,0.5026134273129955,1.126445300032811,11.697773585826623
30.07,0.19365695282669002,0.23956960370941097,12.025498109206564
30.080000000000002,-0.8232264041256884,-0.025774441460135276,12.364855790133989
30.09,0.4535666641408066,-0.12259152125677686,12.421337568417918
30.1,0.3018257494850193,-0.25641764134827216,12.68809523120911
30.11,0.5576968286942281,0.01063334983510242,12.68647954848518
30.12,0.13630571474877157,-0.331297897771625,12.955980960639504
30.13,-0.4253885679114652,-0.19281793980419032,12.804005130000027
30.14,0.3636179462510565,-0.12056953280254558,13.112865892704656
30.150000000000002,0.2942054407774373,0.5315467613131174,12.866320689023409
30.16,0.2426934629533469,0.23290340626270645,12.631302774253063
30.17,-0.06202391194533701,0.2682256945787336,12.643910699153082
30.18,-0.11856227293860276,0.16250308378265108,12.220269360655449
30.19,-0.9609878963419918,-0.5834001248466857,12.494246524921062
30.2,-0.5544833872090573,-1.639923708893288,12.070538389844312
30.21,-0.006119206260142473,0.27925120815727417,12.065883466307419
30.22,-1.2142838265458058,-0.8233469799839492,11.955194948612482
30.23,-0.7650943522171805,-0.11208565411143981,11.34488435317249
30.240000000000002,-0.10484844158870099,0.33852257117316864,11.048865039389453
30.25,0.39350450435252904,-0.6451926593703009,10.704401692546343
30.26,0.5285693000841172,0.09620390011897015,10.455093440037972
30.27,0.19598365504290438,0.4945081662452871,10.396019430201596
30.28,0.31374563271082734,0.04113991253386858,9.917217300900434
30.29,0.7116730515477135,0.0076743237799596535,9.422844145334349
30.3,1.224721305941141,0.4000767218565605,9.213000617062137
30.310000000000002,0.1818786588211902,-0.34197962784515196,8.42206987586964
30.32,-0.25077516458372623,-0.28362779408325917,8.439848714955703
30.330000000000002,0.09825475493718655,0.31157364140787713,7.70494258235275
30.34,-0.6415378524916527,0.36269235963464674,8.027479612980708
30.35,-0.07969208030759621,-0.43853062279100535,7.287778626569622
30.36,0.4557395389549726,0.009700835766699988,7.477446824798442
30.37,0.6025393617554938,-0.3104547991165791,7.072804938163946
30.38,0.4743859290121427,0.4155867193234986,7.438144880361502
30.39,0.13232500998888436,0.11806437002740884,6.745723060565156
30.400000000000002,0.6154649664052466,1.2630161165075924,6.80381460324079
30.41,0.7167296499232102,-0.9159120231573198,7.06241285365606
30.42,0.32545518129440965,-0.30312286629443996,6.86868248194558
30.43,-0.28179570899910567,-0.11107451472706367,6.865146262369636
30.44,-0.20891802961422234,-0.293222399902554,6.86938089955073
30.45,0.06942938781176874,-0.16011652444473726,7.024850513230162
30.46,-0.3394626589667927,0.44669457330976325,7.040693165036211
30.47,0.367407552734251,-1.38565978236439,7.30456485598913
30.48,1.1866379891247487,-0.20308540304853642,7.530692843598948
30.490000000000002,-0.23079727530363303,0.7945272852303625,7.883636493605443
30.5,1.155681129356838,-0.2671312206002224,8.048829903439682
30.51,-0.46226240920630474,-1.186890032777294,8.448824583511218
30.52,0.09636737831732603,-0.08830197669780745,8.402837340406553
30.53,0.020533060159587824,-0.4139575271267005,9.156544877845668
30.54,0.10907673623027019,-0.26742276833761375,9.34359940053483
30.55,0.26028666107692583,0.4658209466280395,9.857559980372386
30.560000000000002,-0.4519109878802662,-0.3164355827609094,10.030559436354771
30.57,-0.10245854265975203,0.13432197696422857,10.27268460729746
30.580000000000002,1.1868902401712842,0.21473134149526898,10.640030807272787
30.59,-0.49720325796596415,0.4454025689042968,10.766309829864698
30.6,0.3891732630799694,-0.40283079723812343,11.211341580789716
30.61,0.07756281913750321,-0.05909689289381343,11.560667870337738
30.62,0.4630007251752066,-0.04216324794733313,11.818239696404728
30.63,0.1663646064100451,-0.46257960652293634,11.79236779325897
30.64,-0.5614443576281206,-0.35355303203568067,12.322639212988415
30.650000000000002,-0.39031690959563836,-0.37485458996136606,12.278421950360974
30.66,0.5212013459579268,-0.1647391211242745,12.543029474581612
30.67,0.6632015585224853,-0.2032338356156602,12.813774518954775
30.68,0.5147465689234059,1.1537607083440375,12.654112037913144
30.69,-0.017938477355719417,-0.24340366403839075,12.777442993786428
30.7,0.16220957373540218,-0.7287857512484583,12.728058054504391
30.71,0.34499671552835554,0.0538682250086269,12.834741113591475
30.72,-0.44024100504068125,0.1809420852493939,12.502732334305012
30.73,0.46662421976015855,-0.24965995729996443,12.32801751874904
30.740000000000002,-0.7654540935554168,0.7214799498684802,12.099412643803682
30.75,0.7656488940066336,0.5364691807833776,12.553444390242598
30.76,-0.15481225323677555,-1.1616477899355468,12.114222059578104
30.77,0.45309917110600334,0.6986303882841954,12.012492740533744
30.78,0.3599108598767003,-0.39451694682131905,11.445701335377978
30.79,-0.7212284685196755,-0.3788128567649005,11.380489510746727
30.8,0.04301751805381816,-0.5820769936554336,10.837598364096323
30.810000000000002,-0.31298524195565186,0.090476656135835,10.393107744097799
30.82,0.17292307707243573,0.12343733575700712,10.37772084404004
30.830000000000002,-0.6499211352267211,-0.5386628638193707,9.86890325414242
30.84,0.4912018485650262,0.014506374618999488,9.613005369569652
30.85,0.5446944091831263,-0.09966509083975977,9.300697666354187
30.86,-0.12735625203421064,-0.6871753257445917,8.997597227993815
30.87,1.4177846320216065,-0.10285989695912316,8.559367976267175
30.88,-0.5890905504869295,0.6859494528763419,7.9427107461430575
30.89,-0.2962723853731511,0.7644081894419085,7.828078160236584
30.900000000000002,0.02323916124438289,0.2617521090728868,7.831182852487897
30.91,-0.09218892749077456,-0.010302351229064527,7.80470986588992
30.92,-0.31125269985667187,0.0011302080252191243,7.302935687149771
30.93,0.5973593921317762,-0.32715050274158475,7.342554128461547
30.94,0.07869857198405654,0.22365251826508298,6.640509147092007
30.95,-0.3380862973220135,-0.06284218109748194,7.117764860332362
30.96,-0.21131514741254423,0.3219111869071157,6.658277978231296
30.970000000000002,-1.2970464971443798,0.2670758580258037,6.648924162869589
30.98,0.9116239329665236,-0.7144025733459787,6.766631883035787
30.990000000000002,-0.4850786011177148,-0.21891734567181675,6.90493745582621
31.0,0.075176193040237,-0.4316674827992495,6.767168050206264
31.01,0.12984265134058387,0.11633887864637497,7.219097883452716
31.02,-0.21287687472532835,0.24381950007236594,7.011090149281111
31.03,-0.3196201079127617,0.3224695966808012,7.438433663213931
31.04,-0.5729188207820273,0.5481392674600115,7.506500521953236
31.05,-1.1681472352971984,-0.09065805377819997,7.919736138391523
31.060000000000002,0.44761029785551865,-0.028317754776281824,7.858181611517049
31.07,0.246120254538685,0.12150165369880718,8.307954854260274
31.080000000000002,-0.3606872461369061,0.14298557491247865,8.578712845913756
31.09,0.08977391587733752,-0.07500330552201268,9.226954858535326
31.1,-0.16530267573059468,-0.2701624306714295,9.088047156333522
31.11,-0.23192017265469547,0.519240049656895,10.021938981051632
31.12,-0.1141314628597598,-1.0079523671587869,10.024097318508193
31.13,0.5577188873641753,-0.7094660425454056,10.4644940901759
31.14,0.1388425365499381,-0.3205992185235951,10.380703467628082
31.150000000000002,-0.5436738435922487,0.16341063124358426,10.957790512051442
31.16,0.4145867383552767,-0.18555118792761524,11.501166932373621
31.17,-0.3666439141087147,0.9029086992401996,11.878632685352256
31.18,0.3153277649075959,0.13930345355576168,11.75930662580449
31.19,0.30265722354965774,-0.05046425174656543,12.30529774789075
31.2,-1.5540745569803442,-0.2436072957005253,12.35923422540467
31.21,0.13300792258551913,0.7168884301722485,12.594515078224138
31.220000000000002,-0.36121413939695624,-0.05699663711603407,12.597096857723395
31.23,-0.08417007226116632,-0.7842862435100845,12.950827673935017
31.240000000000002,0.9517079264099585,-0.11234247574875855,12.524699936863378
31.25,0.24623255521376963,0.1472355219950641,12.896362831844398
31.26,-0.0036783904877308836,0.08842039488926373,13.011485259525417
31.27,-1.019273430606212,0.08664805876452678,12.838951183708398
31.28,0.8184477283717676,-0.028899196555443214,12.585973920879074
31.29,-0.04554424192002882,-0.8462820424930757,12.575847474044888
31.3,0.5187414449234318,0.17165786732064536,12.37219565528038
31.310000000000002,0.021309956010455686,0.09300868728863103,12.094087245481441
31.32,-0.2039640495957831,-0.09464557774572374,12.068394130197618
31.330000000000002,-0.7762858443554463,-0.5550738395683711,11.85499737354873
31.34,0.22676166094936495,0.600266293317827,11.17142079609999
31.35,-0.48664823919693945,-0.21750641583790475,11.35610709376539
31.36,0.5879321306562885,-0.3366461122283551,10.770592012483801
31.37,0.7458129577145601,0.38429123798986053,10.410411686325826
31.38,-0.5120708207051002,-0.25267495471880064,10.240049569211337
31.39,-0.627895183364932,0.04087025998498763,9.647221744908306
31.400000000000002,-0.5932271307478453,0.00909995116260021,9.494226918951949
31.41,-0.3722806601826,0.15149841756539276,9.041382922296002
31.42,-0.05176624371197006,1.1459521534098005,8.760830777369659
31.43,-0.43187680348300744,-0.15143042799197778,8.51296367928934
31.44,-1.017242459510705,0.5559184692795404,8.163988437835647
31.45,0.07224967566260194,-0.08649341789209605,7.838498727062825
31.46,-0.7443242947822419,-1.0007695322083519,7.819849988818496
31.470000000000002,-0.5899175950062405,0.2365322944241071,7.504081311530697
31.48,-0.09861152287755565,-0.5614570806809795,7.302311207868877
31.490000000000002,-0.698839351561791,0.1747361976920335,7.2024237019662145
31.5,0.09173515338543382,-0.3401901788450099,6.633433644521129
31.51,0.31589051635989407,-0.3204069425028879,6.996826117518069
31.52,0.25958515704013896,-1.0348453016544057,7.157646561638597
31.53,0.45128900991138904,0.07207516346086847,6.645804810850472
31.54,0.5794508843037717,0.285278661186938,7.206325902383437
31.55,-0.051964245978678124,-0.0636176069899092,6.625739475045033
31.560000000000002,-0.2696412051847392,0.5351580653626573,6.892394287214878
31.57,-0.556435878361007,-0.7099823217450504,7.236735009771205
31.580000000000002,0.5078894297481269,0.4356275338823754,7.218552342550478
31.59,-0.7499983916771068,0.7281955871626793,7.379160931126933
31.6,0.46560098662224675,-0.12636857975969418,7.769315246769135
31.61,-0.41428167815813016,0.626176367131735,8.071877122781485
31.62,-0.011853273996354477,0.6003668795950864,8.42029573193539
31.63,0.16139521055790243,0.161043538581748,8.550457874381683
31.64,-0.8382892415304624,0.08768639177768049,8.604583257616305
31.650000000000002,0.37671547048409565,0.1446990355586277,9.323746576043757
31.66,-0.3332502347344345,-0.42099318910481914,9.76833375396854
31.67,-0.47903297215554386,0.16045946689634047,9.843881702053572
31.68,-0.232105989420868,-0.17901698210191758,10.368686579972051
31.69,0.03691300191211481,0.3524499160084687,10.378040435654514
31.7,0.4246687666900026,-0.63135136049028,10.796017889326713
31.71,0.5290485546603102,0.6658988503257763,11.034147314913122
31.720000000000002,0.16455268365399695,-1.4287468567573485,11.516213014235746
31.73,-0.22067248113794236,0.10542991921122316,11.594033643250238
31.740000000000002,-0.0893190347914992,-0.5675930000932538,12.26098071606117
31.75,0.022028568148703125,0.12024246837206418,12.30391090983867
31.76,-0.5116618766446249,-0.2846758718098972,12.417089653485975
31.77,-0.24910710468034664,-0.1823189244849265,12.66806830696449
31.78,-0.056151865372090645,0.1044512732078692,12.867186030936352
31.79,-1.703894925160216,-0.10563928010556886,12.81200646980559
31.8,-0.10728292752363582,0.019430596055156686,12.668596697501156
31.810000000000002,-0.37678085709493314,0.28182971344996816,12.809304709836631
31.82,0.6351096972957216,0.34856588082089657,12.694607976227154
31.830000000000002,0.29064314873861047,0.4346755015965001,12.766866657090887
31.84,-0.8659029936920261,0.32847250362257585,12.517165774839432
31.85,0.1681142117524004,-0.31224225745444,12.439549346424302
31.86,-1.11216182309148,-0.566605276591064,12.406537346490168
31.87,0.7645441915332902,0.158424524261156,11.918031635475517
31.88,-0.4832073170771211,0.04936106751054609,11.775882952917458
31.89,-0.07174051179025538,0.29484228338303176,11.497709938583686
31.900000000000002,0.529151372079608,0.3173738155824844,11.15382964279959
31.91,-0.33123610825580097,-1.3011744656458093,11.323170283083073
31.92,-0.20829553975953718,0.6033216124619311,10.794262490493749
31.93,-0.5475530975733442,0.12583823623968274,10.189104652136843
31.94,0.599004400175466,0.5224886849217856,9.854404861223765
31.95,0.9659009008074042,-0.3130382054819965,9.662830634426088
31.96,0.015044737913415505,0.7647655596805065,9.464906952844048
31.970000000000002,-0.30662173534613285,-0.6299494357875618,8.929574127832012
31.98,0.06470134567399409,0.1758934654853016,8.753753955652966
31.990000000000002,-0.09801868227126764,-0.04997141455213815,8.05975569554997
32.0,0.21579086979514084,-0.5225364311384675,8.097298205623515
32.01,0.1130029153645441,-0.2842268683384115,7.972800033216479
32.02,0.26919600504875146,0.5771443179338382,7.56160128052405
32.03,0.15378445147207617,0.38379410532812036,7.234085296648854
32.04,-0.30481439307784053,-0.32980944873720314,7.319814187671547
32.05,-0.7997727345444361,-0.034812253218206246,6.8631624130535185
32.06,-0.45657724226128943,0.5962064463515847,6.8615263068447625
32.07,-0.02751394485393999,0.6137108490571588,6.926146274585956
32.08,0.48414572956261737,-1.0462623908989672,6.665946556445208
32.09,-0.26890472385982694,-0.5123067389090782,7.2062035995584965
32.1,0.2741902574404997,-0.944261569630213,6.82470922427359
32.11,-0.4058378374449724,-0.026301990634028355,6.633542203468122
32.12,-0.24901907353309213,0.7202792156733459,7.2198797794647165
32.13,-0.05980814014825774,-0.06248259742296056,7.262592478583576
32.14,0.7191229182385697,-0.18054387013341197,7.38978969783
32.15,-0.09503648039255785,0.18767252182692132,7.687017821779937
32.160000000000004,0.260030250596615,0.016072203396839235,7.955311964714171
32.17,-0.10477258973611045,-0.2970514144542344,8.114204704970401
32.18,-0.12116209603132125,-0.3730761110948653,8.525464052177632
32.19,0.6909062385455608,-0.3383199157225629,8.790474055850787
32.2,0.4155209941707589,0.70351593729316,9.198044074388026
32.21,-1.1385935158122535,-0.8145492827799635,9.315266662523355
32.22,0.5270580939025301,0.31450134941497454,9.668033772161394
32.230000000000004,0.03529328093909335,0.8322361814729018,10.158995058756803
32.24,-0.5721467622252423,-0.05392577260852348,10.505508735684419
32.25,-0.06769009707335027,-0.3921798642561699,10.724675678889643
32.26,-0.15811425925977957,0.3695327686653108,11.058709579049992
32.27,-0.09701629650961614,-0.4461018340507761,11.48752281539916
32.28,0.45022641604569513,0.7256447302353918,11.497135159678933
32.29,-0.4242683185501527,-0.6282277034775067,11.701841553329118
32.3,0.07957380582514545,0.31687474190789444,12.231712445366997
32.31,0.20425823094986295,0.2740841226553603,12.371429517963893
32.32,-0.16919971554591876,-0.0911571398522449,12.376787100251587
32.33,-0.33069799523332744,-0.05604839868789342,12.574099181916411
32.34,0.5493544358187814,-0.3916958119120081,12.601714160056272
32.35,0.37747568796911557,-0.15457505625460513,12.69869312724445
32.36,0.4860252245288699,-1.0543330525764656,12.998758808464569
32.37,-0.001559595154459564,-0.37414945731684535,12.792925039985347
32.38,0.5840303125482496,0.3253869118172771,12.565481940595495
32.39,0.8368597355419399,0.03459054876199658,12.720397777094732
32.4,-0.21900065680509298,0.41598290630555423,12.593960501800947
32.410000000000004,-0.2382598570296057,0.997982655056081,12.344016413962885
32.42,0.6431633765464839,0.16965376202200189,12.148762180327598
32.43,0.22932859739289485,0.06593514707444458,12.010461808276547
32.44,0.644700465488004,0.4289455184295579,11.798756389908185
32.45,0.31221910323675434,0.5440943653794224,11.392987188370931
32.46,0.10453228974226306,0.2730619761793595,11.026749542473018
32.47,0.07937284153646323,-0.6649518066916175,10.764385405223717
32.480000000000004,-0.09917597896543749,-0.2515827148498413,10.619901215009213
32.49,0.2225413691739,0.19040618087177366,10.254635860229085
32.5,-0.057458108574525435,-0.20160462900203807,9.736897225171532
32.51,-0.32986791359704887,0.19328345218227844,9.887604514441943
32.52,0.7448642047673547,-0.37947652311116803,9.503879384836893
32.53,-0.15309071642495214,0.13218025230672326,8.643707421247024
32.54,0.31317296185735033,-0.030097941339155693,8.643143029794787
32.55,-0.6388354042546277,0.23969508630092867,8.043078414530928
32.56,-0.13642985359969959,0.21375496630426483,7.92355063626956
32.57,-0.2597254244933312,0.6359424813661313,7.898465058532625
32.58,-0.39239631048626333,-0.02525462917098736,7.557239810578668
32.59,0.03350770166817085,-0.17541792150841065,7.067951148147531
32.6,0.4433922462989493,0.4749953679808505,7.163199056143361
32.61,0.03741777609833694,-0.283958905778397,6.590763987314245
32.62,0.7190147697316871,0.42721600743532334,6.630275487495547
32.63,0.08836372464543397,0.42648563867856354,6.820438577793239
32.64,-0.17639180544169095,0.3920903842883401,6.6763909898146006
32.65,0.35453638082542216,0.31549284046407555,7.0602569257348335
32.660000000000004,-0.27769030550067403,1.0408802938979893,6.905129317598311
32.67,-0.6242501334791755,-0.22868762201356432,7.17543730112669
32.68,0.2763895743549735,0.12358488745489592,7.136112873905686
32.69,-0.6014662572907616,0.8335146933911411,7.312840699561208
32.7,-0.2521024205268711,-0.3800573067030638,7.514385122005149
32.71,-0.7263818913166816,-0.39506522954519835,8.014017638660256
32.72,0.2583149121864293,-0.26453146096969676,8.218849130251517
32.730000000000004,-0.658635690280771,0.16016444020492343,8.08888792971681
32.74,0.38038052529379596,-0.2985682419832602,8.51789268750187
32.75,0.009205323776127436,-0.36991493403575465,9.125851991353978
32.76,-0.5955783719476199,0.46444696643687244,8.974985990401162
32.77,-0.6664742591443488,-0.8274090456208543,9.812292753951148
32.78,-0.18261462541216908,0.24342985431108832,9.970557714003988
32.79,0.3050667196624827,0.34241358163884533,10.060281551126188
32.8,0.3000149412530228,0.022130946708178285,10.212787789395286
32.81,1.1976563071922144,-0.12404607022723785,10.87823112981733
32.82,1.1324499886062709,0.020241870046225026,11.440212313118503
32.83,-0.1443324263625129,0.7447071177285068,11.505801817315115
32.84,0.03766132541608124,1.0109514711631964,11.824308649031959
32.85,-0.6690556065951639,-0.6890686176757849,12.059923661304907
32.86,-0.37204010503694795,-0.2489296332776979,12.167843045142991
32.87,-0.6577718810214183,-0.669487125109628,12.451352295612761
32.88,0.12180933690839596,-0.1252430198645871,12.451562026205488
32.89,-0.053185556957720835,-0.06983793062906647,12.578611913833766
32.9,0.5310053280195194,0.3407154724258188,12.608301888411198
32.910000000000004,0.2107042698977275,0.1822947211025818,12.73537981132443
32.92,-0.49511707962067614,0.18795831738560695,12.741678792916693
32.93,-0.044002490156805185,0.49610471288699126,12.793952779802288
32.94,-0.7814828355062564,0.7056475481843972,12.644309076581683
32.95,0.10905416631478737,-0.11887172019571687,12.34071681297617
32.96,0.04455279448318919,0.10744289625910944,12.281048124737007
32.97,-0.6293824691793886,-0.8470988206830216,12.230399627094538
32.980000000000004,0.24838898191400258,0.7559892288186647,12.142125091406346
32.99,0.26427707492574726,-0.19530767760121728,11.782575065890962
33.0,0.9100297510123287,0.15397483365737902,11.62197230205133
33.01,-0.3279576400848763,0.29781908246044814,11.04738866329392
33.02,0.24839499770333193,-0.2504104103035149,11.152513578161024
33.03,0.033775934088466485,0.051300510231556205,10.58586978051007
33.04,0.930120189486971,0.27637815140702965,10.204187070750287
33.05,0.6150330972755238,-0.03495678823017299,9.994185068368873
33.06,0.3633972278569935,-0.8404217067256101,9.71687426518993
33.07,0.22682131558095078,0.17960432354746883,9.278187455378607
33.08,-0.23582176858788242,0.18091960163701015,9.080150243907692
33.09,-0.31409235821357273,0.5606351751265172,8.395748064180664
33.1,-0.7345342295777021,-0.4754884066392027,8.339729745273337
33.11,-0.3551823621802326,-0.48091100012329685,8.196436483240891
33.12,-0.009810588499197971,0.1899602454698148,7.873898278182031
33.13,0.037977523759068134,0.6076228264378863,7.519632931368003
33.14,-0.09696181637700842,0.9734807935387636,7.3998017605426805
33.15,0.9185197848952954,0.6104502089027544,7.434588572840553
33.160000000000004,0.47629068546087133,0.18773263839124316,6.855368650324129
33.17,-0.8217910041489206,-0.34368817131417223,6.953211173983089
33.18,-0.19050243067154324,0.26841420668334803,6.858872883826891
33.19,0.41108364829525157,0.019158705233735886,6.9084911945662375
33.2,0.17412697274305514,0.09372185596391942,6.634739227973485
33.21,0.23344784106700076,-0.09604686525125442,7.08657694451109
33.22,-0.40701904265621647,0.32430984992348016,7.055175869748912
33.230000000000004,0.019129020794878885,-0.29158684273393165,7.387130028730481
33.24,1.4264466222748629,0.368299319353173,7.201543908767456
33.25,-0.09999871838674686,-0.0776708615770081,7.282662022574354
33.26,-0.23653079241834424,-0.593198380088401,7.317936254129036
33.27,-0.16500382776798203,0.557942285510483,7.759436434985019
33.28,-0.14820086510250247,-0.32813489117579747,7.907855637429938
33.29,0.7181048641481905,0.5644871752827976,8.0862113042766
33.3,-0.2641798214476931,0.1531914210132481,8.565701191142153
33.31,0.4577779486862369,-0.08672063198812376,8.978234080243512
33.32,0.19149233303166888,0.8220584000909147,9.324286317046788
33.33,-0.2896339893196302,-0.522116094486755,10.074658265589871
33.34,-0.5038495006122554,-0.009121047652204546,10.259873645905861
33.35,-0.326121194973297,-1.0986725801318706,10.39155688650126
33.36,0.3680664241645864,-0.33612137858202196,10.799210830735815
33.37,-0.5108521201181427,0.009426379683710032,10.952174102887263
33.38,1.7409186189677992,-0.9028175918700277,11.248809539134282
33.39,0.4608445695895956,0.42567357423520064,11.66849331778349
33.4,0.4022317572028861,0.7562934547729558,11.83693826877679
33.410000000000004,0.5745493566327481,0.1591857216386599,12.327497150837942
33.42,0.15396504464791155,-0.09382213037199065,12.404637397647322
33.43,0.49292800018748356,1.0692560174038794,12.30918415842813
33.44,0.02419366238807691,-0.156114938421161,12.379454150230684
33.45,0.6951332237277472,0.7940891992758069,12.729617519463348
33.46,-0.9515615408196169,-0.2919124871001219,12.952040960286507
33.47,0.06397371705020742,0.8730996845099218,12.642231099355472
33.480000000000004,-0.6503220314750503,-0.30365522347679486,12.64899135192349
33.49,-0.376862994361955,0.5471108424237132,13.099962022462018
33.5,0.5091707312834437,0.3198899886397693,12.657681126239178
33.51,0.3723976909841176,-0.37600128742203426,12.480614080190518
33.52,-0.2672484523247355,-0.5817478808448346,12.745852039344927
33.53,-0.273144297438481,-0.0712234090826667,12.137911605335269
33.54,-0.36786213711340104,0.5378542671897835,11.791586621490254
33.55,0.047244666380699095,-0.44463199254468544,11.72483040729112
33.56,-0.12404181241090308,0.021980735827369254,11.251892229036745
33.57,-0.6871531969003872,-0.44618583771118525,10.90738588895404
33.58,-0.19511104341900914,-0.2513582480299491,10.978732656330092
33.59,0.3267354431136066,-0.019493738413485538,10.42595406705207
33.6,0.03249600982169096,0.4813132114295229,10.249661994339155
33.61,0.20343975550990254,-0.7153851073984568,9.671596157907121
33.62,-0.0743929386978845,-0.26482740004723077,9.462877624483795
33.63,0.2762838692935244,0.09929002339326315,8.979564416878834
33.64,-0.6404424984078417,-1.1544766119762155,8.695649924897364
33.65,-0.5100609710489473,0.43716056518809776,8.785377618133007
33.660000000000004,-0.3302236775155833,0.08959633664639757,8.337051164308717
33.67,0.5675802059342162,-1.0200282998298995,8.04878877784511
33.68,0.4918555323689448,0.10264937939334286,7.688963700696944
33.69,0.16945669745144898,-0.6704258138608474,7.412552070461554
33.7,0.33386339297725043,-0.005087334745587622,7.263134368316811
33.71,0.18580988812184884,0.6271114140978115,7.037302918156706
33.72,1.3609225742371633,-0.17261056367669098,7.048453579416776
33.730000000000004,-0.10246896574525943,0.009541066697711825,6.862423608943329
33.74,0.9145872773148496,-0.046196932682861735,6.848916953683278
33.75,0.09135071816813754,-0.49292786084716644,7.201615118567519
33.76,0.12631994627052526,-0.7904928892359353,6.818834857032038
33.77,-0.40678117433863253,-0.8622708790814417,6.713358232355754
33.78,-0.13533326132541285,0.0988782948677946,7.210154136602299
33.79,0.3516740902998065,-0.16121717783870573,6.94720751700513
33.8,-0.5655812844722714,-0.3122151537119412,7.111804935221054
33.81,-0.17424242068098944,-0.5026377576284983,7.736499373133378
33.82,-0.04325190239499687,0.03452664598603549,7.75909907441355
33.83,-0.29561868029009103,-0.38181742730540447,7.795144606688836
33.84,0.4082630824880631,0.0015403364543516511,8.239661711725317
33.85,0.3964811543465186,-0.3197281981347212,8.735365092317224
33.86,-0.057619678458006966,0.6362146136629644,8.70155367992369
33.87,0.299181063135027,-0.19822165401488154,9.196475104440756
33.88,0.35872708585268875,-0.5941806032222581,9.865689931758657
33.89,-0.06563912649671787,-0.033079151671463566,9.818827823647283
33.9,-0.7012594079943711,-0.6074691366068053,9.925939119511133
33.910000000000004,0.935485004267738,-0.08664298867603082,10.452760957974414
33.92,-0.5375035145807562,-0.7477549320443981,10.79218904841747
33.93,0.514168594917924,-0.03521200225465033,11.067391891418918
33.94,1.1234424942189816,-0.21444321396954316,11.702193529967458
33.95,0.36588066829432375,-0.49089528428013596,11.744210872459385
33.96,0.879227384950145,-0.21545964519552893,11.967269838494287
33.97,-0.1674983179176509,0.7272573272312058,12.26623890989614
33.980000000000004,0.08559170918047887,-0.8680159507491008,12.396633288180134
33.99,0.768993021653763,-0.5364839458883947,12.241384660404456
34.0,-0.30861034751955735,-0.6801430651797584,12.755388013381655
34.01,-0.4893271720057231,0.4291041387666218,12.822614734833945
34.02,0.005247302744086808,-0.4290982864787162,12.847643040256884
34.03,0.1597941673369011,-0.41172702815567747,12.910068951269492
34.04,0.09561228215204613,0.5508437210267302,12.939535736624581
34.05,-0.3100178625775332,-0.4031822358390141,12.914720928858305
34.06,0.41045437401846835,0.6996395078130968,12.363517475957767
34.07,-0.021462496279664248,-0.16363729297957755,12.3510597559205
34.08,-0.6981506798069815,0.16666895557022038,12.13928467068417
34.09,-0.20895127511877518,0.41617004890267717,12.0190807830778
34.1,0.14612417127761235,0.26018979232457473,11.9089268003598
34.11,0.2590933000987576,0.10748938945733699,11.325898892984796
34.12,0.6424484543484684,-1.195013048045228,11.411220040548029
34.13,-0.4378368542302279,0.09072852778722712,10.781595430381712
34.14,-0.578217444316746,-0.13046018425322303,10.542086795533718
34.15,0.1926806760196949,0.39480013945008297,10.1791786648912
34.160000000000004,-0.7079242516576326,0.4161708835699098,9.952006076923706
34.17,-0.0732924109700477,-1.0451551717048686,9.735099179980569
34.18,-0.14414110081913545,-0.510917583461897,9.040683171369382
34.19,0.5008482570546688,0.09180987898171589,9.251693288513088
34.2,0.2666902044487535,0.7996788096674909,8.550834481106754
34.21,0.387608399501287,-0.4839183840047247,8.71246585843354
34.22,-0.4290884406425295,-0.00859489827554507,7.867342256243853
34.230000000000004,-0.8261025488987003,-0.7168900921588295,7.959790362422599
34.24,0.1827089087799332,-0.06260593768443948,7.672891570607161
34.25,0.20855107699231532,-0.08133488009789257,7.33800195866383
34.26,0.9820252033822354,-0.0016916855401183158,6.974667455364521
34.27,-0.114912251250393,-0.2560799503720162,6.9690624970522075
34.28,-0.7290348998117546,0.22432861120349634,7.117876106153768
34.29,-0.14535830036570702,-0.389721122063611,6.9750305434775335
34.300000000000004,0.5329928083830989,0.659733140229234,6.934952839983356
34.31,-0.15111925901291154,0.5367716880009027,7.027636833917156
34.32,-0.3897427218950341,0.6335611614443382,6.91294731459652
34.33,-0.13021402409749844,0.12008855644462128,6.904637412949152
34.34,0.4182862771061627,-0.2838635159211074,7.155706251104158
34.35,-0.6171066933034778,-0.7476250953477823,7.27568479640442
34.36,-0.6110756146029734,-0.16396212476143426,7.557639872501321
34.37,0.3117767868368769,-0.7392003415860178,7.633828651237844
34.38,0.9626636293000205,-0.5818215826326294,7.893675793315926
34.39,-0.10789479123490253,1.0846115696168126,8.219138114538119
34.4,0.6316541406190169,-0.04260632105689284,8.35477913635171
34.410000000000004,-0.49004670265784633,-0.2839631931617695,8.498019023111443
34.42,-0.3015573700395681,-0.21522757765470013,8.97589933221225
34.43,-0.7967483937622793,-0.5182233611683926,9.327006540671027
34.44,0.2595829481526138,0.43117418397038476,9.818416908176586
34.45,-0.33587871099208577,0.1259080423794826,10.086351709267133
34.46,0.2986713818858969,-0.4460048546913774,10.250007358723224
34.47,0.4573392656008059,0.2704097040840093,10.689746479240148
34.480000000000004,-0.0903248356394054,0.4939201518618439,10.92939914481917
34.49,0.4774354186948273,0.3208085392237476,11.204104736826205
34.5,-0.5941702611012388,-0.21914227160487706,11.685492437289007
34.51,0.8435428173851447,0.09429018547489937,11.66932024934774
34.52,-0.41897364653092933,0.36730995433824826,12.222334763364511
34.53,-0.1708882759101886,0.34625738346505985,12.219159677923228
34.54,-0.2763011090442664,-0.07731426649411312,12.5116991856865
34.550000000000004,0.038055501092102956,0.3537902447679762,12.529347171593853
34.56,-0.442801957716673,-0.4239652046823169,12.596799088208021
34.57,0.4008873934013122,0.2841790506368165,12.671460767544705
34.58,0.12281080278604851,-0.4000941259694315,12.924642219974858
34.59,1.504386479628869,0.25011433255187165,12.536823424806549
34.6,0.2881531467841046,1.066441685169325,12.7645300020034
34.61,0.2343730739088288,-0.24830617726456697,12.568056569798857
34.62,0.6148171311799263,0.7875798898197838,12.469678395293
34.63,-0.3442414063650058,-0.9223081179395349,12.665275735436984
34.64,-0.354573248608199,0.16567981031088014,12.09954229946223
34.65,-0.16280974036650941,-0.07107980753635061,11.876335872796647
34.660000000000004,-1.263238016878555,0.1153567959504586,11.50915176637225
34.67,0.21866180061596924,0.34390300198602464,11.190103654031548
34.68,-0.49493437574385846,0.8016978021202801,11.142528197565904
34.69,0.7176506743793474,0.014430715095092255,10.766426580863646
34.7,-0.7208135451591917,0.1616101498552869,10.649703731811512
34.71,0.013809975023617254,0.4215800646568636,10.243753604798409
34.72,-1.4292629369056995,-0.6219924233008094,9.7388638570015
34.730000000000004,-1.2767267204593615,-0.05319072254345476,9.756719873026706
34.74,0.3859462424861635,-0.16331878577633632,9.36579427125458
34.75,0.3513626643438504,-0.5773666364006852,8.875799397819112
34.76,-0.4275929899130429,0.18050522289427545,8.674411178721352
34.77,0.3324815361438194,-0.7749923004100167,8.513617653208549
34.78,0.17953713069469215,0.2994636818882654,8.035255460960006
34.79,1.0119504830864197,0.10599217483420058,7.636982160596752
34.800000000000004,-0.3739976877428836,0.05324267764895316,7.506039437952706
34.81,-0.08181839863908838,-0.36455592942673126,7.313470975934397
34.82,0.30117601284818146,0.06741287012723769,7.160111660801114
34.83,0.020201185434925564,0.1681131061184739,7.155673053763358
34.84,1.2090636265075,0.2572000924867947,6.932756603777556
34.85,0.5877440402087035,-0.4622730489795128,6.575846224926858
34.86,-0.09593867033572755,0.07932457079929475,6.680159238099749
34.87,0.8520302852568249,0.7700921730358263,6.655167828401671
34.88,-0.1723880483630815,0.7737343221663205,6.921373217791862
34.89,-0.7457684458410693,-0.13100513550578638,6.91841165930643
34.9,0.40575507514557607,0.1094009023600428,7.138420329875381
34.910000000000004,0.28705417919062914,-0.03562018874255611,7.1728615412902625
34.92,-0.04330707424469221,-0.2138379863697163,7.331882851758844
34.93,0.31598608199944694,-0.5247187801115297,7.817991360057222
34.94,-0.7888232986648467,0.25680732837186404,7.977376223858602
34.95,-0.3203776457146845,1.0202611240453658,8.156618717740008
34.96,0.018231304180496132,0.5930496042054242,8.239215868389689
34.97,0.33508289608907355,-0.05674909790977467,8.608553029930443
34.980000000000004,0.21043287300151067,0.17659320758530855,8.9495316126084
34.99,0.32370695505701697,-0.23195721622460871,9.452252654630213
35.0,0.0959748302755165,-1.6787705404889404,9.656209030049592
35.01,-0.5569250922257732,-0.3634961354583701,10.299074498756527
35.02,-0.17775037777589303,0.4284829177949666,10.584175106884462
35.03,-0.23329629873915525,0.6819981092141558,10.773718127668007
35.04,0.2221060595674299,-0.6990054135539221,10.983585428135962
35.050000000000004,0.511061649288861,0.40077630125908936,11.33208883723679
35.06,-0.38930335762647783,0.024206473931422248,11.72673506603658
35.07,-0.2695674834058365,0.025033190228087556,11.93776274398452
35.08,-0.04017728243691515,-0.5360152259003498,12.127016929008915
35.09,0.692306599912252,-1.024828859092808,12.528921969927012
35.1,0.24429797621483637,-1.0000474232332655,12.46204078584755
35.11,-0.3352424451456696,-0.09006294720415588,12.620587673073445
35.12,0.07589519637671674,-0.30139906302544645,12.814898606308152
35.13,-0.5822581813056301,0.4085118809853141,12.825470856887906
35.14,0.6457509878854505,0.4385770667396513,12.961887022441282
35.15,0.6096309456385166,-0.23425761855454413,12.702495856728351
35.160000000000004,0.447460674007959,0.25207993017591085,12.598090578329435
35.17,-0.2800604043242888,0.10166975848963299,12.71488113119576
35.18,-0.02346398886762846,0.7920028862464528,12.500645938748159
35.19,-0.4051245358610031,-0.322160396540271,12.431371887045287
35.2,0.8509567252608102,-0.4677076821200998,12.219804666731415
35.21,-0.10588037360844456,0.6755838537403321,11.98701173499368
35.22,0.15531239652000284,0.13688151609042604,11.477528960351153
35.230000000000004,0.27859743092849676,-0.5564650629504511,11.328802425176717
35.24,-0.2624161418713215,-0.9744281183771393,10.962193771830941
35.25,0.2693901535141926,-0.2015266394334362,10.65700609442775
35.26,0.30374210839529875,0.10210998260778567,10.417630930170912
35.27,-0.21153247714393955,0.08349088316457567,10.29093893375153
35.28,-0.1423730847620528,0.5092406640337546,10.037885255150922
35.29,-0.28011816815339613,-0.48655441931098214,9.263200557178463
35.300000000000004,0.4799782211259147,-0.26527039792112095,9.047815191670953
35.31,0.4532020937915706,0.1682381236911188,8.610024695851827
35.32,0.31381023638484556,-0.23003161624062504,8.304290599292008
35.33,0.3960712466253418,-0.3302848736435318,8.08882541074712
35.34,0.3897310972608061,0.4510384393366684,7.615571065748279
35.35,0.23163868323626557,-0.4551265952926657,7.667023746234783
35.36,-0.0810113514331124,-0.9962424001150689,7.226162244265543
35.37,0.42682741733982754,0.3648448578166185,7.181995362336364
35.38,0.2979610853854574,-0.07164038067376184,6.934507081365637
35.39,0.27395151667408785,-0.14218263916115967,7.037327627363022
35.4,0.5362205977152233,-0.538816294479244,6.973178034006314
35.410000000000004,-0.25174291265035226,-0.3042472664779448,6.899204106581644
35.42,-0.8397393436981342,-0.24511103313643812,6.793100201647475
35.43,0.0600034777838738,0.63028290465738,6.592615127541151
35.44,0.32525980696424606,0.48529614612462935,6.744892882318506
35.45,0.08852938621833353,0.8068906778100521,7.077013045986209
35.46,0.4394225311550497,-0.0771021242335167,7.061625634585361
35.47,-0.13176577391706704,-0.04628934546780221,7.281277054248341
35.480000000000004,0.2969724418184014,0.09392803712691607,7.614356517488404
35.49,-0.08983658748716669,-0.5008943669723509,8.090935320809436
35.5,-0.055563878598246165,0.5144744096117224,7.924826541781387
35.51,-0.2190294098359714,-0.7710113328273221,8.386559611069579
35.52,0.7285801736970354,-0.7663407012770422,8.54022345974036
35.53,0.8409840151539637,-0.38703187950163337,8.776012588626923
35.54,-0.28184778500155033,-1.011519503849498,9.223210826936715
35.550000000000004,-1.2354151186298301,-0.5116753487678567,9.573685664767185
35.56,-0.7574508245414723,0.7645058116547055,9.885338095088715
35.57,0.19717625124666552,-0.8015781841841529,10.36418678485403
35.58,0.34837055616185375,0.174582254087092,10.575409511799469
35.59,-0.1890953391855507,0.7322635723911162,10.629989669373462
35.6,-0.24196440652224627,0.0443786216175713,11.324380582474033
35.61,0.14831205283561477,0.08658680076104759,11.604815092144088
35.62,0.4421754153395072,0.1985123830538285,11.58273537557948
35.63,-0.11242753990788384,0.18241349307321716,11.936387339654344
35.64,-0.26937066439404966,-0.22608633234835676,12.176687547801095
35.65,0.21106740066007448,0.4821392003625046,12.530583272243867
35.660000000000004,0.2746948264224122,0.05506455898106709,12.53761244821268
35.67,0.15461000405703348,-0.2674661566991021,12.828676601404819
35.68,-0.544603543509507,-0.3466548092390339,12.646408452527748
35.69,0.5579596260111463,0.1366279867932178,12.92403200404083
35.7,-0.04012859283062559,-0.821639577954209,12.794327585710908
35.71,-0.40773627742203433,0.29791280721086466,12.69801735848789
35.72,0.09005762736534814,0.1446191519407605,12.800553070523264
35.730000000000004,-0.40558096162974644,0.23667234922112101,12.680105752439795
35.74,0.27077024959738,-1.1178456897240212,12.496853132107594
35.75,0.46621694569901645,0.3062253480222829,12.207800230116096
35.76,-0.18886379323665892,0.7710172432501895,12.169529615682118
35.77,1.3035501101226734,0.23363943059359368,11.948817471478032
35.78,-0.10308870959234502,0.19311581551952844,11.455140375695725
35.79,0.3529948000817086,-0.28716117681427955,11.22823839788764
35.800000000000004,-0.2811999873774433,0.10331929440441885,10.676932278406262
35.81,0.2436456433036542,-0.8257956336751319,10.480258322309103
35.82,-0.40740905484442663,0.18115702905225453,10.39671400568805
35.83,0.15840820041958253,0.8414218195965539,9.769754761368324
35.84,0.8150307525986729,0.013808958151782253,9.624118169025378
35.85,-0.6471187988327446,-0.11031372072174653,9.23213652862053
35.86,-0.7004950165096049,-0.6542318981222173,9.15541178109919
35.87,-0.3935984211714065,-0.15204392575598918,8.612191980101072
35.88,0.06979609157355302,-1.2237644095688964,8.007561746995528
35.89,0.41039414054423834,-0.42290009866953526,7.942885647475219
35.9,0.13562808824731312,0.42813162321819437,7.809709990541429
35.910000000000004,0.4887578863338721,-0.6333164918042841,7.603790015844159
35.92,-0.075684231485678,-0.16208678103618365,7.37786636024665
35.93,-0.37810398158443553,0.8979498582094667,7.3261508054700775
35.94,0.11091824399152182,0.123069316779551,7.034913576444232
35.95,-0.5564106726489779,1.1000000533262213,6.610191049208269
35.96,-0.20175738297681034,-0.1874610403175745,6.732679608547183
35.97,-0.09641265158068364,-0.5123477393858772,6.8326526699859045
35.980000000000004,-0.6326459869024165,-0.4087414504630892,6.708967983919703
35.99,0.5502467760356122,-0.18392633498504563,6.912631412678257
36.0,0.2740194042616342,0.15025960182119086,6.989386464826434
36.01,-0.8096836177464594,-0.14141515774188765,7.311582025485611
36.02,0.39880237196735946,0.016019530622431485,7.121583407888232
36.03,-0.1700020705658739,-0.006281134713402738,7.23772538964834
36.04,-0.20560744526777822,0.47006539196136077,7.450867385312204
36.050000000000004,0.03894450474983239,0.33996697440724755,7.816358842078124
36.06,-0.1705637108769563,0.8804990769873136,8.235871242162377
36.07,0.6822457132876742,0.0740038501281312,8.431374868758406
36.08,-0.3981923105551617,0.6653607426117653,8.662679000420908
36.09,-0.6552734847402059,-0.7772622705146441,8.924233782153715
36.1,-0.41287651437672057,0.16799830835759919,9.388711145782747
36.11,0.07188761994864207,0.15501200744078733,9.855303666042435
36.12,-1.115580124360162,-0.003263211538002251,10.26838280415797
36.13,-0.581825396018217,-0.30754386312424287,10.623301697313883
36.14,-0.6295117386173382,0.21778578420841527,10.869376379701121
36.15,-1.131370342443978,0.15116153664943824,11.122943073929239
36.160000000000004,-0.1563258761238007,-0.2268252146830281,11.281967823043797
36.17,-0.2260898610036432,0.691519913045942,11.700250027294517
36.18,0.14829419151306864,-0.24577166665212566,12.13051548346487
36.19,-0.08308824273025056,-0.07812494471709079,12.151590052856065
36.2,-0.5450123047543827,-0.455805377743026,12.444785195602002
36.21,-0.4676377747845195,0.09333986194080074,12.498583087994964
36.22,0.4407817088133549,0.3231177902590132,12.700015102793259
36.230000000000004,-0.49993392634104566,0.3503192539270346,12.584683032338054
36.24,0.37475660106438946,0.1396046788663156,12.588717215815551
36.25,0.10079062484744442,0.2330173870288108,12.652490481042395
36.26,-0.29160693042370567,-0.06917222086555556,12.488674223950346
36.27,0.04906903705111233,-0.23434308562723707,12.852554826981457
36.28,-0.41131777482313625,-0.10867409231339903,12.986516347034721
36.29,0.5437274362570959,-0.259972305223115,12.466910760965309
36.300000000000004,-0.825259147515706,-0.22782885869475553,12.213892237785307
36.31,-0.09061618566694843,0.015277644742921061,12.188746686893742
36.32,-0.43599292324817035,-0.17061999686136564,12.14713546168194
36.33,0.18814296192332855,-0.721751892518329,11.667151698307666
36.34,-0.26740798405322364,0.16112524314926183,11.568151601091534
36.35,-0.2753189331236072,0.17350899539631726,11.075909038226852
36.36,0.2062120248801761,-0.11489244558072753,10.79774466865686
36.37,-0.38909824905812324,0.43612439187919994,10.20856800729259
36.38,0.6504855785765024,-0.07908426119492722,10.153536811360038
36.39,-0.1362894650494726,-0.33687413369239405,9.622745515266198
36.4,-0.03717391265214823,0.19728929142571586,9.266886994487011
36.410000000000004,-0.10465218878203528,0.6919642810698912,8.85550611330589
36.42,-0.9962390146794163,0.6127449379267288,8.856181116013186
36.43,-0.18894576329242488,0.6564844979435713,8.797650540144263
36.44,-0.8839473462958454,-0.4445452469003728,8.052692873172383
36.45,0.3255611881146939,0.1726050515603104,7.847287371664464
36.46,-1.2551110727326,-0.7117600045101311,7.584982531811742
36.47,-0.529193188513787,-0.8659407417724927,7.484197773210158
36.480000000000004,0.16197139590734483,0.7128074257335899,7.374940210145232
36.49,0.8301978582636419,-0.4024180570068658,7.064175929184611
36.5,0.4062814557129663,0.3447816957618597,6.886803853713614
36.51,-0.11774592830231768,-0.266210894609059,6.5908300935121495
36.52,-0.1987126397016576,-0.3071260332914779,6.906508940841521
36.53,0.26954469008454884,-0.40381363158164674,6.812835171796677
36.54,0.16553077462141166,0.6646552843488306,6.5574529589151815
36.550000000000004,-0.7805086880488191,-0.6918773724104071,6.7181421691095
36.56,0.8234368455355259,-0.04225730406646248,6.849086011546439
36.57,0.42843558368028295,-0.5126050142931268,7.0686985125124036
36.58,0.29061822107268626,-0.7058318020933317,7.173576788522113
36.59,0.0065207939143061885,1.113078766454846,7.629318219046365
36.6,-0.21872545836722915,-0.20465273180714302,7.603669613469741
36.61,0.3901909338385248,0.06341498383852796,7.930513756348658
36.62,-0.12771814999286035,-0.4470752584325312,8.132149230481332
36.63,0.026284400850014173,-0.6223430888164481,8.694907902072602
36.64,0.34776285281796576,0.3979034784906215,8.844217368950574
36.65,0.3423955815203814,-0.33067681487953055,9.23865385371139
36.660000000000004,0.24048819592741041,0.03236837385894809,9.656917543624335
36.67,0.19848134994298094,0.5018972652513408,9.911529893844671
36.68,-0.5358619092921195,-0.23898309778075968,10.229396331919016
36.69,-1.07419704912695,-0.04251753159852509,10.6953368002375
36.7,1.2102326980973206,-0.25153169065918857,10.960571802220542
36.71,-0.06111051018773278,0.11024483349934351,11.229492204252258
36.72,-0.6534312836637705,-0.1483274517184978,11.444083898928046
36.730000000000004,0.31993219034911613,0.08083039033936026,11.794220636192945
36.74,-0.24304193149456327,-0.7775132611470995,11.904666009654138
36.75,0.27100387638385487,-0.26082992430970875,12.451396486003413
36.76,0.1557681667884222,-0.4794071031172857,12.453116065587007
36.77,-0.5407337262851546,-0.12383700359538903,12.628244031518937
36.78,-0.4785704359055593,-0.6938265974469727,12.579367606877206
36.79,-0.6035485533139056,0.22319918930797591,12.72021575274018
36.800000000000004,0.38463097487783365,-0.3054978992311461,12.897619809920547
36.81,-0.5348194993927672,1.4170208636893302,12.503834159215526
36.82,0.021365394735585224,0.0032789014227515407,12.719473743201654
36.83,0.40123618511151743,-0.014645416343001984,12.589815006775794
36.84,-0.034729161114437766,0.46965001825470104,12.405133415100257
36.85,-0.12222871841438032,0.1804442338770786,12.530981350747476
36.86,0.3130913826829969,0.09093214753093652,12.133826924835594
36.87,0.06387601023819833,-0.09092130983488382,11.881911489809728
36.88,-0.8642312146816414,0.8514096728494711,11.948206992139285
36.89,0.3309172949023142,-0.43285352989909925,11.250882080300627
36.9,-0.5646092148418377,-0.5865422811431132,11.400292432388225
36.910000000000004,0.5887472206373255,0.0686538996491628,11.099258478877765
36.92,0.3191497877598211,0.2808178277509976,10.31218562607583
36.93,-0.24811194987619078,-0.3573046864393976,10.253715476589294
36.94,0.4676977345999182,0.03756549860627809,9.993756126781145
36.95,-0.5834025505076254,-0.30156516684046775,9.764298092227843
36.96,0.7948285195043246,-0.7255926673448414,9.19534720202273
36.97,-0.8337470099713757,0.10727710124883806,8.92007114728979
36.980000000000004,0.11114196396768766,0.3618979931137932,8.737569424224473
36.99,0.06192005289984309,0.1725904205931443,8.186556654056965
37.0,-0.8769097503384979,-0.6042036039413333,8.123962306571412
37.01,0.8625578632595996,0.007869311570745854,7.939766166520645
37.02,0.13882311851337814,-0.0007560409252819142,7.3799380457911425
37.03,-0.7400616343097203,-0.17681563093933508,7.374309532340401
37.04,-0.04411892100273555,-0.5383119978640539,7.164828526730928
37.050000000000004,0.22919963200893814,0.4096707455775825,6.853105454382588
37.06,0.325228252217275,-0.31526685198863535,6.926617571570682
37.07,0.3817482304988883,0.3715310839997992,6.795393136226954
37.08,-0.7741128894985331,-0.885123147122237,6.6830658054033725
37.09,-0.0869658597595208,0.3215032792882279,6.75434403421208
37.1,0.8876224090372002,0.4805651416607437,6.706590723447965
37.11,0.2897617897673164,-0.17593563208846175,6.995131451288434
37.12,-0.08182070852054124,0.08315623656440353,7.11570918725707
37.13,0.18188331527266394,-0.5377699949140178,7.321712176531287
37.14,-0.3876995732130414,0.2915952857135925,7.410356839433982
37.15,-0.14490312168522274,0.14056125093469446,7.644741610594169
37.160000000000004,0.0027088122675190964,0.3812038574420731,7.774972326130287
37.17,-0.17039175693267916,0.67783146259075,8.227106876005728
37.18,0.5781200243690717,-0.47546015537890385,8.327516788742672
37.19,-0.2991961379164628,0.35576190582907125,8.815460334905199
37.2,0.5284713066092223,-0.544675891939133,8.985266900785941
37.21,0.38899969189016376,-0.9624530136503155,9.270481411294714
37.22,0.6015315084690208,-0.5043710062547607,9.783062263819053
37.230000000000004,-0.6600233234539822,-0.660160887839363,10.308736231886112
37.24,0.022502888624187863,0.20981800079302507,10.527537264518985
37.25,0.3105647554138041,0.9603000155925142,10.659646505461355
37.26,0.4698764297094546,0.045598728509486125,10.834697995848007
37.27,-0.09401694327796488,0.4937511750037099,11.117890903634372
37.28,-0.7924616967043983,0.4233026837948782,11.665834314538436
37.29,0.7774159771824793,0.23250959406269772,11.905527598725918
37.300000000000004,0.06720476267263492,0.34262324842808406,11.822037649210625
37.31,0.20679774262511305,0.8741498889873347,12.28874684532746
37.32,0.5220354588270075,-0.6403936852127214,12.64307292008794
37.33,-0.35870657607632767,0.02351094942738087,12.612363309425053
37.34,0.8912217272581535,-0.432672832955458,12.710040922438377
37.35,-0.4857842711282252,-0.5037837533374829,12.602315286249052
37.36,0.5452271549457196,0.3721155043097843,12.903206737640627
37.37,-0.2328547172623199,-0.5072278462527137,12.678846766594154
37.38,-0.08134453573014835,0.4003689921504734,12.64625711794854
37.39,-0.6002630763704675,0.02437469033499455,12.813219924168646
37.4,-0.14165545466320287,0.3353201309119061,12.362496915224217
37.410000000000004,0.49365891078450963,0.6552222173256338,12.322604611933274
37.42,-0.4645192776874979,0.7288753209654528,12.157349723019687
37.43,0.15219686817639477,0.2367383399783132,11.992385117879357
37.44,0.020917349960946494,0.3494310727436537,11.913750745533196
37.45,-0.6495935205495482,0.4751074642282342,11.404729362396244
37.46,-0.47719593549193284,0.2576322432177511,11.189665824656293
37.47,0.060453520510866894,-0.5632903888399758,10.784612776647474
37.480000000000004,-0.5013091141567733,-0.02860169188871901,10.221702303067534
37.49,-0.6934451045738198,0.9310325446981647,10.30541991163208
37.5,0.7776274207493972,-0.5334424771985113,9.909864258596128
37.51,-1.0362780992125673,-0.052016839699850596,9.64163345927564
37.52,-0.07951180102257378,-0.17867030297654196,8.969378249893296
37.53,-0.47234830652292487,-0.4447626740175496,8.822829621944658
37.54,-0.01919179597910085,-0.13156176745919188,8.773844186990809
37.550000000000004,0.8365673533607765,-0.23715804673521346,8.523224934037737
37.56,0.03387569569261859,-0.6068883121110776,7.928231721603047
37.57,0.11517408873532266,0.1419814675229864,7.709806241828166
37.58,0.3828791508885027,0.1303894006719246,7.297136848697828
37.59,-0.0035838086810009396,0.6401054960369736,7.216133069554235
37.6,0.7194431654530415,0.24289812812369665,6.970700103359129
37.61,0.32514310869858387,-0.34790877384845137,7.115569885981104
37.62,0.3234089058890643,-0.09357241007908096,6.807697911931684
37.63,-0.721328647310816,-1.202709957085307,6.801442874539737
37.64,0.4387559886880408,-0.5513583781955735,6.919402299023227
37.65,-0.42891036158573476,-0.300089178657974,6.8038558597825505
37.660000000000004,-0.32422656138166595,-0.056266287192524495,7.041056551712965
37.67,-0.2315683103435559,-0.8938838426504514,6.958542354990014
37.68,0.597588099605729,0.6030780578515725,7.230792973278117
37.69,0.3080746232262005,0.7333296741039962,7.135686982270447
37.7,0.3724902735968785,1.1701586944934796,7.485889831315895
37.71,0.14467808148260675,0.27369656202488,7.497710720770275
37.72,0.6061056376551062,0.16132036273830302,7.8467785950541
37.730000000000004,-0.0129218606618006,0.4771360419229116,8.145971680730028
37.74,0.3937059601134073,0.5464753489717771,8.846809015894465
37.75,0.28879715899520136,-0.6656312395332828,8.71414562299619
37.76,0.24561063785780785,-0.46612605057528306,9.491607106544823
37.77,0.2181957790212337,-0.5284687310679437,9.63549315832106
37.78,0.235500398654827,-0.07363810463247443,9.944672545087615
37.79,0.40911871802628885,0.5740593641404566,10.10399281808412
37.800000000000004,-0.053000791020385525,0.15165919963119226,10.668178689685888
37.81,-0.7320329611198014,0.8783651062012809,11.152309343068836
37.82,-0.14472249964137676,-0.3163839305874428,11.325576422465232
37.83,0.07709008692792435,-0.5254268199493956,11.53029168059073
37.84,0.1748467410817447,-0.20351473616842766,11.752603280434663
37.85,0.05370581911660004,-0.04860810499472106,12.090523818735543
37.86,0.324164373266367,-0.9102050842326076,12.228576140102303
37.87,-0.26114769411976946,-0.01748666618915732,12.360682746294655
37.88,-0.10965834263320337,0.2642852995967383,12.676270707828255
37.89,0.23485483079217484,0.6249916924564617,12.614876330702836
37.9,0.2524609891697842,-0.18716666288441378,12.879977718386254
37.910000000000004,0.13640034227156875,0.053980081056184744,13.107109762973215
37.92,0.2724708940642791,-0.4671007765522038,12.941898257089422
37.93,-0.34916487790266026,-0.2866253646738986,12.693604793456778
37.94,-0.44693752404255815,-0.20632763839039223,12.668092390582391
37.95,-0.6366339662029049,-0.7639950879840728,12.748419366613238
37.96,1.0113690941609257,-0.6461170143773127,12.323323306830536
37.97,0.5693640985448617,0.5800095800446488,12.550848312912379
37.980000000000004,-0.28165157569929544,0.9843250297970013,12.033491984895818
37.99,0.17940135657188544,0.1463801983672928,11.846785468533202
38.0,0.28579107573624274,0.11603997954781263,11.626658725568674
38.01,-0.590791035487038,-0.7437647489048307,11.76676188585247
38.02,0.0895195839325483,-0.06528039284046122,10.96100126223825
38.03,0.5150625825038538,0.869901268153202,10.569208479131765
38.04,-0.5354848072479855,-0.19966964714688742,10.264513240235582
38.050000000000004,0.5769967043041112,-0.38714550848738083,10.086992154149739
38.06,0.043843534068756705,-0.13650443462252185,9.903723883101645
38.07,-0.12077756098783331,-0.4616649095686038,9.159501986263907
38.08,-0.8373994891949448,-0.8113308268758931,8.928263427280996
38.09,0.8027751316155499,0.6897769113037159,8.627768564380968
38.1,-0.3751107531189136,-0.8517860997718851,8.296828593106929
38.11,-0.6491378147187028,-0.14663606729822168,8.292439072122766
38.12,-0.40424897684732125,0.04992776647573552,7.934813077639483
38.13,0.29141875925422334,0.054360960744701384,7.774640508309163
38.14,-1.2574462933085175,0.3907662185092179,7.279020834618774
38.15,0.5891140205053829,-0.5146145231235073,7.006561050057165
38.160000000000004,-1.282843371488318,-0.24092067079017568,7.017100995851493
38.17,-0.1290239265308969,0.790610231338727,6.801780945051653
38.18,-0.30416846179828294,-0.3550291041509235,6.872199056859704
38.19,0.8453646266617966,0.8832362250036835,6.962744391709874
38.2,0.4886383669941834,-0.1351985587982729,6.477932262092979
38.21,0.01921402906395307,-1.0461525733632502,6.957075650330181
38.22,0.30122960895603873,0.012777756938034287,7.245708834878653
38.230000000000004,-0.2501081235936087,0.09583043716575661,6.855404199327324
38.24,0.6124846670864112,-0.13764498875680647,7.237673203261344
38.25,0.10172736653449369,0.19937500195232177,7.196271374375515
38.26,0.2950814332267901,-0.13728932810614544,7.456523120789399
38.27,0.08088777752622116,0.009962240419307848,7.847369850052309
38.28,0.42170427228164375,0.042947179501458335,8.371879860859275
38.29,0.08676889013340483,0.46077121447207264,8.629236627347517
38.300000000000004,0.049835097608452325,0.36023442303949543,8.712699690970362
38.31,0.9141027706249986,-0.15522654373557143,9.171496576844413
38.32,-0.01284321023232068,0.7318588152892638,8.934486543937586
38.33,0.7770506742277503,-0.6319736207543025,9.634098272801584
38.34,-0.2783753063710473,0.4851965299689479,9.988343963100894
38.35,-0.2408797746733211,0.5382098370194351,10.448185507821567
38.36,0.25421021646551,1.049940333004848,10.573566217944625
38.37,-0.3211358213421801,-0.07860607344940673,10.875951341432307
38.38,-0.12051721232475694,0.17596658659390357,11.172428955950235
38.39,-1.3259976055707317,-0.3323178126457894,11.679140520406714
38.4,-0.30449339779483864,0.7776638555334968,11.909856165610707
38.410000000000004,-0.28807013560002237,-0.7440417830757197,12.032361935497816
38.42,1.070099844480816,0.2981787941695973,12.43229896063316
38.43,0.09768344917691153,-0.01408962517866872,12.443263911596688
38.44,-0.04975345132591317,0.3191730142105132,12.508870289348282
38.45,0.04778794283053617,0.5648353347358049,12.601620410003694
38.46,-0.511525638140453,0.3705744625413415,12.457272219516085
38.47,0.14375737305337935,0.3822246759246132,12.823690215520218
38.480000000000004,0.2294638240804581,0.31123887520189675,12.892578766591459
38.49,0.4260945713696221,-0.3678053502268414,12.81428879625048
38.5,-0.3647062781911433,-0.16139033311246395,13.052350440965407
38.51,0.23679617862412997,-0.6387866669622353,12.477545595445273
38.52,-0.21530552712117101,-0.03962701559710275,12.179113293944289
38.53,0.42931663269583836,0.10867300728353219,12.450126463460512
38.54,0.14441989393232452,0.21123055965818857,12.195819414386596
38.550000000000004,-0.6286993005164965,-0.08028418509856805,11.594636699752046
38.56,0.40639625028767823,-0.5226671861688457,11.43033694475817
38.57,-0.8122295959507839,-0.20935338177253524,11.071669687927418
38.58,-0.01271099376291657,-1.413564265055783,10.915099620961604
38.59,0.3776939483645837,-0.09374055416211877,10.458966108539082
38.6,-0.02681883013027876,0.2274103772899133,10.291507687807249
38.61,-0.5039578276032703,0.6502654656911675,9.985201453678103
38.62,-0.24097953707365857,0.5544876351888154,9.79636897341837
38.63,-0.2494379873585884,0.20207987542547953,9.102121164525027
38.64,0.4336277230047988,0.9242538110897467,8.953356162341132
38.65,0.305149776073825,-0.5002040548413594,8.679052435895361
38.660000000000004,-0.6166232749770157,0.5545408552838091,8.260805028853337
38.67,0.4299985573204519,0.6449762109527465,8.189879319214624
38.68,0.41371825897269665,-0.2863806344796136,7.758467683095271
38.69,0.08978579604359113,-0.12984027096961864,7.486123868250143
38.7,-1.0282821650865053,-0.4840658171772081,7.586098040885055
38.71,0.4458519214163616,-0.36699548266419746,6.986321670240182
38.72,0.19603465003902998,-0.45750584637715547,7.150241190535218
38.730000000000004,0.42462245543465316,-0.8017494038286651,6.766253428563211
38.74,-1.1518340379934715,0.07550592957160392,6.9089350237894855
38.75,-0.33560987964717565,-0.9424441822527747,6.922559833679036
38.76,0.07383679634292103,-0.16490704287287664,6.962640135442074
38.77,-0.4271879831478046,0.08405777033119552,7.094348612854897
38.78,1.271624658556686,0.711194601118586,6.871306201127201
38.79,-0.6601080888107912,0.006016027994973389,6.914887072641655
38.800000000000004,0.28793428841706936,-1.2832645316276217,7.298900925667984
38.81,0.6492479616804258,0.6042504290955631,7.513463309223908
38.82,0.9036920774856428,-0.5978715441241966,7.68023673270366
38.83,0.37602252685184284,-0.3373897758457083,8.320673138804866
38.84,0.2935408440592046,0.22246453113799958,8.243788321891001
38.85,-0.2944812995874466,-0.18453567909875299,8.33095477244105
38.86,-0.13507150500862966,-0.3235162148943955,8.73017648562393
38.87,-1.0834807670320485,0.26247012158666955,9.235099237598293
38.88,-0.51454097771169,-0.017496154352772526,9.485306174977516
38.89,-0.13815881892358525,0.1504344751199802,10.015911265718575
38.9,-0.06516247511033135,-0.18520061888162545,10.309850782395305
38.910000000000004,0.474983672414233,0.03728297491527751,10.647836016062291
38.92,0.2702036390871224,0.03151757540370845,10.963457912717839
38.93,-0.5006752137822754,-0.8982578141775862,11.268177913551321
38.94,0.5170914647972807,0.01137786509557677,11.421671876001723
38.95,0.18292021898652389,-0.377250885607625,11.947075121515576
38.96,-0.9466562530558209,1.3585915636770671,12.13045929564178
38.97,-1.0304114160937226,-0.22522355112541284,12.077589950066871
38.980000000000004,-0.20616760961847233,-0.04354004358526811,12.439790327386332
38.99,0.555429599205465,0.6104131605154441,12.686789890155897
39.0,0.11829887625864777,-0.4029822682895787,12.870872249586252
39.01,0.3034114630798183,-0.012769088379460117,12.811463829139841
39.02,-0.43459090323714006,0.49343472109172487,12.918342095693857
39.03,0.0052597775810407175,0.1274884792166249,12.506960584961131
39.04,-0.3934700011381284,-0.06424182860937003,12.733836767411299
39.050000000000004,0.12075425052398146,0.11335187480684283,12.707106968197714
39.06,0.25603993510968315,-0.32039932777601715,12.450549307928071
39.07,-0.7688837671529292,-0.04715830863128773,12.464195151198687
39.08,-0.9092004433611034,0.72008529756251,12.252724362941228
39.09,-1.0967485997101198,-0.7894132259845462,11.913332453567246
39.1,0.022499614025289376,0.05735189076557227,11.938296655808616
39.11,0.48844973535249614,-0.1620497307709646,11.494719322675515
39.12,0.08263393005384792,-0.24671985850216585,11.25245073639697
39.13,0.0803429647722168,0.2422638917561844,11.154211449003034
39.14,0.038787190167019196,-0.053632942822873966,10.594311615523054
39.15,-0.4004775335262828,-0.3050708132192849,10.572243361130237
39.160000000000004,0.4708631775703506,0.6147141655780856,10.096693764728318
39.17,0.2959326651714213,0.0978011854907391,9.562108517029506
39.18,0.6633128762630758,-0.3270039531423633,9.131533046939518
39.19,0.8681123470425599,-0.11118744011844686,9.029674946453163
39.2,0.08847729825061197,-0.17174914582447529,8.585811441062795
39.21,-0.5053712947682852,-0.15652116415792686,8.210809234539521
39.22,0.019968617768296313,0.42478637197454666,7.907501455249029
39.230000000000004,0.009501005762372478,-0.23712333080605677,7.75246567087055
39.24,-0.44094259315530154,-0.014505137485005521,7.516091794243226
39.25,-0.6982352916446676,0.7449280860446319,7.397183853995293
39.26,0.2514099140045713,-0.2499815582391835,7.0018001692080984
39.27,-0.0837908788126843,1.2026051285571993,6.9599416661453875
39.28,0.04321035679789025,0.9227790503748133,6.831020729853969
39.29,-0.4320848516693779,0.13092507316819813,6.733170262101742
39.300000000000004,-0.281955466313454,0.4355802864980778,7.001205913797826
39.31,-0.048270504087738135,-0.44261647768107637,6.844522675309916
39.32,-0.35181836298522445,0.4487880941421908,7.1619420590178
39.33,-0.31355912775226047,0.18850642424336195,7.0326724503913285
39.34,-1.2162764078997277,0.09244801430530428,7.080411091487677
39.35,0.4855496478473475,0.04509029097764692,7.359468224454397
39.36,0.015890611430449123,0.2542394371867773,7.526700887996297
39.37,0.18330756178680854,-0.08419720909707892,7.3191562607628295
39.38,0.05211832541221953,-0.07214821470086089,7.6813674665159875
39.39,-0.3513495867627945,0.4914781378607978,8.033419562759558
39.4,0.6360114497270265,-0.37558493294968476,8.39755692338509
39.410000000000004,0.2850983579941889,-1.118933736773992,8.70286643343435
39.42,0.2545066997643648,0.8677850002764322,8.749635073575563
39.43,-0.03748520655596917,-0.7190789700250818,9.368716653111202
39.44,0.08476864290325058,-0.07043519228154636,9.71639389564109
39.45,0.30485400583149364,-0.6934799840081771,9.85348375141425
39.46,-0.07944837376331729,0.11624514107029031,10.149813719751942
39.47,-0.010793486610028448,-0.06652444964214482,10.740608096379612
39.480000000000004,-0.7959333732660815,0.539794533577624,10.907715384904757
39.49,0.23047692518924284,0.5432914614525519,11.405662509197075
39.5,0.19998193612123996,-0.0278272369328919,11.715235583518382
39.51,0.3637103482363958,-0.25292149725631435,11.882424891696283
39.52,-0.8421514848556896,0.0009191669670491158,11.847633132789532
39.53,0.11995916549165528,-0.20689854156421905,12.13698275953363
39.54,-0.0365277730164446,-0.17784245825816794,12.172403995711631
39.550000000000004,-0.4123889061323428,-0.48760535133448596,12.512921462297607
39.56,-0.22605601530159616,0.2405662435369562,12.562667450717804
39.57,-0.23911110949918127,0.26924175094324265,13.000485611850374
39.58,-0.2505996295854827,-0.24989237050850704,12.894608574277706
39.59,0.37375351562618125,-0.11807940211580407,12.754187477617712
39.6,0.10175015513190712,-0.44557488489800334,12.56382402199041
39.61,0.3168251291460119,-0.22841627297963504,12.935441012739986
39.62,0.3225328272407284,0.4640175105946839,12.414188450397155
39.63,-0.17655602365679957,-0.34072356996985165,12.089445943483492
39.64,-0.17898482418362158,0.2945418491884842,12.091878592842567
39.65,-0.44562157009643616,-0.3612833628667719,11.770791518183838
39.660000000000004,0.21978312593550128,0.05942851615782759,11.863677186794453
39.67,-0.5571430448900379,0.05866937530706481,11.316630425431862
39.68,0.36622492648952004,-1.0394318933293196,11.255584615089656
39.69,0.4478244569030013,-0.4918001072506694,11.095055174195867
39.7,0.0634710207268332,-0.2978179058058713,10.408076474722609
39.71,-0.48016611431045186,0.8250885310060279,10.195681677924625
39.72,0.2115237261061296,-0.2871071324503403,10.161742988202503
39.730000000000004,-0.09079020381855311,-0.7236292356255841,9.496251412734688
39.74,0.4535726647913894,-0.9314549875429041,9.162379524000455
39.75,-0.3517718027098013,0.42695168746270007,8.826227938922084
39.76,0.21667569826579455,-0.15684288590735318,8.444365107230647
39.77,-0.5999286905290238,0.3175429665603308,8.137612239002793
39.78,0.3296525680014176,0.6269360845606496,8.133040842453264
39.79,0.17321788306564107,0.41890403117648217,7.905061001995292
39.800000000000004,0.36715977053652693,-0.40420480448146273,7.353201850769635
39.81,-0.2813922438706479,-0.18112493463401017,7.588418128501502
39.82,0.32119132214284846,0.5261485415264067,7.365647958786787
39.83,-0.16405049370549243,0.19276540717035826,6.937457027698017
39.84,-0.352393403525031,0.3884612833479824,6.6368445713053905
39.85,-0.4403985313700241,-0.4055301222259303,6.6703816344993285
39.86,-0.2487378130954039,-0.5678207319995127,6.769833005611866
39.87,-0.2324183699359755,-0.23961390121193177,6.77888060557057
39.88,0.7888487731709679,0.33536339650705077,7.12596823540027
39.89,0.02277960382576967,0.1763635143298963,6.766997537214408
39.9,0.05233858880447542,-0.5548141139232539,7.06832900507804
39.910000000000004,0.23994144537472642,-0.046241357381622744,7.2180866733294256
39.92,0.30589883666500894,0.25740456575747345,7.564435739599037
39.93,-0.22969560080190798,0.060675218021023075,7.630307696226602
39.94,-0.08828649136127836,-0.05686198759206896,7.874881638007493
39.95,0.669021457651052,0.06580755087983187,8.189683803314077
39.96,-0.22188350162669618,-0.05617627519130977,8.419264344535627
39.97,-0.20818330088973078,-0.30619478450870824,8.884085704203118
39.980000000000004,-0.633150253493099,0.7212907175056051,9.209844978368782
39.99,0.5156153016829916,0.5677292521135877,9.330852200401543
40.0,0.24470381037600752,0.37298900662179113,9.92780429905071
40.01,-0.668273197463313,0.05399480452811618,10.187901965586878
40.02,-0.5569154387697728,0.48320060857200375,10.455282990731513
40.03,-0.22647585368477194,0.07729841716702732,10.945193158476537
40.04,0.8399120478154918,-0.2631873420084133,11.304154587873574
40.050000000000004,-0.5150045479022675,0.6470333254828389,11.292589014474732
40.06,1.213295212733501,0.07720307253766773,11.629006000071334
40.07,0.018242831788718987,-0.0841862065477374,11.95066955471286
40.08,-0.4593170514637607,-0.6296236601276569,12.408169596976707
40.09,-0.5691494694329464,-0.14522073448589978,12.412914939755119
40.1,0.44449641859671146,-0.8427876004783402,12.549887425572946
40.11,-0.7427839680130277,-0.5051814920312658,12.941948815984198
40.12,-0.14076704507578736,-0.027114112303608686,12.696159037839507
40.13,0.316705985271615,-0.45447092330471456,12.931628259050031
40.14,-0.6796035478618853,-0.41575000837881443,12.698312495143382
40.15,0.05042201196496714,-0.5926524844156112,12.790904974465981
40.160000000000004,-0.5920345042374294,-0.011296128771434304,12.852146985058912
40.17,0.4571179306939258,-0.13604847578939178,12.50874015364846
40.18,-0.4306396980638919,0.2391046478296844,12.382792281571508
40.19,0.2732871328462197,0.7948404361922284,12.292854482909727
40.2,0.684771493485774,-0.13290588689355629,12.336483347622426
40.21,0.3032871087839995,-0.15394058437983352,11.633311165590241
40.22,-0.04871167649888476,-0.05930898415575741,11.534698961743153
40.230000000000004,-0.019074377956304536,0.29172980447719504,11.492015606724104
40.24,-0.4335473457763145,0.06870899525130908,10.713803148709449
40.25,-0.04241927807953743,-0.881231023195648,11.01080812579715
40.26,0.5001204261635362,-0.7022846784334034,10.423755652989595
40.27,0.3533572590731079,0.02891644925868919,10.36428557350174
40.28,-0.5213078597192443,-0.134024506349188,9.582431607574483
40.29,0.6989577352588082,0.5274829913973166,9.510776111695982
40.300000000000004,-0.46386184452335066,-0.08938894452449572,8.956251868017343
40.31,-0.5827435723570483,-0.38025516218007993,8.773503089171008
40.32,0.020438923988965248,1.0193552722564592,8.310291330564304
40.33,0.4571231013607164,0.19640496990361217,8.034082096241654
40.34,0.1764267440674514,-0.12995756389082425,7.601296433837971
40.35,-1.0950563534260358,0.05195721763796059,7.187897260472947
40.36,0.26186949904285345,-0.47247192235528035,7.386904554538311
40.37,-0.41424504467237655,0.3787619941939038,7.562687190136954
40.38,0.014945370775499773,0.06014244491743317,7.010352262325499
40.39,0.34260359844653704,0.19775362287250975,6.862426416888311
40.4,0.7537556774526613,-0.3572246747466675,6.926562201653055
40.410000000000004,-0.08802885349031987,0.9940516040481381,6.708013079595055
40.42,-0.06347175382946715,-1.0592623488799282,6.7249640198373575
40.43,0.007241643667825372,-0.21291845638728396,6.644747558301073
40.44,0.3820925357438474,0.4259959680409916,6.7645576252074004
40.45,-0.7475422441325781,0.5268275235835577,7.17232598396474
40.46,-0.3862525589681637,0.02699586182430806,7.025362619995745
40.47,-1.0487659257949227,-0.3241853660095556,7.359741558604724
40.480000000000004,0.6722229961306823,0.23321219133366408,7.481818447612789
40.49,0.014407825486720415,-0.1635793803793274,7.643624224394828
40.5,-0.2019439675841002,-0.8016476851664217,8.083226178492694
40.51,0.539697149736906,-0.010796086403126022,8.445808176814282
40.52,-0.2924731867485009,-0.21531829424354257,8.442503591487442
40.53,-0.031994898718863574,-0.10270828566089064,8.997273636923685
40.54,0.4366827280073581,0.12587327251927258,9.392863058939785
40.550000000000004,-0.2247491524458276,-0.23084144845319005,9.565692716350124
40.56,0.5195450566316763,0.34166274198774466,9.938767482407279
40.57,0.510252546077069,0.38239687637134084,10.288654157816248
40.58,-0.11005572220665277,0.0875561516430138,10.649392727547173
40.59,0.0022867462829293376,0.2956889302728538,10.770145115469534
40.6,0.2594589306178769,-0.613900825332525,11.167883636248467
40.61,-0.28878266623934506,0.9463549731535904,11.594749820847191
40.62,-0.6659381324277203,-0.33928120703397247,11.68423214426022
40.63,0.12097053449319872,0.019510380783091953,12.024842527765738
40.64,-0.3007851510544576,-0.28782867605759593,12.238111032953169
40.65,-0.3259517384768716,0.23547012649233903,12.31198470843202
40.660000000000004,-0.191997459701909,-0.24688038521527858,12.595197271742974
40.67,-0.4953519473981699,0.0254535698212629,12.882237057344003
40.68,-0.24886225596321104,-0.1135820817630679,12.641101142995518
40.69,-1.0217004228533988,-0.44056809827422655,12.703879045596368
40.7,0.4854334102844772,1.0488342787991158,12.770020917574197
40.71,-0.05028203437675922,-0.43330719896447845,12.572610710851936
40.72,-0.3617156677408916,0.28557317550017536,12.58528747260309
40.730000000000004,-0.3520573654052354,0.6374994318289602,12.338170305293117
40.74,0.2599678959427396,0.2743100039557684,12.130564288267736
40.75,-0.04035143929785343,-0.18677657978343593,12.277285471739026
40.76,0.05381124635260992,0.5965228031935282,12.138157461528971
40.77,-0.8241727537015359,0.7174667822446219,12.03028317915065
40.78,-0.5615622279007614,-0.165142796822252,11.477662693305597
40.79,0.25866843057138694,0.0407356980686787,11.35544664913961
40.800000000000004,0.04662613578358917,0.2532501168329159,10.8601646853003
40.81,1.0099510334438093,0.8872916525212452,10.472334111968626
40.82,-0.28652819170147925,0.17308044300902278,10.347440164102688
40.83,0.2912276946683627,-0.09894802832894724,9.875375729537144
40.84,-0.7097605736011774,-0.22102897816390835,9.672782841396863
40.85,-0.8105967203996196,0.09300529774698119,9.281730956367939
40.86,-0.29287735282334243,0.7116186825373997,8.762490194125581
40.87,-0.42884683963384745,0.12104174717556578,8.4261318589633
40.88,-0.4292217055073886,0.19549651568201576,8.133728929796595
40.89,0.09370743834547625,-0.4236686070136555,7.907374354619114
40.9,-0.049774215603124165,0.20589074379530106,7.882487851336769
40.910000000000004,-0.06357635568399202,-1.0683858039956176,7.49579031325834
40.92,0.6107141515378173,0.7305012075597617,7.5216125584467335
40.93,0.1110475427444826,0.053158043624907815,7.217430899839736
40.94,-0.7032752512081732,-0.07078472504756952,6.970346141944622
40.95,0.42504767377987485,0.3590480897594156,6.765809230169335
40.96,0.33061942536041905,-0.7952746617205972,6.533900649264342
40.97,-0.3108201606098619,-0.6053434506258991,6.963687607551788
40.980000000000004,0.37284436757607553,-0.533705465569258,7.00727089005721
40.99,0.322315541105726,-0.4841905983134826,6.82541966584717
41.0,-0.2927991665202254,0.3846603753838628,7.209147272266946
41.01,-0.1681613974092494,0.25285308971875303,7.060002942384139
41.02,0.4387530042227609,-0.3401214258786849,7.2238327113521255
41.03,-0.7574446568068233,0.5912813409466197,7.58909889978192
41.04,-0.15368663107923722,0.7308658915292465,7.640938235989424
41.050000000000004,-0.6711433347712876,-0.2612488120743393,7.819586967648554
41.06,-0.7504387953459922,0.05716893065013714,8.107016906899338
41.07,0.1543641269245209,-0.11131752391589461,8.197073332267628
41.08,1.3538349433926633,0.2983241152717777,8.75435454094715
41.09,1.3252785433759795,-0.07838362440203031,9.087505328048332
41.1,1.113213393538996,0.7527620270208163,9.60682712039458
41.11,-0.06933157900789769,0.5819012385148788,9.858903190808162
41.12,-0.8403628675903086,-0.42390267260311293,9.989229796313246
41.13,0.9271399873486049,0.05860159474220942,10.556961199026883
41.14,-0.4277937577136846,-0.3853667108608687,10.806806264792897
41.15,0.8499789009680832,0.08276784181180906,11.312256677203186
41.160000000000004,-0.09466715092299162,0.5523102399550303,11.511066918342522
41.17,-0.047719612770114536,0.9033051347538077,11.638031313106916
41.18,0.09735991119682445,-0.2690691872645703,12.06450998125324
41.19,0.12124864935155515,0.027972456548993028,12.079428728383943
41.2,0.19298481791005082,-0.7447615677530075,12.189111513056522
41.21,-0.9917958487562616,0.22742590756996162,12.534531277577312
41.22,0.3828113807017997,0.34054000442756316,12.712499721285116
41.230000000000004,-0.09712161560563046,0.37942943410993346,12.880409209560131
41.24,0.2242938846200323,0.3365820254247448,12.776470321144965
41.25,-0.03738186475107252,0.22047999302321247,12.808708293632248
41.26,-0.2246061987379317,-0.3136046866766354,12.889605857731924
41.27,0.4109641444861896,-0.48901148379986104,12.71270782644017
41.28,0.2701134139951388,0.041766545816030134,12.870523514594154
41.29,0.26122793862174826,-0.32248489731904306,12.275335506491661
41.300000000000004,0.13129363969018412,1.065989618312794,12.143051009659628
41.31,-0.43925619630352714,0.06193672155708909,12.094017284560058
41.32,0.044557035295337236,0.617935955881937,12.074152618007862
41.33,-0.5706942876148567,0.08807969552280383,11.639799882926546
41.34,0.44265201273005167,0.33692483565534526,11.172311113599646
41.35,-0.8277124886635873,-0.3684935584836216,11.193824042639513
41.36,-0.3403605969234851,0.8859157238794879,10.594167954395829
41.37,-1.6194672911694608,0.4324783394100886,10.628483761909454
41.38,-0.6467840099411137,0.4431584343012692,10.23677940011278
41.39,-0.05677332095492356,0.8894243007310352,9.988106713315773
41.4,-0.26863775019640596,0.5983886713267104,9.612099272555986
41.410000000000004,-0.2864939685486819,0.266648157996524,9.254795442376865
41.42,0.7687305181527184,-0.15623598702822356,8.873414947902873
41.43,-0.04884149305086159,-0.03502765427561436,8.408409387519756
41.44,-0.3980846828035096,-0.12025794381803162,8.145650973683788
41.45,-0.31064507381027096,-0.05667860281564497,7.889844168820794
41.46,0.2995830096054901,-0.005691767387077121,7.668749329412682
41.47,-0.2378293570507301,0.843085029697337,7.337384902331009
41.480000000000004,-0.3120404378631652,-0.48578507212810546,7.1178317342153425
41.49,0.3020645937432557,0.22837457883007126,7.282677106751855
41.5,-0.02781585391692035,0.3803076480748802,6.7711871376364625
41.51,-0.4843138271092363,-0.013326046800936745,7.022417917185523
41.52,0.326640422122764,0.440286590873274,7.117011352972066
41.53,0.13224132352047363,-0.35877168389454656,6.648436187624865
41.54,0.01715266910786167,0.4250236714528139,7.037240250100868
41.550000000000004,0.45264481656960553,0.2678053882860828,6.87714925823187
41.56,0.7119212365430176,-0.1108122983876331,7.21693165512353
41.57,0.41146529023507955,-0.3944310381084072,7.051356271360906
41.58,0.2993158561835252,-0.7090176907541125,7.50256833397019
41.59,-0.1302850283259081,0.14500733191889809,7.409613138045119
41.6,-0.40293449780411356,0.8428556201276909,7.5501600460217375
41.61,0.8035155452078222,0.37696772363320263,8.271755843950945
41.62,-0.17361948923399,-0.18913704793469632,8.16415602171021
41.63,-0.13151080005568735,0.37665293866099586,8.400669566602911
41.64,0.3843917607163714,-0.23513449205062983,8.914123889927438
41.65,0.44342289863327544,0.11066230343984249,9.190796325833956
41.660000000000004,0.1645869494801891,0.6902364133706155,9.752681967773274
41.67,0.34976871560388934,0.012691688526452267,9.783313422420465
41.68,0.33586911942462716,-0.030589035295111682,10.185297727125985
41.69,0.013400906286885407,-0.12689439091448862,10.701214199311687
41.7,0.14470733141827033,-0.2572313922925836,10.796499467261388
41.71,0.6060535319970327,-0.7773191805151829,11.367306763301318
41.72,0.34243117288216113,0.17187496018494428,11.663096318857798
41.730000000000004,0.32693222175055,0.2560233615004842,12.067677221796597
41.74,-0.6891412315582888,-0.2660239439799189,12.327686531667357
41.75,0.012933139261704545,-0.5071332097606068,12.118631579163932
41.76,0.25013158477153385,0.5032567202392216,12.303212092360296
41.77,-0.7680358077495919,-0.09558329379943704,12.423702322791831
41.78,0.3779561533378581,0.32805191960127655,12.673056101821727
41.79,-0.02383302255067896,0.5729660939264317,12.734830190500592
41.800000000000004,0.15010248585505234,0.7821153530403395,12.76158166276524
41.81,-0.26749614294383994,0.24074933354575148,12.623948595698517
41.82,-0.9505839642261928,-0.39319209626923457,12.955140817040752
41.83,-0.4316907656956265,0.270644528626525,12.46373765070159
41.84,0.21177789676958017,0.1498335237775314,12.494587131471384
41.85,-0.6658763692944393,-0.4474604616534936,12.548972038523909
41.86,0.30827502703490256,0.37088670183204536,12.34311239577266
41.87,-0.2723926100958461,0.4687253878718016,12.006772133035332
41.88,-0.3331960858903334,-0.1131103591388656,11.94081114589114
41.89,0.10569817260549173,0.4001024845409466,11.48319639935804
41.9,0.5206332580787988,0.2885665647560089,11.542566037461025
41.910000000000004,0.034469752637541415,-0.0005138763108737979,11.096596546178606
41.92,0.4309921733055484,0.6154347022369003,10.506548944216398
41.93,-0.7257279365789746,-1.4583804443329946,10.416609374117854
41.94,0.8177520992745024,-0.36498856973573035,9.917890086028493
41.95,0.09281729502424,-0.10601168368820389,9.669402639802072
41.96,0.6521333716671313,-0.003477930919022744,9.458468564217524
41.97,0.43748499342359887,-0.6421472363195536,8.821145543049319
41.980000000000004,-0.06933141626436905,-0.054396547287903184,8.836704276255086
41.99,0.8442115719801391,-0.2544944108513519,8.281823353212946
42.0,-0.3094996745965341,0.25772425270492616,8.200762694805448
42.01,0.2982871989024109,0.1845880880558317,7.840425891473662
42.02,1.07139358611797,-0.5253372830957311,7.45456303383795
42.03,-0.7110805413565241,-0.03448052555436309,7.125573860544114
42.04,0.02640859041664169,0.27881253583734134,6.969498565473445
42.050000000000004,0.8772061516941659,0.39874239436875913,7.055263955687902
42.06,1.034740042411551,0.051946998161107795,6.74076353089378
42.07,-0.7469849651993862,0.37260635207553844,6.7598616708701265
42.08,-0.17670651188057576,-0.39791947181531273,6.765172136289096
42.09,0.04163912237739347,-0.6779027336603141,6.712350491541139
42.1,-0.24793119933932395,-0.0027051767781138118,6.786086478429788
42.11,-0.5024386458486643,-0.17230113949122433,7.026481882032513
42.12,0.4592832866308566,0.1699461477429899,7.222121713934298
42.13,0.7422736422172337,0.025673445751454787,7.278252890898729
42.14,-0.2262222187775755,0.024987293197264195,7.492085687919003
42.15,0.36618336301233967,-0.3885738234282164,7.693249614144064
42.160000000000004,0.5017562766577077,-0.35200896361964895,7.793032603167921
42.17,0.588257544000491,-1.2457676914718177,8.157187944718915
42.18,-0.17537907322143642,-0.0029020249317870356,8.167686031990337
42.19,-0.3462284245916322,1.7486363132831033,8.742926779550338
42.2,-0.1596710754471637,-0.18453443257586355,8.989785811064753
42.21,0.8726271341162029,0.1631892660546315,9.572260802483683
42.22,-0.04861258333435357,-0.44002884117066393,9.445915820405707
42.230000000000004,-0.3858305120315518,-0.28394323755418654,9.90305090514697
42.24,-0.5717565099908841,0.25571102683266655,10.741018375507347
42.25,0.31412494100511335,0.9874042568362655,10.83729301869937
42.26,0.216871115362378,-0.09156341902541333,11.250546531613344
42.27,-0.43085223756690766,0.0576572015996885,11.225014565792158
42.28,0.28977054690081694,0.8220104818428049,11.405719847819357
42.29,-0.33409289355962546,0.2356478597242122,11.953324983588875
42.300000000000004,-0.23092622284271122,-0.3682991928136699,12.135577068267954
42.31,-0.09787718192251495,0.47443889221863966,12.394229633077424
42.32,-0.8080702672799402,0.40611925042898533,12.713523193983503
42.33,-0.33498688059556925,-0.8407656279849911,12.744347512989378
42.34,-0.6740516813991527,0.08444827500841139,12.482783616860315
42.35,0.09640479579729913,-0.18125048474671804,12.699816781452814
42.36,0.6169832810421915,-0.2040220845444428,12.4687861506113
42.37,0.8090970764495393,0.015024934113651968,12.866904309965149
42.38,0.5598346086432647,0.4113305789047024,12.662017139642229
42.39,0.6604886631294328,-0.31553953262572754,12.450675915982387
42.4,-0.10529968755291572,-0.009429637023147922,12.568404384332709
42.410000000000004,0.48141996709524154,0.00869047885814297,12.187169092675084
42.42,0.6641782411835131,-0.14029919852070108,12.310104254290279
42.43,-0.9934064837750309,-0.45558705515804854,12.04217153733225
42.44,-0.27667716798937225,0.4342177442581373,12.018270240547
42.45,0.024001134987996626,-0.7327007518372874,11.294571682232544
42.46,1.3967750509551746,-0.5080799793176638,11.254524579387946
42.47,0.2184932054517275,-0.27999796126635074,10.7308100220609
42.480000000000004,-1.1145760613821285,0.33702563148541154,10.292232372091826
42.49,-0.3811391071119431,-0.2871189501547879,10.417305585210286
42.5,0.6532973159352314,0.6511429805834607,9.640788733853853
42.51,0.3736629721079597,-0.11151293053323429,9.709028021989493
42.52,0.3238079039868097,-0.4310006783311732,9.073877158296977
42.53,0.3358193263229938,0.4610799179902545,8.910219072198592
42.54,0.5463322478479599,0.03985723528589538,8.424605535010318
42.550000000000004,-0.6013869675000735,0.20978213120237502,8.076545024666263
42.56,-0.15016762037768014,0.17118666711318636,7.781877624873419
42.57,-0.6596131351396405,0.260877752957719,7.602791169076424
42.58,-0.05525513319050062,-0.7628138654781085,7.478046055787213
42.59,-1.1597103950178096,-0.7447381579989841,7.457232162404509
42.6,0.39615666317937,0.04276287921203753,6.966470681166688
42.61,0.15908540613052943,0.6643217879767452,6.962978294129712
42.62,0.6130426535832251,0.6478066380938472,6.827789453330971
42.63,1.4572107612223781,-0.21382485691734704,6.802501226761102
42.64,0.1495071758065264,-0.3433653134696365,6.646777825348183
42.65,-0.44966004067216686,-0.4248441865608099,6.61657675991811
42.660000000000004,0.11906212931306485,-0.4615984596998081,6.814776227699298
42.67,0.608280696062147,0.08535917095389066,6.978960214893621
42.68,0.35737365256541087,-0.4973915892350425,7.479224962876156
42.69,0.13617572169651046,0.40012023982016526,7.512175453059691
42.7,-1.0817829601294078,-0.040794767603539096,7.42771075169667
42.71,0.431925189277981,0.46990000152818895,7.524803347025531
42.72,-0.3929291075577702,-0.21987695665105608,7.719766592313297
42.730000000000004,-0.7751762965816872,-0.18064973490924136,8.39817568230693
42.74,0.1482025096736852,0.08175958220656997,8.737452118702308
42.75,0.5375595142162913,0.6852764502069315,9.184466145110191
42.76,-0.34733311394115907,0.07887192907845836,9.161477127491702
42.77,-0.3330280647485681,0.14163401590323177,9.594857382578104
42.78,-0.5985039257242859,0.6321480078938617,9.823984335722953
42.79,0.31583750785548953,0.43122108089173794,10.42708817249712
42.800000000000004,-0.7099219485685123,-0.6389873571828643,10.68535750656288
42.81,-0.5944026338791522,0.28683605761671493,10.75305874619444
42.82,-0.43973922601923127,1.0353778487524496,11.204105590347643
42.83,0.17311367135796304,0.08945702273217124,11.320740355521945
42.84,0.6874007075294897,0.2564828765452116,11.757850688575704
42.85,-0.34634297470966685,0.19712442890710827,11.774580951297365
42.86,-0.47762145221125174,-1.031278354859963,12.234142586289588
42.87,-0.17387608880068686,-0.031019879933124245,12.57066909742794
42.88,0.15167025865136852,-0.4966282153621116,12.735322951883985
42.89,0.4050559643956599,-0.5670357990055755,12.478720744110385
42.9,0.13514663136258084,1.0617753946473638,12.75452384072799
42.910000000000004,-0.7089420335000891,0.3438972329193221,12.591195806993813
42.92,-0.6260346354916675,-0.3272895142984781,12.961635043098749
42.93,-0.43349027247352157,0.4821598125947332,12.827025091284803
42.94,-0.03863058878227271,-0.8317249787980547,12.525918760900394
42.95,0.23740096922272022,-0.6436256407615983,12.452309341439024
42.96,0.6827437657213663,0.48203338725488815,12.530762310995389
42.97,-0.14709764096027605,-0.35198016829088663,12.015796620628684
42.980000000000004,0.18997835212969,0.16738078781254867,12.073073354417074
42.99,0.5260959339826805,-0.13244826995454168,11.880281884037538
43.0,-0.6339720487945503,-0.08592621258792432,11.464356953612622
43.01,-0.29167488535081004,0.4031208377779648,11.238358775746825
43.02,0.2799621927859569,0.03784545939876553,10.98768000827464
43.03,0.005248706828880248,-0.3130471842102297,10.741731993720762
43.04,-1.4644320286883374,0.5957827676672925,10.137760531206684
43.050000000000004,-0.7130842870921492,0.4229395277139638,9.904099156319825
43.06,-0.12892895552694827,-0.21781915524464088,9.769404821282137
43.07,-0.07113526362196923,0.32069434522165935,8.920428930053895
43.08,-0.4667546905768403,0.8434491295141164,9.12820856200876
43.09,0.49868951276839774,-0.7614715965811527,8.861281494804055
43.1,-0.16602116212912624,-0.05177691897032646,8.63927424081775
43.11,0.7067269045627197,-1.0861345369939732,7.71332077043602
43.12,-0.24731234144565845,0.5738382222056425,7.733092964129729
43.13,-0.7183151330254087,0.439054790905767,7.465053836688758
43.14,-0.22839742107652056,-0.48824915080334724,7.568672306804357
43.15,0.18650659236093928,-0.9705631892656134,7.2711835112613725
43.160000000000004,-0.6470187205972388,-0.27221701561056194,7.178427317130975
43.17,1.4638633405097154,-0.6320474106081265,7.024181544883146
43.18,-0.9412679023235464,0.805589684548237,6.6113486624179
43.19,0.13893260800169904,0.5830247877031607,6.866796791461228
43.2,0.9771453289756787,-0.30393384496353004,6.479245894843368
43.21,0.20813455578560228,0.08495147286764865,6.912591842223623
43.22,-0.3322405204044571,-0.7411766655768508,6.954618478142744
43.230000000000004,-1.0665736836606263,0.1314678861853414,7.012242631538048
43.24,-0.06996649442751987,-0.10213538158114735,7.2252276552209445
43.25,0.7090378913510998,0.2583345811248586,7.480182214441523
43.26,-0.6372851558563183,-0.13004797037104807,7.4702172014833925
43.27,0.316732964627435,0.07766632563214805,7.884023064417089
43.28,0.7357036748731762,-0.6049828556829423,8.316615250651715
43.29,0.4259455296416958,-0.2726200886405203,8.44724864785329
43.300000000000004,0.48121970269940156,-0.3163593809711555,8.730230004294869
43.31,-0.004788664658082555,0.6095903234122256,9.015298905436298
43.32,0.28968548936063393,1.1292285109167342,9.154648555754033
43.33,-0.4868147791109622,-0.05226276681619343,9.901208062186251
43.34,0.2030139546899118,0.1497333873954617,9.964123123091072
43.35,-0.08461638662682959,-0.5203310964078354,10.368180259608872
43.36,-0.7744884681622342,0.019568093235829538,10.64638099423713
43.37,0.07765879345299642,-0.12172633505443088,10.955379843762199
43.38,-1.173933771073163,-0.05194865215060222,11.222398025699798
43.39,-0.14639060313195207,-1.1448382395801977,11.488074708905701
43.4,-0.3722122751773531,0.5315457530102656,11.993489851150251
43.410000000000004,-0.08286187762744575,0.4706841388958594,12.29219608857619
43.42,-0.4499489356939495,0.6063066879784885,12.32810558707731
43.43,0.45010882245210593,-0.6167921428960921,12.291131170646759
43.44,0.01011593249275032,-1.0752771537193873,12.59305971240364
43.45,0.018322983162351834,-0.2699423830538459,13.038832642058882
43.46,-0.22095643660376582,0.2544194413684306,12.818238043195652
43.47,0.2929458738566476,-0.2903346284427458,12.769670388970788
43.480000000000004,0.5160998504786855,0.13252429479963554,12.665530558695107
43.49,-0.007948517016986387,0.5689166429870599,12.819093095646327
43.5,-0.40537988934663677,0.17195508985974392,12.617278651082545
43.51,-0.2141753589961717,0.40151180220190996,12.722929178462945
43.52,0.17533053323480038,0.11241256811628415,12.535587811554773
43.53,-0.8512469296193501,-0.39812468129801243,12.259092259931863
43.54,-0.04082788995285893,-0.042431302591195846,11.97221802631928
43.550000000000004,-0.03676756494040081,-0.24596376305997544,11.793083418456808
43.56,-0.11878096655914629,-0.24482639123750138,11.486530182405868
43.57,0.6993539889206564,0.26839703772727386,11.110085127391995
43.58,-0.08817317160974125,0.4987019114192661,11.033407169248711
43.59,-0.26090390655521367,0.06172491381062764,10.495591471303289
43.6,-0.1518209118756426,0.12050059359191763,10.095785872851156
43.61,-0.1269211236080405,-0.7766066927826383,9.586048711493959
43.62,-0.8305701419371283,0.11054931326352631,9.466685220893979
43.63,1.024728629701695,0.058706957709807224,8.93392359505277
43.64,0.42126474076340675,0.02014741652644214,8.951577293200685
43.65,-0.023450210429420852,0.18028873819872537,8.401750132978277
43.660000000000004,-0.39668036476799273,0.583890644227357,8.087190431166173
43.67,-0.5782489001445359,-0.57154144394159,7.606762769888609
43.68,-0.04777094399124246,-0.09309103757252059,7.733470420928369
43.69,-0.40543013222996327,-0.047561619318176374,7.4191755649088496
43.7,-0.24690237779317817,1.0636969822610227,7.37200985561691
43.71,0.571407531734624,-0.06191415877733436,6.962583390693111
43.72,-0.18381415999162753,-0.3456760180707032,7.124460614921708
43.730000000000004,-0.02533359942819666,0.8286362970873637,6.987206538776669
43.74,0.5320882226389742,0.625735286517512,7.06510339517234
43.75,-0.2669864150135402,-0.7347143948077102,6.731767228530931
43.76,0.033268300131924416,0.08460174857311163,6.988547302077899
43.77,-0.18615952691032517,0.768746982407665,6.754023580036558
43.78,0.8688074236864862,-0.5928704253691152,6.986852631045501
43.79,-0.8374477799337982,-0.12008954476090207,7.066404624576326
43.800000000000004,-0.034590416846210115,-0.6216098955072815,7.475468962551373
43.81,-0.05616036278542814,-0.10815027495503231,7.530129749257739
43.82,-0.8251692615330878,-0.6719232228542669,7.986113914878034
43.83,0.150682037935061,-0.8028883897436985,8.006441805511779
43.84,0.7127874923950986,0.21323641086898013,8.251419466859241
43.85,0.5445346729000705,0.03242666450124469,8.512897085100107
43.86,0.4975286744749379,-0.3566316738418287,8.878419793182536
43.87,0.014455501203776136,-0.10055586205990028,9.056597599987986
43.88,-0.7551996895374901,-0.7295495092337473,9.339155374418347
43.89,0.21153769221820828,-0.26256782379606675,9.75816462934504
43.9,-0.6566438145358912,-0.3603857835197293,10.122299433179391
43.910000000000004,-0.05107187558102384,0.43242904242956104,10.433108043331856
43.92,0.4691306954269017,0.6470883259221395,11.162135306871853
43.93,-0.33476986547317816,-1.0427978839100602,11.118965694817495
43.94,-0.34750802376759277,-0.2465109040216794,11.395681568716762
43.95,-0.6745401192493171,-0.28643266350733326,11.901868621785097
43.96,-0.40302518187699216,0.6343145555560217,12.097028054104674
43.97,-0.6080250139486731,-0.11674005802221217,12.07361614137373
43.980000000000004,0.24075753628781146,-0.4522430192910762,12.501734563088718
43.99,0.40702992939641686,-0.5384323483196086,12.6833802678395
44.0,-1.4690134828662167,-0.508775464826444,12.529440555616933
44.01,0.16448651866982647,-0.3998765820854808,12.719922155194027
44.02,-0.8162586652294269,-0.530841864136701,12.89641629552782
44.03,0.5947211917564489,0.04598270064280656,12.935929987558708
44.04,0.06925136259843208,0.008821824460313142,12.660979382575427
44.050000000000004,0.2941709657543079,-0.3310297170428353,12.88653287148491
44.06,0.2247095981124629,0.2624747523026993,12.686125902407651
44.07,0.13584286854628932,-0.3977653530702277,12.328339616085916
44.08,-0.0030639735760091416,-0.32781938006050926,12.256628175378433
44.09,0.45043578856111416,-0.7041780474520223,12.363619477490724
44.1,0.29834898297968715,0.39641638494007436,11.91348198865725
44.11,0.29048666521915106,0.004648139836970635,11.31090337216027
44.12,0.8633125007164487,0.395548850408261,11.125390500061505
44.13,-0.6381186590437575,0.5540046153799488,11.236189336567634
44.14,0.1309480876736924,-0.6045653679678837,10.683766235027665
44.15,-0.37311276367723495,0.14004138769407082,10.388195138795863
44.160000000000004,-0.4412369557875604,-0.38340049482196953,9.851575516022269
44.17,0.016160581406234567,-0.18607497408810122,9.918508569157295
44.18,0.5556707991435726,-0.28846449911264455,9.332651023521132
44.19,-0.5872192854453102,0.7249589905939241,8.927463421373604
44.2,-0.1533964318125879,-0.15235869119003434,8.677625009858716
44.21,-0.5708486618401997,-0.6434328549887911,8.839947348783483
44.22,-0.7923018264052927,0.17696202431539157,8.103077987034352
44.230000000000004,0.06728695315262638,0.8139436358697829,7.886762410471478
44.24,0.22184346211080244,0.04411094951211198,7.372892978624158
44.25,0.9492368032835765,0.6867139363932183,7.2788971768499104
44.26,-0.4732101435855231,-0.6811600365325519,6.910556861731406
44.27,-0.3213268435676184,0.4190094354990905,7.183125886556564
44.28,-0.41939267420423076,1.4762822618587135,6.8226073902665005
44.29,0.5717529823486865,0.09750401883419837,6.779315785622091
44.300000000000004,-0.5482758419254603,-0.7256453328084171,6.825012961654792
44.31,-0.37137104718109976,0.18776705338558058,6.8585934176956735
44.32,-0.12815208588799076,-0.4155024348182257,7.149318886098089
44.33,0.13979079326428276,0.04610350145364214,6.917743168271057
44.34,0.2358595724418832,0.30356910923611474,7.183505421936905
44.35,-0.10923014506097256,-0.19995856180025404,7.064289850014669
44.36,-0.2794122070990387,-0.0605040684505606,7.202193725460934
44.37,0.3871674103986927,-0.43666087823106925,7.455415148802794
44.38,0.19753643903918594,0.3187181722450007,7.793411889077342
44.39,-0.39454103508991223,-0.033983049211523515,8.106233274710087
44.4,0.8427948456981855,0.6649554432047934,8.513371469293148
44.410000000000004,0.7665212452269371,-0.8867461307674526,8.799021354576595
44.42,-0.03887105109762881,0.0913540903666597,8.896765091969941
44.43,-0.4622772748201705,-0.4442442551573786,9.35661093126992
44.44,0.711533812557807,-0.010754612631910148,9.811488440953411
44.45,0.7065616563022767,0.7504028838193099,9.788072879441694
44.46,0.0713088244339767,0.7227562098676552,10.224021693000148
44.47,-0.3174842686612267,0.1138912494580702,10.46445773309277
44.480000000000004,0.722536864870255,-0.4999270523835157,11.065439411372116
44.49,-0.45344181429042135,0.28384267862710344,11.274759315112693
44.5,0.6586817770241284,0.013755206752749223,11.432797209406226
44.51,-0.2170156195320733,-0.11623656025612408,11.902479787395759
44.52,-0.1490745609561571,-0.28459389964975823,12.009323133131977
44.53,0.10869783931004015,0.40730203843422413,12.41864090843732
44.54,0.20967608980814575,-0.47558609632389925,12.41756854904498
44.550000000000004,-1.3021090552202843,-0.4487823840983043,12.638947168830903
44.56,0.16371142580037593,-0.026346535248730606,12.487837507438691
44.57,-0.1473308310476519,-0.5316801494156455,12.833926261490689
44.58,-0.4905899981710268,-0.08505378439570749,12.741077350759317
44.59,-0.2036430611770702,-0.9434683435742038,12.537710933861305
44.6,-0.9302839863320925,-0.0068865839425168345,12.475195317563806
44.61,-0.11093517677087104,-0.2090386152609762,12.518557710655575
44.62,-0.4586584725091135,0.14990293230297486,12.663265826411921
44.63,0.5437358408497937,0.540868627129689,12.073949379790166
44.64,-0.16179337532765514,0.8158599539774779,12.38108226461436
44.65,0.5250289214294446,0.3860018959274203,11.960816268001421
44.660000000000004,-0.21245266858518178,0.7346305415310718,11.77627189349923
44.67,-0.5472948116296773,0.22169605099154044,11.58370859831648
44.68,1.1809370320743906,-0.09019037201244114,11.060083182721336
44.69,-0.35521000469528125,-0.12192806872336917,10.864963786194615
44.7,-0.8550146773732593,-0.11810889305308327,10.52427827113713
44.71,-0.8246891240416185,0.19078070367462677,10.125015626958609
44.72,-0.14809366399531504,0.0918412294139985,10.003757017788784
44.730000000000004,0.40016575002123184,0.859100251299744,9.554843717558741
44.74,-0.7951783853759055,-0.4141115883362824,9.314228606104452
44.75,0.7482550394594523,0.3552881975888832,9.001907832143043
44.76,0.8072667120845517,-0.4540480678907405,8.61699893992266
44.77,1.9727748432632886,-0.7361565409446978,8.372678867860715
44.78,0.8520698398507485,-0.10686179752900622,7.807633413306155
44.79,0.4217227565208195,-0.20651713386957615,7.522680681016142
44.800000000000004,0.20854345822789336,-0.05741543539177768,7.706390240192104
44.81,1.0186803896847125,0.6144150582454584,7.230688434771066
44.82,-0.1886242500930018,0.234824607201818,7.2161881939699155
44.83,0.08305908595188796,-0.38757099868526707,7.148433769733563
44.84,0.4329043173197596,0.6928329732507665,6.9402489685079685
44.85,-1.113780593046818,0.6951608112730426,6.944811411499864
44.86,-0.4085793004061116,0.3501230867565249,6.618194300801085
44.87,-0.03178619286122301,-1.0029569110257581,6.618024622701041
44.88,-0.3007529376264192,0.5960783251412843,6.694567047128254
44.89,0.3456995228499892,0.009311657400757668,6.867498361463435
44.9,0.8563309074551733,0.6814917134660431,6.694804965964895
44.910000000000004,0.3670550707004316,-0.022564205529346442,7.186502116175559
44.92,-0.007699701314760297,0.07923919067319342,7.163341291461061
44.93,0.2956724701692957,-0.11847525569603758,7.8148820643073265
44.94,-0.46428125639453033,-0.6137581274420586,7.981801552797664
44.95,0.1819907600938559,-0.41870538674872126,8.265440441842518
44.96,-0.9362981337921633,0.25645152904589724,8.198096710324073
44.97,0.5080386428408941,0.023815944826753917,8.742696772298103
44.980000000000004,-0.48825097120833855,0.22463887599941318,9.345402572096226
44.99,0.27787259529548164,0.23257444483106599,9.354467162029698
45.0,0.022623121618791816,-0.45663330449148953,9.928661865277776
45.01,0.6814765481511741,1.289535237683712,10.005459492646532
45.02,-0.6090320829811008,-0.002434734879935778,10.449814536257547
45.03,-0.12647542434376138,-0.4158673764061013,11.19550477423089
45.04,0.41561002627006777,-0.07578878356031121,11.211912972811541
45.050000000000004,0.36938566779172693,0.029052119345398388,11.604818333053846
45.06,-0.49639206480333936,0.34399933211699296,11.67577598540328
45.07,0.32893206950707155,-0.7057548018395469,11.704412188010851
45.08,0.6639169551404377,0.7566173693398646,11.941042794131254
45.09,-0.33898618224320864,-0.8558648121355195,12.477433270578437
45.1,0.5036373728680666,0.22699418588755177,12.559545388634737
45.11,-0.6741335904129695,-0.2833814906478565,12.859620320371029
45.12,-0.24866019884148666,0.3180876092293865,12.660384754813828
45.13,1.0856029917466181,0.38240715606404657,12.838234961455031
45.14,0.008962933849781855,0.9663648700194756,12.695449053159047
45.15,-0.5767954288655794,0.565685976645468,12.876071284510685
45.160000000000004,0.4366667497690527,-0.490567831316785,12.402574476467063
45.17,0.24339435619377572,-0.11561031051119804,12.62183306136328
45.18,0.5237321442485229,1.4262185873573763,12.348495624499334
45.19,-0.20563292113602138,-0.084868447661048,12.293160836223379
45.2,-0.00966743474377348,0.7603105246486936,12.263732214019464
45.21,-0.48451430590712863,0.15683994559710593,11.93906103928369
45.22,0.17376228962426385,0.45224484602362447,11.717824531955602
45.230000000000004,-0.025148551301692003,-0.47724509575853546,11.224267427573183
45.24,0.29293525675479526,-0.9108770134071129,10.64234319552208
45.25,-0.5438850448613293,-0.9762576883833594,10.558166457016306
45.26,0.4395672661228844,-0.35434724342839274,10.43839119176421
45.27,0.14846674217301664,0.5671856420471206,9.888175366762498
45.28,-0.18794116246367526,0.33705961865420964,9.780265327191273
45.29,0.3261932162685543,0.3436357197392635,9.110367564834194
45.300000000000004,-0.1198411786990412,-0.5459506121441303,9.03040827680038
45.31,0.3909142023171355,0.7989274704206812,8.930589537122293
45.32,-0.3114471031119446,0.7440471085625413,8.496666805881032
45.33,-0.17013904052453677,-0.135673125777183,8.001942691260416
45.34,-0.2061599870942527,1.0156394414009566,7.9606957845112785
45.35,-0.37174784408500283,-0.2867352189718896,7.593121134595072
45.36,0.20999931120903592,-0.08053314887108642,7.301691331787463
45.37,0.3601939080283692,0.6434732973863785,7.376957721944744
45.38,-0.4375756176856657,-0.1704029494734491,7.111251218707477
45.39,1.2250525781057102,-0.23116068004520915,6.641451747686182
45.4,-0.04496310583212775,0.39922843488136794,6.756983095082449
45.410000000000004,-0.8922925066891397,-0.46116606697277374,7.039937600980889
45.42,-0.6493675557595592,-0.05756168554293826,6.784844161183633
45.43,-0.5924120295068488,-0.5312875135124434,7.131027154154003
45.44,0.09011708102217562,-0.2739174974173631,7.016892393829432
45.45,-0.37552343814493844,-0.2639028630457122,7.152964258610161
45.46,-0.22412189774050578,0.8383463273376803,6.903331077989049
45.47,0.30621238056216704,-0.13171706089732285,7.257798274938652
45.480000000000004,0.2874453492081998,-0.9547167833115572,7.763511069606241
45.49,-0.35505641322061965,-0.8702248189558017,7.9799690030589385
45.5,-0.44105760075459643,-1.1426203540346724,8.066077212115692
45.51,0.5743532355463018,-0.04747035177603543,8.222270939414283
45.52,-0.15854953743996456,-0.36591919075123464,8.491214950141979
45.53,-0.9343758818285565,-0.44881620481028334,8.904103495812782
45.54,0.7142555757289902,0.39339213335078127,9.25890008848754
45.550000000000004,-0.08377600732300389,0.1389983882953903,9.464527548352743
45.56,0.02856226340119086,0.4179554912605338,9.80469215865265
45.57,-0.4327519217042231,0.3591493590355278,10.37292607209721
45.58,-0.22604476927707065,0.40020229340927277,10.808978798265928
45.59,0.08665626024696853,-0.49070082484851046,11.00155093221704
45.6,-0.10211226344440084,-0.7696881933933601,11.26276257228822
45.61,0.6210865359268001,0.09167951186873029,11.737611765796446
45.62,0.531303004445808,0.47283861689278867,11.617778822127331
45.63,-0.8792776456540328,-0.34479009684345574,12.013434506687192
45.64,-0.4721711985137874,0.1930098003850283,12.189432965402004
45.65,-0.08010734780916717,-0.39538720018831597,12.350363119611442
45.660000000000004,-0.18863402150157443,-0.065149861729173,12.431299656307297
45.67,0.5323263124434824,-0.6477927587501154,12.836128477988655
45.68,0.9071668758534074,-0.1314449636693834,12.848772932008599
45.69,-0.5450652238262846,-0.8039106708067573,12.761441594189046
45.7,-0.04620123406742735,0.11729842073311457,13.023835928958334
45.71,-0.6700183810655808,0.26333845190849264,12.529602795235757
45.72,-0.11839686772714356,-0.48724476088702323,12.647449011197429
45.730000000000004,0.46221399661311036,-0.21490010547528476,12.420229151423431
45.74,0.9009798974374427,0.5805721968620631,12.662086401360892
45.75,0.35844904384515136,0.9268511776253997,12.200102539685687
45.76,0.05867838216296545,-0.16939052454096237,12.059294840711372
45.77,-0.19584044899805444,-1.501128039095135,11.716716884150394
45.78,0.0018982083714624291,-0.5161232793111729,11.666690653281226
45.79,0.0082978637005027,-1.201112530974201,11.294307184383012
45.800000000000004,0.29830517768511505,-0.7909006302719277,10.977316795920117
45.81,0.6460535378191575,-0.468866997910942,10.606096316585202
45.82,-0.3136224538723805,1.0996886748824557,10.37956480261593
45.83,-0.9526424688196455,-0.6685894610939646,9.990084719640834
45.84,0.2526740729300794,0.3178034819165248,9.667218109292897
45.85,0.42831431405842435,0.4193377491971874,9.023703035087175
45.86,-0.43911881887342125,-0.28506259452757393,9.091980982750698
45.87,-0.13022473762736803,0.1811396685050966,8.754967572861265
45.88,0.4874787936522877,0.32568645155164516,8.393335830479689
45.89,-0.22413840567192847,0.7327691069905969,7.964179009142188
45.9,0.20511273472921263,-0.5883398716375717,7.752977088871124
45.910000000000004,0.5327015051118851,-0.5387238554400254,7.352369485882525
45.92,0.4729738199785833,-0.4335757751929958,7.236570103897172
45.93,-0.2583509585600471,0.191383859577548,7.436221829147998
45.94,1.017451605131945,1.137660309980684,6.980081935324582
45.95,-0.028554575300603766,-0.44376023574298,6.812176410533982
45.96,0.2507539964911687,0.33054109925657543,6.873375560759823
45.97,-0.22812291061879797,-0.05050820379313871,6.783622766190948
45.980000000000004,0.7212235615729945,-0.7440886999000458,6.653081819643416
45.99,0.9778295685810643,0.6572178078747398,6.935200414600692
46.0,0.17443417296571706,0.8797866930376705,6.883139901030813
46.01,1.035477166826522,-0.3581031360305801,7.079425796498011
46.02,-0.15342554442766201,-0.01792870582497188,7.406980112571121
46.03,-0.09876604084241983,-0.24950246946882632,7.459498185015594
46.04,-0.7150195177504772,0.5021295611374937,7.8420122428431105
46.050000000000004,0.7674105989333273,0.7079433861394289,7.969975215698159
46.06,-0.3340760915443391,0.00815719746819679,8.062205035857572
46.07,1.0433288219436248,0.300881694159868,8.341935591065608
46.08,-0.15559033357217472,0.3103563372108353,8.780520525686917
46.09,0.7697221231225826,0.462736828521043,8.936997242947808
46.1,0.5291877216319929,0.41348828557530154,9.493144457427432
46.11,-0.5093604966988864,-0.2984350463678636,9.988443517018888
46.12,-0.18533801832129504,0.07621930425006958,10.069685359552953
46.13,0.34631177459448587,0.6852277118426913,10.419375372211476
46.14,0.5211799632606887,0.3828976727035529,11.050585248862456
46.15,0.5169112734867901,-0.37156321846857926,11.21127655927737
46.160000000000004,-0.11507099327441324,-0.09969135671767543,11.462106355668674
46.17,-0.5648122228399085,0.09203262215764711,11.799608593254785
46.18,0.09569356851530846,0.06376418391636274,11.934948871543712
46.19,-0.42605950654099095,-0.06298992829790774,12.37207470796734
46.2,-0.9799155934573328,0.46928766673792127,12.474813648262451
46.21,-0.43376268026951675,0.35576240049773333,12.146541711183952
46.22,0.21888820181258914,0.0007003917374160426,12.7436496173654
46.230000000000004,-0.16195406060071688,-0.01326195348945043,12.785384042756277
46.24,-0.442850538975323,0.710966830559319,12.554702716367611
46.25,-0.09904245466026242,0.07076519792663832,12.971820078570225
46.26,-0.013742992987981466,0.08252873552530124,12.773961581643034
46.27,0.6488533921459397,-0.07349548689656964,12.640933510571804
46.28,-0.2621111281601947,-0.1762192053358379,12.319170072059064
46.29,0.549423069456092,0.07750085129142287,12.496222157979844
46.300000000000004,0.33795065872782054,-0.5112337903246426,12.33469046881886
46.31,-0.2725109193877254,0.38741597005618866,12.22955331820817
46.32,-0.46064175089907,0.1108158660460666,11.945577894522211
46.33,-0.027725699796749152,0.6631003423742544,11.650861238050721
46.34,-0.060434963477068976,-0.22257827711831832,11.261172283599086
46.35,-0.10336688306919248,0.8999507801772761,11.031100877676487
46.36,-0.7311428016571538,-0.20549984269064275,10.847399838583963
46.37,-0.39480321412960345,-0.2602037480723046,10.183924359952401
46.38,-0.45835872062751404,0.09248130441858306,10.025223403755232
46.39,-0.014228242654634175,0.5393933326624808,9.762184976805596
46.4,-0.1373526888220019,-0.21207649872310597,9.41834734135153
46.410000000000004,-0.19689634187532046,0.3262124164060924,9.192533362000248
46.42,0.24808507527029225,-0.18331191277368744,9.0391083290295
46.43,0.11316842252781088,0.21659342157057376,8.40747775646848
46.44,-0.6930413874031628,-0.32733282702582955,8.126021632353273
46.45,0.045480065851134226,0.0032989785149576106,7.829217523535601
46.46,0.19935235666802947,0.5663424218424078,7.319730122587364
46.47,0.540089720078664,-0.09129468154324691,7.599241590037766
46.480000000000004,-0.145324879896082,-0.024699624555828793,7.27808241466248
46.49,0.07637919383371827,-0.7492526498781905,7.175970800441559
46.5,0.44560872556467446,-0.9985013047745638,6.952736815529001
46.51,-0.4728262161881669,-0.11107387135219227,6.989267895703452
46.52,-0.42488083640418434,0.25821468115269003,6.777302551703986
46.53,-0.5510238732430233,-0.2980185354212488,6.907355389592981
46.54,0.21976891419545266,0.7201251518341462,6.7367966153067655
46.550000000000004,0.4594792946107792,0.1623608354970804,7.07750120822712
46.56,0.29587024381626587,-0.12316957550834515,6.824871258746953
46.57,0.01432218109767895,0.5042890436380595,7.241591224159122
46.58,-0.7592976174928577,-0.42107448477688664,7.348744986092269
46.59,0.567737581758158,-0.17216443997450517,7.637745163770072
46.6,0.5841764122429793,-0.5690949148973379,7.70805827200931
46.61,-0.10100816988288784,-0.1515392492423282,7.901960621444152
46.62,-0.32268580719512086,-0.2579939475059354,8.210365293939425
46.63,-0.09894182262518622,0.15140954913005497,8.5506530811083
46.64,-0.3593600597502625,-0.35861770091831896,8.888994000256913
46.65,0.05400235039569714,0.11057048520050518,9.095967598075996
46.660000000000004,0.006212670615002964,-0.5486718456301632,9.52995117018952
46.67,0.11271703468183843,0.47760665454708146,9.636662911654419
46.68,0.10511460992533189,-0.31081036430448833,10.193215099290645
46.69,-0.4527627219299536,0.5436600276307854,10.556055222918342
46.7,-0.5678076518309241,0.42460541714441763,11.197860196597158
46.71,-0.08922380964041883,-0.31985612773235994,11.450249782487184
46.72,0.09925722745361458,-0.25090956372450535,11.686183070740602
46.730000000000004,-0.2688975016328285,-0.6997570652478904,11.884936621451738
46.74,-1.242835455347008,-0.4742552519082742,12.008083550974755
46.75,-0.07651035879322626,0.7941120185851052,11.973717241460244
46.76,0.014233752960606444,0.14772858680622447,12.360708889271411
46.77,0.5546927469548307,0.4825464107340006,12.499346041279273
46.78,0.22607875162582328,0.2270348326284076,12.566498233882433
46.79,0.22744202428078092,1.2316169293306602,12.889023034269295
46.800000000000004,-0.0356472996261107,0.7590182640176899,12.756651006224885
46.81,0.03029038131069349,0.14262466103934293,12.678853898586372
46.82,-0.33488664323265005,0.7916718168279416,12.514345515546983
46.83,0.37906337356087627,-0.21951119779530456,12.893151599549979
46.84,0.4697570498085205,0.3943747858548629,12.72190769555072
46.85,1.530387201556301,0.551157262837166,12.422434510093776
46.86,-0.31366347722712906,-0.5801282189950767,12.314472636812782
46.87,1.597051617302348,-0.5313220570523101,12.022939963610929
46.88,-0.36092148061408014,0.02036324563833095,11.909997250577849
46.89,0.06289957408292791,0.5232212858209574,11.583381780092957
46.9,-0.2918417685843082,0.711216562742208,11.180366944007545
46.910000000000004,0.3188574384729094,-0.30638837687784787,10.848239812366849
46.92,0.3500256093239204,0.06385145779303183,10.429722315991048
46.93,-0.23826936785963396,0.30774698889068364,10.237197169741217
46.94,-0.524177701479041,-0.06747622636635929,10.123569334715805
46.95,-0.3249157264100581,-0.38046229355905625,9.346257936385358
46.96,0.2630827986900373,-0.752029507263161,9.344789337660648
46.97,-1.446087298815209,-1.1702819710660453,9.01378548369829
46.980000000000004,-0.7526964334340829,0.043442544521580334,8.534663496900846
46.99,0.07816932684336632,-0.022744558643666084,8.085591696148729
47.0,0.6650591322993609,-0.4096161939801643,7.946005351638769
47.01,0.23642051209277537,0.6061988129553614,7.684136516344479
47.02,-0.05668606201431017,-0.03152517423965538,7.622270875313762
47.03,0.242966842508572,0.041493753356657746,7.4046497654768055
47.04,0.04619618534241721,0.33973861733141875,7.111255283108662
47.050000000000004,0.1030095316499728,-0.10796797454202181,7.09857183904276
47.06,-0.6355115707214088,-0.13321329174088134,6.781147871470709
47.07,-0.5446784173380251,-0.48260486030697847,6.840036701211267
47.08,-0.4656226315323327,0.2537038864007094,6.969556310265999
47.09,0.15581844016555949,-0.39483952608713957,6.76052970103391
47.1,-0.3818018818498636,0.04038955332134226,6.841761199958274
47.11,0.11317000365756967,0.4563760101554911,6.732781114056373
47.12,-0.31145995184698094,0.021837939265790772,7.026075013383425
47.13,-0.4198430127879804,0.2822199584084919,7.280661157807027
47.14,0.11882201338229177,0.48440519935621035,7.324106104755424
47.15,-0.4361818858744192,-0.30513437753759276,7.832043010075603
47.160000000000004,0.18598071163767654,0.4610239452306537,7.956868239962003
47.17,0.07036787535762122,-0.29972136850819786,8.14124099129289
47.18,0.3250230897206216,-0.02522119719691386,8.563682578752081
47.19,0.21946633571075522,0.584725225772841,8.91569108455398
47.2,-0.2538772125662021,0.027264936526211328,9.241271911953925
47.21,0.39995927379670393,0.27479989512782926,9.238784180835902
47.22,-0.03875507033878579,-0.02835401620190828,9.620339476370294
47.230000000000004,0.7931814899433699,0.48923084764170616,10.067354374135075
47.24,-0.12910166474576004,0.4556649093294949,10.289419726756368
47.25,-0.1851424462439577,0.9233192438269844,11.022556698231874
47.26,-0.22148573804364305,0.2153927368027901,10.761625393309842
47.27,0.7143698838402694,0.43242543460633337,11.37374968970564
47.28,-0.6452851612746746,1.5584925140464452,11.403433947254632
47.29,0.08037785114349628,0.0020016471369088645,11.71894043068717
47.300000000000004,1.1789352092171397,-0.5235704583997751,12.305744382302883
47.31,0.8795538632175646,0.1842394106348837,12.295216202240457
47.32,0.05432506872924659,0.07537786777641481,12.499727028925731
47.33,0.09032119960402465,-0.08416456955091663,12.687252302655063
47.34,0.5912978815104964,0.16048297384982055,12.644207212146638
47.35,0.32122729815550116,0.5083362888211157,12.865482000152058
47.36,0.5984043084496021,-0.2318544390141795,12.890971589579197
47.37,-0.08380122385215319,-0.23062374064596153,12.786366709387702
47.38,0.5322724804943164,-0.5369682759834766,12.677839049505097
47.39,-0.3393874054290061,0.6521423683744402,12.673521313773959
47.4,-0.737565719289721,0.9857846523844496,12.658269812616135
47.410000000000004,0.06127698908644615,-0.5729288496273521,12.32978133809719
47.42,0.18276605504564683,-1.471116574057487,12.146988384903512
47.43,-0.1528123106257846,-0.32932585726046293,11.735554584731874
47.44,0.5200324069308438,0.13291922972371578,11.814755500818338
47.45,0.6151128378124361,0.29646532988037433,11.313869350269087
47.46,-0.10433734689570143,0.6192410086006397,11.25070867240384
47.47,0.003031827317873477,-0.5721964268172692,10.877444024048028
47.480000000000004,-0.649673612010111,-0.4218313110132645,10.663872741706756
47.49,-0.28303335505035104,-0.5717163131720052,10.202900490405144
47.5,-0.5685249519685767,0.07638238751671036,9.667735480722959
47.51,-0.0809826110551873,0.20471835549615805,9.813810012505932
47.52,-0.3263765903524987,0.7677441585469426,9.314117520411182
47.53,-0.21438413478074883,0.3777065506078427,8.804685366800928
47.54,0.5732000651236989,0.07186752414526415,8.389604226584416
47.550000000000004,-0.10388383431590562,0.2111243221645027,8.034812435558665
47.56,0.47607018358838243,-0.011554994052379159,8.150781401948565
47.57,0.7765938608114422,0.09467359314782926,7.631791399549457
47.58,-0.28918917461797927,-0.930319493922788,7.492387729137503
47.59,0.3283574745578607,0.2066115755522554,7.376136023835942
47.6,0.2789639078358563,-0.13709237054512938,7.133805345677018
47.61,-0.3415848482323971,0.5004902942576477,7.040351132752888
47.62,-0.9082585484783705,0.5981349899402638,6.850555688724969
47.63,0.8889668680324969,-0.537676863612607,6.925125775349001
47.64,1.092793538061521,-0.9060569106771393,6.955987668175428
47.65,-0.23090092690105174,-0.08510281316159218,6.8107192754854005
47.660000000000004,0.7150192230928173,-0.18895771022391714,6.938605524686959
47.67,-1.1856533889042886,-0.3027524545685037,6.9343450058419895
47.68,0.5545787166637361,-0.119941186168828,7.16067927006218
47.69,0.13517434726841732,-0.2528696022062942,7.491032260325736
47.7,-0.6676193550583981,0.6265033857480282,7.547132406948257
47.71,-0.5715513183966987,-0.29398087052617616,7.666436104552941
47.72,-0.07796635371520001,-0.13926876086271367,7.968924949430986
47.730000000000004,0.45918948021898087,-0.3788964889291237,8.098009562374358
47.74,0.44219258552554386,0.19324579230541059,8.518510185067885
47.75,0.031152431371614324,-0.5681711630614277,9.067222222703768
47.76,0.5567705758079495,-0.21791673834141095,9.43662651879375
47.77,-0.15824444938984977,0.17021073159193092,9.277377509922191
47.78,-0.3266587861101694,-0.6176753434639258,9.985121941952727
47.79,0.10884671864210405,-0.2332421652650243,10.247104454799063
47.800000000000004,0.5326191964236113,-0.2367925546824164,10.293673911557786
47.81,-0.06794909570012836,-0.31055319447806595,10.933903316300764
47.82,-0.07612331131868942,-0.7899254808051558,11.237177218750212
47.83,-0.1568226607562048,-0.24653809190482293,11.568982164935724
47.84,0.12598885449420205,0.3560655213979706,11.553481145170576
47.85,-0.880773677951429,0.6206605695676657,11.915484644104042
47.86,0.8944030916802376,0.44399671567336263,12.270437818609873
47.870000000000005,0.1718928841868198,0.2897494939562045,12.152297075781297
47.88,0.25238657732737896,-0.020573965616304875,12.769868751470282
47.89,0.9216539494779623,-0.6181013060141037,12.7187034226707
47.9,0.6004748981811554,0.4680718191266208,12.677295242716527
47.910000000000004,0.8661770568079253,-0.5638499691273269,12.993918549419012
47.92,-0.03831779910149297,-0.28023055325546703,12.979603322421795
47.93,-0.013085768323092177,-0.06645163408902292,12.70991265736756
47.94,0.22298085998476638,-0.5107050229848893,12.557105587244484
47.95,-0.7493267721473872,-0.13165409086216445,12.70738907080458
47.96,-0.4739468794411116,0.5834863482398168,12.856468797248112
47.97,-0.14385627278149693,-0.3255079421066338,12.308755506870401
47.980000000000004,-0.4998400452030573,-0.04867597228783364,12.009920695155243
47.99,0.45619019475277023,-0.009546048009545186,11.66001260792904
48.0,-0.6856531292850073,0.6771580234639188,11.68159942511344
48.01,0.23681980202846645,0.24524632591491127,11.08912278862082
48.02,-0.39042258480528164,-0.2028826724895073,11.06928437133687
48.03,-0.2287340651449368,0.44572867130334054,10.733423303945735
48.04,0.6222261592194346,0.2801188920151016,10.362981842366322
48.050000000000004,-0.148214141228741,-0.48489350706585377,9.950516261429863
48.06,0.4981893629670384,-0.45045340716802434,9.962656407931552
48.07,-0.2470282960499165,-0.483399269617006,9.324088837461742
48.08,0.16449432813376869,-0.476242866399281,9.25780561804578
48.09,-0.41524316015639856,0.6217442233430869,8.75431968375972
48.1,-0.9284952176296944,0.0676064742983093,8.560988774517911
48.11,-0.4346819706367969,-0.05451527472407759,7.999471018069979
48.120000000000005,-0.2570419754612467,0.06052262102591867,7.880439799459913
48.13,0.044172486915936664,-0.04573305504936518,7.571673858072246
48.14,0.07446441688997903,0.029390910612275927,7.321985032411165
48.15,0.34364043576201203,0.4488519171676357,6.990711121108874
48.160000000000004,-0.33241701332148393,0.9689917767639963,7.042794419432351
48.17,-0.012979129040416239,-0.0120018799762826,7.248952876845889
48.18,-0.2208059090784375,-0.22854887654953476,7.112808666077707
48.19,0.4621015051076411,-1.1475398694256067,6.784913329719761
48.2,0.16773862716322646,0.0643141435035508,7.098997314781601
48.21,0.48179995889677474,-0.4693741858512769,6.875632730578264
48.22,-0.6408469734427966,0.653593349576754,6.805321558048917
48.230000000000004,0.4248328940720643,0.3393148651942937,7.031790081628102
48.24,-0.14978365111693928,0.10799556312429769,7.267279407277154
48.25,0.33127644598325273,-0.17111111521643407,7.4884861598660715
48.26,-0.3912336577710783,0.3497610543235264,7.618880646132086
48.27,0.22159794392326865,-0.27608558199977484,7.835890593550988
48.28,-0.10475974114799386,0.12465402965546825,8.193092400432699
48.29,-0.37032893708071907,-0.6187303323365889,8.4086869817045
48.300000000000004,-0.589928501617794,0.45025108606378994,8.545054885819933
48.31,0.7798164630723434,0.1408449764547217,8.999130314171115
48.32,0.09289966029200157,0.2746456896982187,9.351434284747011
48.33,0.21485736217260376,-0.8880243546220905,9.620774045845621
48.34,-1.2010841914108394,-0.16887295206175532,10.094465591419084
48.35,-0.379787675684321,0.2592686183712416,10.38527900983018
48.36,0.2580562127489949,-1.305653315400333,10.596045376313853
48.370000000000005,-0.3386063067057212,0.1049210592118256,11.20278167913237
48.38,-0.3738540321429577,-0.37131915488604295,11.254407992673322
48.39,0.051772231443168025,-0.2286934401814448,11.63167909165091
48.4,-0.4325776321077903,-0.11811247267564026,11.837304734681817
48.410000000000004,-0.3680571924135467,0.07299428456601419,11.977264007500192
48.42,-0.44567059473404225,-0.11596929849993315,12.375868079163656
48.43,0.12883307311630265,0.1585765434410794,12.501583268218058
48.44,-0.35449502812178935,0.38576326520854193,12.713296032299345
48.45,0.5643746208001702,-0.49059446408070817,12.993288426535425
48.46,-0.7480739513113327,-0.6896709697061546,12.782846747500761
48.47,0.20222729622122812,-0.04542780005782837,12.769329764057545
48.480000000000004,0.28733158537071235,-0.5372794130117527,12.359158407723486
48.49,-0.8503682644690495,-0.36386258053794523,12.820257614517084
48.5,-0.11083763793338144,-0.7751184414116853,12.55481954518511
48.51,-0.4258847674344426,0.537394485351024,12.4191444649145
48.52,-0.46472463694722144,0.5815639508010103,12.287738502016321
48.53,0.609448188841611,0.12420053040319658,12.250737594217938
48.54,0.15534500332026144,1.042190844965851,11.92064634238053
48.550000000000004,-0.37996465103149296,0.18214474231100555,11.674554771317641
48.56,-0.5283727744371383,-0.5021674928337088,11.393240815964912
48.57,0.25562628330234727,0.8357172108609652,11.141070867634602
48.58,-0.2703349549443931,-0.007869108837229926,10.786311972003645
48.59,0.2145964193344109,0.22004060488782484,10.401802113454625
48.6,0.5072022468395749,0.2958738102624875,10.015473717480084
48.61,0.06019026703737241,-0.6610169636558549,9.979156145704351
48.620000000000005,-0.22787561562374464,0.05690257976819532,9.571931853745632
48.63,-0.6299318278726749,-0.4650416844883811,9.15846733822721
48.64,0.14890783084230047,-0.5069229158653356,8.738108350038532
48.65,0.39379384651498606,-0.24486497917506003,8.78050831085257
48.660000000000004,-1.3854170198141142,-0.41936342856755715,8.16391701764083
48.67,-0.021121723289349574,-0.6536099730328074,8.047053684880671
48.68,0.16649146631247774,-0.6991299133336785,7.511907309493206
48.69,-1.3152313105392168,0.24308338967114695,7.626579050340508
48.7,0.13156019548867914,-0.37741687916816596,7.371574140541575
48.71,-0.6538504455224994,-0.11478798580617869,6.970131963305914
48.72,0.2511966350382822,-0.40128164569449076,6.983504750270762
48.730000000000004,0.8029178556622398,-0.14968520891514295,6.722453014264856
48.74,-0.6566980813454997,0.39960292221634475,6.771451197224243
48.75,-0.5064501383444483,-0.27210667937100896,6.607648719801375
48.76,-0.1498408642989813,-0.2104794033496155,6.847732826538916
48.77,-0.2868325635678506,-0.12275535508935129,7.028564218909729
48.78,-0.7733011821108633,-0.36436834410473923,6.873246621336751
48.79,0.03335942499649953,-0.09827062982558933,7.043401027770991
48.800000000000004,-0.5791280180945063,0.24550913612357822,7.313930626709855
48.81,0.11099102950147526,0.4798687617781976,7.197402592355633
48.82,-0.6874199602757484,-0.3180474529585281,7.710612203071698
48.83,0.5152745384458148,0.15979710543852427,7.875291148820178
48.84,-0.08219387123247925,-0.09460742499130714,8.228731483020987
48.85,-0.7733214820427816,1.2348529248365554,8.112697482848668
48.86,-0.3923684624695062,-0.6880191582046683,8.675712569847121
48.870000000000005,0.2867347495446354,0.7388319836632647,9.11368788954598
48.88,-0.09616172921510031,-0.2434890655625123,9.612499444152078
48.89,0.6085383001280527,-1.1614756849232657,9.63838770290459
48.9,0.2953359375361167,-0.8390487027363384,9.974336174402056
48.910000000000004,-0.3257585709361225,-0.8636962673184695,10.460810530995039
48.92,0.6585399295225457,-0.6912272149110145,10.755185970184483
48.93,-0.48422710411956743,0.7671200678016405,11.179800190356929
48.94,-0.30793301691841735,0.7227239840988033,11.322186238995295
48.95,0.29396594434835366,0.6298425564522317,11.719902088205618
48.96,0.6923659067900284,-0.7226563304403274,11.805050216931301
48.97,-0.21802826854424837,-0.062147330990000686,12.187899740402717
48.980000000000004,-0.3370583333072135,-0.27323938278312543,12.5054303608251
48.99,0.2990257533243952,0.4155533702455382,12.439675475313418
49.0,-0.13135268361438926,-0.19046693001584822,12.576531108303303
49.01,0.025440253217974607,0.12055902318639432,12.947476662364464
49.02,0.3861492101676813,0.5089384223377689,12.658020612508748
49.03,-0.5172646670751567,-0.1548884858171644,12.63583488988966
49.04,-0.29506431988103965,-0.8073496582867769,12.526443066835675
49.050000000000004,0.026018333754151215,0.7818772749402432,12.575324823055016
49.06,0.49891731329809214,-1.1449955445507078,12.581870681805766
49.07,-0.048530248301922645,-0.19987589243904721,12.3913293742047
49.08,-0.5891713073433227,-0.2737133528126913,12.614291252645758
49.09,-0.06684246904323322,0.2140932963228383,11.960659478690708
49.1,-0.05653645889915671,0.9629854136974454,11.70807839656832
49.11,-0.7584168564185726,-0.12083134028162006,11.571489865662658
49.120000000000005,0.25266202734967086,0.8691447878560813,11.4816272060805
49.13,-1.127038920387567,0.03369973818265911,10.937281840075299
49.14,0.3300821771485551,0.9490979431381404,10.711312367959112
49.15,-0.3895448833511686,0.6543554595331581,10.386631525587395
49.160000000000004,-0.9695036312360626,0.03885477175397658,9.957461272030471
49.17,0.44855849473205694,0.23402921747982508,9.675700381168385
49.18,-0.18361556855756808,-0.2754407038821596,9.168810462627427
49.19,-0.5304016177700351,-0.9053276769432792,8.633905595739717
49.2,-0.10306559594132152,0.9060537363688319,8.625117508086786
49.21,-0.3179452993648397,0.06714577900928394,8.515665727666947
49.22,-0.5461309342849818,0.7487371236200306,8.08604755338707
49.230000000000004,0.40282150659265803,0.15207197700153657,7.669598182018613
49.24,-0.3292351800700449,0.8762377294310447,7.541365295309703
49.25,0.21007958222804915,0.4561520474692193,7.561707482707855
49.26,0.13850745606667544,0.04524091830972434,7.037763166909886
49.27,-0.1352817728294792,-0.22700862527560367,7.04487032719263
49.28,-0.13225406120863736,-0.26621101438338596,6.93476265202004
49.29,-0.7353180592110276,0.1732963844215724,6.977247535981343
49.300000000000004,-0.2998867870547509,0.16583170372742378,6.706247623780156
49.31,-0.21186769651716764,-0.08943986476257697,6.976265309966781
49.32,0.4413294495383136,0.0743281281746933,6.768213742058797
49.33,0.3663428422525038,0.6587932262667363,7.01790409419333
49.34,0.3869340200696594,-0.19458106079441298,7.180440576850225
49.35,-0.2808626353964756,-0.5628400910386357,7.42640057679877
49.36,-0.10601471308516401,-0.37855786744465264,7.614176742575934
49.370000000000005,0.05103382263015825,0.5592836010839013,7.414720237137973
49.38,0.5492064100093935,0.8153095016634202,8.017408291268953
49.39,-0.22793546600701603,-0.5075694206699991,7.838364420413324
49.4,0.37752957376344093,-1.1576949654632498,8.274925173749818
49.410000000000004,1.0618718374564269,-0.1624454392779171,8.700385946733233
49.42,-0.863285324111695,0.19831732043941025,8.78264737164979
49.43,0.29733999694662844,0.06878584377593816,9.321326575680596
49.44,0.3892188192642549,-0.11820160235814307,9.722973801992728
49.45,-0.4323446610674827,0.30383184258217605,10.118670491918827
49.46,-0.03434492460492959,0.2968012030382466,10.298934493282301
49.47,-0.4477838345443292,0.5259361499200295,10.841747187017763
49.480000000000004,0.09099667272251843,0.28123452588121756,10.981421556599553
49.49,-0.04789499750720128,-0.9114143414840443,11.403851682999806
49.5,-0.22896577877914054,-0.10969978337112268,11.714988389800041
49.51,0.10929438096546353,-0.5778405417399815,12.103531461809562
49.52,0.47532461933651315,0.4009235933748258,12.047535066604436
49.53,0.182174639616859,-0.156757624729042,12.355264534224283
49.54,0.16344988740594116,-0.12364089602309766,12.432602108454716
49.550000000000004,0.4979668356368744,0.061878440944943165,12.562478976198495
49.56,-0.7042832290486025,-0.03394316222420442,12.570355156179748
49.57,0.1558852352034735,0.23658251337685887,12.91573150479999
49.58,-0.36552824273639356,-0.2861531601521413,12.65583894212484
49.59,-0.12801153351353056,-0.29625709454734883,12.608971087974373
49.6,0.13351866303525084,-1.2591247462324582,12.72234917871817
49.61,0.6489251029416638,-0.43511684684368157,12.582210601828047
49.620000000000005,-1.5378792669624182,-0.04369802522382231,12.88855076231766
49.63,0.2975831013361242,0.13954879261012545,12.43088283594932
49.64,-0.5863557916214424,-0.4025166674035279,12.535509104694224
49.65,0.07638164904365251,0.17120048140427216,11.775502000852867
49.660000000000004,0.4765878895344855,0.7062599610324781,11.633753055073925
49.67,-0.7258235688807573,0.6765779094293691,11.673962504231714
49.68,-0.2654208978594305,0.20163898014138962,11.083868629963064
49.69,0.21526570279492108,-0.04837909637528273,10.767783313507405
49.7,-0.2549690676045066,-0.18101922016164732,10.625716137250317
49.71,-0.6646974018678649,-0.2689282400929731,10.108218964179079
49.72,0.008901564217434873,0.2583173556439489,9.769862780927069
49.730000000000004,-0.539257988753361,-0.2962238180807552,9.65246492773866
49.74,0.11067750287326573,-0.3204732195630641,9.158268660821461
49.75,0.09985072446868967,0.12502915661515257,8.893727881440935
49.76,-0.47337940376743576,-0.6226145989502515,8.72887136118678
49.77,0.1705943360139166,-0.0008472547914179083,8.443551034666916
49.78,-0.22185371073945423,0.09671615658329387,8.104981209640984
49.79,0.31377506507782243,-0.05424013789132006,8.018271763672978
49.800000000000004,-0.18606572542773317,-0.5087935954260252,7.433950790715796
49.81,-0.18744138732904872,0.004894233740431742,7.14912629045988
49.82,0.1738135556125535,0.6465060916841864,7.391368987032748
49.83,0.8125719888768782,-0.18147231202855438,7.040793448925305
49.84,0.11765347470376206,-0.7602196492971444,6.845512679496358
49.85,0.7678542069624417,0.011346998429010284,6.504043479607014
49.86,-0.184160986764902,0.22122045767142012,6.959568716823835
49.870000000000005,0.39183005065256976,-0.5109137070245685,6.9426507638935675
49.88,0.4322911112673881,0.32391773862361656,6.7598774782307665
49.89,0.14533901401605778,-0.21804495665960194,7.018417453583908
49.9,0.5311125926491147,0.33841288713445206,7.224798217705371
49.910000000000004,0.13766382820012887,-0.21911908639217653,7.046929131033238
49.92,0.39366177556483484,-0.5897222992672356,7.554210051645778
49.93,0.0898180185733749,-0.1882359410514973,7.698965496473043
49.94,-0.5177949351939118,0.09576250771592125,7.781116754642378
49.95,-0.009703588580229353,-0.08373251514645719,8.132620385034363
49.96,-0.3701717766342942,-0.061894540956023016,8.427011532495962
49.97,-0.9660886064704046,-0.3970569663307906,8.697531400396572
49.980000000000004,0.5793297636556822,0.27887306101006976,9.074630332351063
49.99,-0.19762966898743733,0.45808684447071796,9.177955532653367
50.0,-0.14179552674671175,-0.41841921079112726,9.77300386067577
50.01,-0.2553125889510569,-0.011060420858947314,10.409877651539105
50.02,-0.7437127022489214,-0.05362975888802669,10.524558419898355
50.03,-0.29863192525847804,-0.44714259435549925,10.693994898162265
50.04,0.6222092395500212,0.05446444226839498,11.18287309868425
50.050000000000004,-0.43602275237208926,-0.1645555701663079,11.506003901820414
50.06,0.05599777249731407,0.6939242067410109,11.757696241502725
50.07,-0.29593898758983456,0.5098276892486203,12.097879446525406
50.08,0.12120508290123398,0.207591835684953,12.009366908451543
50.09,0.25722893183668044,-0.30274500348827227,12.505419763215574
50.1,0.9167869722853111,0.6414535339559967,12.33740874141203
50.11,-0.11965493669959776,0.7683874863732203,12.665954634945544
50.120000000000005,0.42089676869752984,-0.2915369895698377,12.492452384432477
50.13,-0.6527411439170705,-0.06162169683847096,12.823026343385752
50.14,0.1386614113165222,0.3169388218305413,12.541414411096952
50.15,0.3779929083972042,0.14164313150757574,12.804656930469593
50.160000000000004,0.8598543780722638,0.16946005516764692,13.143684893599016
50.17,-0.2828386411116208,-0.2783315187975264,12.35040981834163
50.18,-0.43717701614214466,-0.06817697792088685,12.49761440116644
50.19,-0.6203495840613785,0.39843348818997915,12.343219781346146
50.2,-0.7111077636144629,0.44148406751428565,12.104724743988186
50.21,-0.2974005273127772,-0.14138627993903927,11.97175891391305
50.22,-0.5323912041823097,1.0431310576796193,11.414263122765886
50.230000000000004,-0.21353500401587777,-0.8863732595424622,11.584503179849177
50.24,-0.7265270678612958,0.6253886493926233,11.11870201814198
50.25,0.6366702915988875,-0.06739702727860444,10.830702057855982
50.26,0.20803460710428434,0.09635347451086888,10.387932639423495
50.27,0.5751927251269917,0.05352213073102964,10.188178587114397
50.28,0.012854093231946988,-0.7479482306369221,9.52024092707383
50.29,0.06900520392139714,0.5982961859781002,9.523836714877314
50.300000000000004,-0.9023709319864779,0.9823749084122405,8.96334102158625
50.31,-0.29266909509641015,0.912808786103909,8.784423539286399
50.32,-0.8895045639848175,-0.25855456715470504,8.529436680022673
50.33,-0.6699173841819502,0.42431311263083465,8.23753900996478
50.34,0.0827391128758863,0.5626156365328445,7.990300303932787
50.35,-0.13370750940232848,-1.1730337050898365,7.678813800194308
50.36,0.12014856941040963,-0.13834588064711378,7.195720266413054
50.370000000000005,0.1646281613991606,0.18566459944710717,7.36994086767005
50.38,-0.09254802044358172,0.4276107620115443,7.102741359558102
50.39,1.5587398905826748,0.28065592602600253,6.979139382865212
50.4,-0.20920529188862896,-0.008940823382192334,6.645699531735706
50.410000000000004,0.5151265924570433,-0.10326856346789126,6.803917942699294
50.42,-0.030783097154449858,-0.9097106505364307,6.875763285118602
50.43,-0.05395858310638756,0.08005283078818867,6.899996496811989
50.44,0.5339008000727388,-0.21063652762654653,6.930849458843866
50.45,0.5747737794440757,1.7250716885286907,7.1794476824752405
50.46,-0.33089857900441394,0.01366011208093739,6.995765680286448
50.47,-0.10134806182575044,0.21670669947751023,7.134905726287842
50.480000000000004,0.38891901134215606,0.6771830983909778,7.249653762856349
50.49,0.10191164099486916,-0.2096106397014118,7.812011485160047
50.5,-0.680938515960988,-0.41372645927354357,8.11613716292978
50.51,-0.12589977627747762,0.628304652697679,8.351562735199861
50.52,-0.08681210049623103,-0.3117113555437026,8.647103506783859
50.53,-0.2833143585845601,0.5096002029324237,8.638680023724108
50.54,0.2984772285499386,0.3620190745028185,9.34648815073398
50.550000000000004,-0.5779632646065518,0.7227847063657256,9.56494421487872
50.56,0.0766660865732124,-0.5281493729245732,10.211745153431874
50.57,1.0366896315725584,0.8850914588318197,10.101255487659666
50.58,0.3589466577029482,-0.33289656455662087,10.45356120991017
50.59,-0.5772728014575409,0.35815837002512046,10.99209882032596
50.6,-0.46423994170080635,-0.9955135054761076,10.966723109652268
50.61,-0.08607095887535839,0.7982503275191184,11.41399977009479
50.620000000000005,0.09369651343999229,0.44920579441787856,12.008706345526733
50.63,0.26462462001930565,0.054556629513119306,12.103879687504987
50.64,0.24996165132610107,-1.2335655073793963,12.188427526147446
50.65,0.09776435657552636,0.45280753465234375,12.696678805227965
50.660000000000004,-0.15846003026086775,0.2464876902027226,12.637013313439333
50.67,-0.7354195441350374,0.21115564085012373,12.7268553411506
50.68,0.24238980773461014,0.2338091419068127,12.679314810740854
50.69,0.5293591581136011,-0.3568812589680975,12.991434298855761
50.7,0.26841771789714003,-0.5227993468953188,12.543564653782676
50.71,1.012847931519418,0.9822284938670262,12.942339827875504
50.72,0.8739700967342939,0.524919732593655,12.819338826206257
50.730000000000004,0.4292806894290685,-0.12657337365394536,12.567026816298338
50.74,-0.8508782424769427,0.057695152371834674,12.714395293868954
50.75,-0.10848004588469315,0.38555758525015227,12.268620540298537
50.76,0.5223307661064388,-0.5394632696471707,12.064999255599837
50.77,-0.22088136428080402,1.911303889019391,11.642145066693962
50.78,0.4844615335089961,0.15192043471280264,11.431823745216615
50.79,0.22294460093259788,0.06498208615810054,11.30456704629368
50.800000000000004,0.2010720947358393,-0.4999956105851066,10.995338157850231
50.81,-0.15674666616240418,0.32007440342915106,10.631529355518627
50.82,0.19987882398336457,0.01775038188826611,10.295465356076596
50.83,0.9561876402993205,-0.31404947294262725,10.10553735221231
50.84,0.43093360509336615,0.215014093510616,9.53942377236579
50.85,0.31613026168299935,-0.10361410765854763,9.294745099845333
50.86,0.6541277460361872,-0.6941247529914509,8.67877573696145
50.870000000000005,-0.17638156367108465,0.5140985853624892,8.719065425343912
50.88,0.07105616964855742,0.9160910651008003,8.248673623641
50.89,0.2424066674200059,-0.6816287939579507,8.248605578795225
50.9,-0.13998891504067212,-0.1595760081338381,7.838712768979888
50.910000000000004,0.3568234631820084,-0.26907947158047857,7.582675105234051
50.92,-0.9027591981135514,-1.0106184984869147,7.038353479977834
50.93,-0.7770247947231604,-0.17407459544911696,6.9109393231784875
50.94,-0.05153024890164709,0.1430743393387853,6.980596132674468
50.95,-0.14697009006246936,0.16097357737244108,6.79605867107315
50.96,-0.09359805479337031,0.05839546188504237,6.748882508708319
50.97,0.28797780809805856,0.6413532871093527,6.745707112202994
50.980000000000004,0.4116964853595947,-0.6370162729991006,6.6834949742724765
50.99,0.3726217785225878,-0.5965789740607167,6.99095283995848
51.0,0.1940108887467607,1.1732399572405299,7.0092721519674
51.01,0.1676268867648079,0.2300640384281819,7.3066918318418175
51.02,-0.7426468352670312,-0.3374170210258037,7.076034229538596
51.03,-0.3974450436251201,-0.34860516641015526,7.735755910072105
51.04,0.1231029471060347,0.6329391692674561,7.556214954925564
51.050000000000004,0.3849730631490133,0.7065565334942675,7.9168808070616326
51.06,-0.37098918263503744,-0.07732899191454745,8.453553051997272
51.07,0.10334105798977127,-0.45712016697927604,8.618156134850278
51.08,0.8212941238652345,1.0976408827104853,8.534672677957447
51.09,1.0613770809743797,-0.3613524611924068,9.219294899277518
51.1,0.36912570754440116,-0.043151821203159565,9.65444325718959
51.11,-0.4841430538325263,-0.30856611616739754,9.828685701318305
51.120000000000005,0.29937497748483255,0.12262657602434998,10.200632735322692
51.13,-0.501200097431007,0.47647386049418655,10.291723455844325
51.14,0.6519378344134994,-0.008203452466664462,10.757966499762386
51.15,0.015815192070433543,0.4146622850963982,11.003550762848308
51.160000000000004,0.2933277730923622,-0.9451581870748651,11.174934841123868
51.17,0.04742052183841987,-0.45883247905705876,11.532774085967828
51.18,0.04627909304477896,0.3910429519238743,11.841288295150143
51.19,0.7835016882681842,-0.0386644965011794,12.00938080311755
51.2,-0.5086382840855029,0.0911888970623256,12.217865368555827
51.21,0.05743207112089361,-0.5620211071482856,12.393780268452922
51.22,0.5617025277592158,0.8937055042260742,12.83685202213594
51.230000000000004,0.6577638013887678,-0.24760824279947913,12.941826926411556
51.24,0.006594353001117382,0.8950868941254777,13.143131429329781
51.25,-0.4531645315153454,-0.5225069795386452,12.685053062855797
51.26,-0.3808952888887991,-0.6477821646679417,12.834185342251763
51.27,0.14468056696918258,0.3835300663792155,12.741673602763088
51.28,0.07691478032735995,-0.1913970555518793,12.545077925828034
51.29,-0.058310269015978744,-0.03279554399031196,12.379200720691925
51.300000000000004,0.527173503954351,0.6663111482749272,12.470169724137895
51.31,-0.06880239237637435,-0.596408579669594,12.280340094537731
51.32,-0.5410004377741836,1.0398873943216012,12.215380493394644
51.33,-0.42914487384496375,0.26830096526802205,11.485235148932508
51.34,-0.45972086027206505,-0.056166653394789025,11.588887171314447
51.35,-0.3002819287048517,-0.5869469671208718,10.999544629418764
51.36,0.08203771435472021,-0.4574021500302229,10.606965565263852
51.370000000000005,-0.36073674561362074,0.4124364874545607,10.569954468251076
51.38,-0.3384246175629757,0.4925092485682312,10.092307488049217
51.39,-0.04087703218249219,-0.03312329257975721,10.00667796538194
51.4,-0.49986369575116424,0.7302089196893367,9.152763115012155
51.410000000000004,1.2698496870698568,0.13877877301055455,9.263866388131364
51.42,0.23545368391787366,-0.13185231783404677,8.621721737646244
51.43,0.7522084951342173,-0.34875015328866216,8.344991095196134
51.44,-0.48994966848786997,1.0992261146862459,7.85175865244432
51.45,0.16747571814981052,-0.27088263185913186,7.978148122140488
51.46,0.18944414738064935,-0.732211130846256,7.579259886435893
51.47,0.5560840656233922,-0.6590964530505032,7.605573939081951
51.480000000000004,-0.01703947773121066,0.6053970380817008,7.268890336412158
51.49,-0.9432744179988245,0.9418519173504972,6.9234324053599074
51.5,-0.016953212263092876,0.26046169818223885,6.7912796404612905
51.51,-0.1672204791407281,-0.35718463242876725,6.692192735427333
51.52,-0.4264234856414579,-0.32871757803372653,6.612704125460713
51.53,-0.7728965158579012,0.12869406417605062,6.875993121438116
51.54,0.6127332529465259,0.08549634878119643,6.663368840908328
51.550000000000004,0.19948718673467736,-1.5229641445845636,6.802658078682857
51.56,0.07088200694822763,-0.23875126790855827,6.997474096420759
51.57,-0.3081197191638037,-0.25013834856497563,7.094280603338269
51.58,0.03004668770349132,-0.5829342932372652,7.318846368922319
51.59,0.8700861458149759,0.12503472923412814,7.617833468452177
51.6,0.9019704314145636,-0.3976577156228123,7.819308468946127
51.61,-0.03288039847350654,-0.6177370729663632,7.840602077537815
51.620000000000005,-0.6088472079438797,0.5004258681592316,8.287041503099871
51.63,-0.49446894376525374,0.37750075944039235,8.368328541826928
51.64,0.1111007974726275,-0.8671187114568395,8.863854897330334
51.65,0.28956574049147904,0.17811418655595118,9.302550564579997
51.660000000000004,0.3058348265585058,0.5726248228032506,9.521111981508058
51.67,0.7275570869035612,0.3078022870662537,9.97866144495942
51.68,0.07043062461609127,-0.2814595302033229,10.460296155161396
51.69,0.36603167676740356,0.09889155419246379,10.793048239484309
51.7,-0.24297786827945358,-0.31958990928440445,10.574804649720328
51.71,0.33945524946348665,0.11523971131642223,11.109330405772061
51.72,0.12348913543458091,-0.03153396799378982,11.482564828546977
51.730000000000004,0.6679796475378467,-0.6738122970099628,11.929038337909274
51.74,-0.13732671345068448,-0.24456635114213607,11.954132979762601
51.75,-0.6020825358669457,0.5368893453787041,12.487031414736343
51.76,0.4272711729667724,-0.26725275200352333,12.502331759992883
51.77,-1.2812474595570151,-0.14380217553823188,12.427656075603641
51.78,-0.0005525113710844116,-0.4961985433077292,12.544130406754162
51.79,0.4716426218193406,-0.9181286897828612,12.637617146552845
51.800000000000004,-0.659502552007246,-0.5511864957970408,12.546167811562174
51.81,-0.31090739877448936,0.2009005249974318,12.75461930751009
51.82,1.36137621028161,0.7794483461964669,12.969729118110983
51.83,-0.18280015181529455,0.28347916751924646,12.749256494365051
51.84,0.2736747996360957,-0.15055102999655434,12.756765030968113
51.85,0.30061704480753226,-0.15610805287041155,12.33730334643976
51.86,-0.24355752878850095,-0.22065729316191357,12.124952048259427
51.870000000000005,0.004113020213219562,-0.4512115842776097,11.975369833901903
51.88,0.11508378485189152,0.2761919620631886,11.662127007100453
51.89,0.7336122849493781,-0.021573086191114765,11.827401024349438
51.9,-0.7495613308144273,-0.6734536481705403,11.202729186189549
51.910000000000004,0.2686120663242214,0.3020773962581796,11.09182273665732
51.92,-0.2969026368322169,0.5207669813997605,10.667186596192087
51.93,0.5499935977669629,0.08668444786250191,10.20358794656678
51.94,-0.2123042721719235,-0.5618118254170463,10.10319128931408
51.95,-0.31578336971686694,0.5542712070785353,9.697679873628354
51.96,-0.12504391760291128,-0.5040817392444015,9.331919970346737
51.97,-0.11233585859255962,-0.2558398066518513,8.942633215758056
51.980000000000004,0.468472334126059,-0.2835082594029655,8.66725688291069
51.99,-0.09889777412138492,-0.4581048580565361,8.406467366960587
52.0,-0.14927936593209615,-0.45921126745754975,8.296672829596886
52.01,-0.44283377948095204,-0.4512569775742094,7.73258847610045
52.02,0.15001525764812043,-0.8444520028051554,7.469731798173169
52.03,-0.23279635440343346,-0.07463088701334479,7.157652902033534
52.04,0.35759588401231013,-0.012752938791454652,7.135378620576071
52.050000000000004,-0.17310867468307933,0.6007682615208894,7.064302916675507
52.06,-0.030261291378510514,-0.03246082151133179,7.17416281062486
52.07,-0.02406201597005979,-0.3160250085497158,6.669915484235647
52.08,0.6045824892062014,0.18655221458511048,6.49000704206895
52.09,-1.2651142452048265,-0.09287117628256238,6.727369213407625
52.1,0.32203244726107005,-0.8670447516096473,6.8131045235608365
52.11,0.45072061372235067,-0.20434145524760755,6.826807873225371
52.120000000000005,0.093309311085882,0.547957910878132,7.395960214030654
52.13,-0.31357905549229825,-0.21658787276752134,6.778253266409365
52.14,-0.19665966107183067,0.5297771039762813,7.226918232721212
52.15,-0.1588879821854668,0.014037847222187545,7.53221127036405
52.160000000000004,-0.4011882894340028,-0.2840237636567529,7.926096015639332
52.17,-0.198224542473297,0.9003773726699453,8.246962282877282
52.18,-0.3583807715269465,-0.31322085010952755,8.428831297545592
52.19,-0.001929934454079253,-0.10811695863042946,8.818843857083813
52.2,0.19069636880398286,0.7053872205082373,9.005105850168697
52.21,-0.5274460537964787,-0.6406593059151564,9.134148710014735
52.22,-0.9549119241073917,-0.1683385860930154,9.725146162995827
52.230000000000004,0.4798822951328574,0.3449872655833099,9.898256548034322
52.24,-0.22215709305783718,-0.19678351982081663,10.056174865251641
52.25,0.28569882018276876,0.7568372912998672,10.597724823898103
52.26,-0.13936414320955717,-0.6131015301720707,10.980688300647671
52.27,-0.5049090543112695,-0.42914642675718667,11.33917065093476
52.28,0.19342216188015082,0.10832242062316498,11.624177816954633
52.29,-0.3303190692408406,0.14665297765110313,11.897640466577611
52.300000000000004,-0.22804951285646907,-0.06963435985766969,12.346987424836023
52.31,-0.9965955901063924,-0.3093499577434323,12.353704282269955
52.32,-0.9957855722350418,-0.007712701011433076,12.520619323826558
52.33,0.5946914833657644,-0.6885850553056072,12.83320959217783
52.34,-0.3895215285046805,0.21440841806528788,12.888868245556063
52.35,-0.3225619949995776,-0.5266472100778639,12.651300598783509
52.36,-0.20860027905084338,-0.2952272128868589,12.858821353940147
52.370000000000005,0.14347861409670393,-0.8324592654818996,12.6660722290847
52.38,-1.4345897259821685,0.7961086815379288,12.738440594028871
52.39,1.5780670651106081,-0.24402633858163225,12.870324036897937
52.4,0.10846759487092202,0.6388905143990443,12.533588425817864
52.410000000000004,0.8672348623078491,-0.3719045146699331,12.300245933393454
52.42,-1.0551539288630352,0.5000610353205963,11.960155683162363
52.43,-0.11601422340850784,1.1042857485999151,11.993178399191041
52.44,-0.45733064912525956,0.4121677409111716,11.669556805392425
52.45,0.24192707875188632,0.6095531616841517,11.532042736041204
52.46,0.2276261819022865,0.08215663825730828,11.222239432501015
52.47,-0.37627390017465884,-0.28541974032553147,10.914560684816367
52.480000000000004,-0.1078027792496728,-0.06515633380792892,10.649571854274882
52.49,-0.23021153070974354,-0.9708686826910001,10.117158569454306
52.5,0.7599476746797613,-0.4840861656690329,10.005834969580803
52.51,0.35885988696076554,-0.13158292288603712,9.212017321562481
52.52,0.546966955139,-1.5618473678530058,9.300421919716669
52.53,-0.14109623232703228,0.17008416800758078,8.640466466003414
52.54,0.4494776248328074,0.1655217591606614,8.223900653600792
52.550000000000004,0.5820546045280768,-0.8624716629090701,8.159372392716417
52.56,-0.4438865339219739,0.3368495283266508,7.87398557981699
52.57,0.4453388970108597,-0.252932439448919,7.802188703209979
52.58,0.12843803983140015,0.07332190415203069,7.324870468086902
52.59,0.9674207369146193,-0.4742776930626819,7.066201699781547
52.6,0.02102629855109181,0.6008439126233323,7.104861859721622
52.61,-0.07410293490578447,0.3869822707865936,7.030784583501802
52.620000000000005,-0.4186465437728244,-0.4875102365669355,6.742905413749276
52.63,0.5201255584248672,-0.032316737410894,6.83397769201599
52.64,-0.5800756015365607,-0.0703175135024278,6.6208633565771455
52.65,-0.11396049114898794,0.3667273140978533,6.842601005658178
52.660000000000004,-0.4500436996879461,0.18625280514431608,6.880503902710499
52.67,-1.0500498594381842,0.19038063160425872,6.6094553083441845
52.68,0.14285886020414537,0.22820775834562654,7.189800219467973
52.69,0.22214689216759123,0.7208280946449559,7.2587963307905685
52.7,-0.22429024910027764,-0.35905719810597564,7.340823877943015
52.71,0.5612648551580879,-0.0782256593402217,8.000935757408765
52.72,-0.3245594369633651,0.35254180152617964,8.046435006894017
52.730000000000004,0.8819807014417121,0.09799566003965703,8.189878366191378
52.74,0.5351980243727261,0.6289389040424008,8.464521726449949
52.75,-0.30230643747290403,1.1328121175467292,8.911957273932076
52.76,-1.2977750549402562,-0.9740301077872336,9.329584450638098
52.77,-0.14621969867286516,-0.7180167015448042,9.555627891478016
52.78,0.46010421765751225,-0.046831427376260865,9.95989147745208
52.79,0.5931155468732761,0.47026621546939296,10.070616475425412
52.800000000000004,1.0816965437241675,-0.5902464180421536,10.513919936490705
52.81,0.2976606360136833,0.01311100216688026,11.024171688424776
52.82,0.6371322387557536,-0.2514020994852452,11.196278846284796
52.83,-0.08867424989660629,0.057720228750172235,11.561392045330564
52.84,-0.7802677084575189,-0.2111226656071489,11.6985660754444
52.85,-0.1413580357963105,0.040474697416482894,12.182360491523514
52.86,0.3064977547387857,0.4982847886207453,12.106763292300416
52.870000000000005,-0.10770045171650672,-0.15325223442930574,12.27114048114702
52.88,-0.631074242385225,-1.0381821410564627,12.348151328218497
52.89,0.1343667914876337,0.27402905291984936,12.709136673352686
52.9,0.25636146152026174,-0.8490118541359916,12.726519121219198
52.910000000000004,-0.1234938609662454,1.1430109244498652,12.917730829234964
52.92,0.30020072028804,-0.2961574199435565,12.726816088035783
52.93,-0.15042410145743923,-0.387750693729115,12.529471628373624
52.94,-0.35303674774967947,-0.4511298331058255,12.702510511742341
52.95,0.5528474537411775,-0.1268752420220236,12.455043597039914
52.96,0.39447884931185284,-0.44759265185406655,12.34871015774544
52.97,-0.14005253747901408,0.4462062415257923,12.429001039922092
52.980000000000004,0.08021706561838819,-0.5902276987487396,12.13061024533303
52.99,0.9034056604780815,-0.20719810025158195,11.756807526137809
53.0,0.5411360469640171,0.5457129023428587,11.557498949105867
53.01,-1.024168760496859,-0.10645592126114067,11.098873624451898
53.02,-0.010512959511266488,0.7618793606303337,10.76856903533479
53.03,-0.2706453365557609,0.38785075445137435,10.737597145035556
53.04,-0.9135586982003062,0.11136344694769054,10.497486234282876
53.050000000000004,-0.9106992396980933,-0.9537350516446307,10.048139913494994
53.06,-0.1765586488902449,-0.16260381226763984,9.491474989801514
53.07,-0.6107319171720559,0.1922744346539451,9.292963041355096
53.08,-0.4717676622972977,-0.1924565823703312,8.96659657775934
53.09,0.3328848053609767,-0.11092621248957167,8.651335866999744
53.1,-0.05465516348024637,0.12462464786831083,8.154722114728116
53.11,-0.15630699856972738,0.693856655828945,8.13672611883744
53.120000000000005,0.33108305314674874,-0.5193789596348775,7.772051228062334
53.13,-0.3396624636124527,-0.3776531765742558,7.393582427370159
53.14,0.030066627943856623,0.3613827888622757,7.073085795408322
53.15,0.5516961170544148,-0.6099128940866514,6.988071432289431
53.160000000000004,0.2511413795206425,-0.4036440325262057,6.906904794271152
53.17,-0.37264766193624643,0.07266468331609942,6.947828070302743
53.18,-0.39031816805318953,0.3751211219839027,6.955579015155866
53.19,-0.3505542480353131,-0.5175826460051793,6.569546828965625
53.2,-0.2529145781257271,0.8031234880218706,6.905785770137488
53.21,0.8603001403563458,-0.6455339565217347,6.965235237263858
53.22,0.6697726745552489,-0.7191522437826517,6.810425047277392
53.230000000000004,0.2912767390301428,0.7112582230581695,6.923824856196501
53.24,0.3137959155605939,0.5092365378340158,7.468547678218352
53.25,0.6571729993092236,-0.25698249462171385,7.3366468272611245
53.26,0.20756862636189424,0.04036397952095567,7.676827509072004
53.27,-0.678745193216739,-0.46108534312302557,7.777117703632322
53.28,0.39394186035581114,0.6560889021349928,8.053728348844835
53.29,-0.4377600855612932,-0.22363435412315702,8.165247807564578
53.300000000000004,0.35343977667463283,-0.36303170389882716,8.661750603425746
53.31,0.37307526452618794,0.5224186390803373,8.840100562487862
53.32,0.7227283183395367,0.43972436452343916,9.20505083452718
53.33,-0.16614786413610122,0.29959348392369833,9.75961895834794
53.34,-0.41972532406559315,-0.5952164727647528,9.942835377310722
53.35,0.13705819916523515,0.06138574357293015,10.68559766280722
53.36,0.7218361390123703,-0.3723424094843934,10.65143847346707
53.370000000000005,-0.9283943793523539,-0.2541033337735575,11.12998071862574
53.38,-0.2746783404469923,-0.17202546935871954,11.36608426623739
53.39,0.32287487400126363,0.09270104945222468,11.37408714006857
53.4,0.21963923552570588,0.4233026541629998,11.516275288348849
53.410000000000004,0.11685454772703131,0.3403813152828474,11.834947044904018
53.42,0.031417336355427636,0.11235412951289334,12.261465042967698
53.43,0.20490092225788994,0.7592638802549968,12.625337656831226
53.44,-0.24560949783542707,-0.4215806245941529,12.505481138140372
53.45,0.24031110330216554,-0.08449110241204148,12.728594201688395
53.46,-0.35860967313370157,-0.44873496882441566,12.79615089972118
53.47,0.061626528726474505,0.3443632924001288,13.195851304837548
53.480000000000004,-0.7335497766430179,-0.663545592414279,12.705555248158223
53.49,-0.505290530227628,-0.5882108503612914,12.660945947438572
53.5,-0.033672357528417955,-1.5272558308435005,12.644005067050987
53.51,-0.16216005899620384,0.09343840835919384,12.54954990952984
53.52,-0.41016119378921884,-0.39956817907465564,12.025972476627935
53.53,0.07125870230949319,0.006685919248374289,12.17846766368147
53.54,0.3611322389088307,0.10575898254590778,11.869933666573138
53.550000000000004,-0.35570984129316724,0.4581447818944716,11.68911172455688
53.56,0.46442410997347644,0.587395588724795,11.291247367047415
53.57,0.18400452775787937,0.4553127142784428,11.26559448994278
53.58,0.6546532387022713,-0.25906432102070337,10.992644220580921
53.59,0.08108910064885261,-0.43511213117684977,10.591568906756283
53.6,-0.2568441765311971,0.6972714297585569,10.306885343754798
53.61,0.25559062333006133,0.26472840267987385,9.704019861766607
53.620000000000005,0.16147245153176198,0.1882875149404693,9.368170045924304
53.63,-0.5771139480919719,0.26828187062827763,9.071444531434807
53.64,-0.33988581530603734,-0.40741050741586465,8.94224917818523
53.65,0.347702223596491,0.26135676097427163,8.663856489484282
53.660000000000004,-0.7447583621491848,-0.11464664706327665,8.360151292741213
53.67,-0.8135587071831945,-1.0943005630311538,7.97150927017437
53.68,0.6394255299711514,-0.17501250917248182,7.734561301736699
53.69,-0.5682028996684668,0.6186243433657769,7.588334000636454
53.7,-0.17631161765354145,0.85154141025428,7.1626851161214935
53.71,-0.19242355879697798,0.505548766936295,7.047950117824296
53.72,-0.08665820976232355,-0.2968255336033972,7.0302171681781696
53.730000000000004,-0.7691913364871663,-0.2673504844428033,7.111649631275658
53.74,-0.5138227767258602,0.007322609892709438,6.913125485212698
53.75,0.3894094925767338,-0.09987918180709185,6.795172652247952
53.76,-0.060921131735752386,0.49176704952816536,6.744638212846245
53.77,-0.5053462448116176,-0.2460371094029275,6.897752398389812
53.78,-0.029942996742776312,-0.2633058521008624,6.560935476890994
53.79,-0.041405034762056155,-0.4991968134867844,7.209129257818275
53.800000000000004,0.46160053918538074,-0.018802685746337543,7.339996285034792
53.81,0.13298415303805375,-0.5761366134667331,7.336694956419161
53.82,-0.032211011290711286,-0.3254125608693238,7.742565013944409
53.83,-0.33465904345610664,-0.8051987155640719,7.955719527083647
53.84,0.31418552376325304,0.43015916515425434,8.069855469595804
53.85,0.02286773164730534,-0.5977395639331736,8.728219834683804
53.86,0.3534879306575968,-0.08510917497867405,8.863325534182003
53.870000000000005,-0.26162821906422984,-0.8990179563008301,9.00770654036222
53.88,0.3524017454826274,0.6827368788392139,9.824474321359146
53.89,0.7090637000256451,-0.45295700117062404,9.830915964571245
53.9,-0.04778144492743175,-0.8810274100574064,10.075178750601207
53.910000000000004,-0.6051594384629277,-0.39932524155884175,10.621634802075187
53.92,0.49470709965159765,-0.2042610920730565,10.967617415575848
53.93,0.00842378705001299,1.0641012210666903,11.192336954660542
53.94,-0.25828543860284126,-0.421328455362877,11.003112784399127
53.95,-0.00011474274059729862,0.6681324225496887,11.70404932772903
53.96,-0.32606307380814636,-0.011210729743282188,11.949811558954101
53.97,-1.417758352070871,0.059697978077773585,12.165965326056748
53.980000000000004,0.965869772853782,0.19679505358226337,12.466031838951581
53.99,0.96478928380818,0.6225914795327717,12.567736768758303
54.0,0.7286613875773146,0.21866750913221925,12.61682068941332
54.01,0.3993422659525767,-0.8724583584137774,12.520207331085725
54.02,0.033461165036690645,0.012565508512602217,12.889847576122925
54.03,0.43189654747148193,-0.4920954027694529,12.76150486143412
54.04,-0.005836237984524237,0.6260311165016657,12.795563521481712
54.050000000000004,0.24759504205069843,-0.3739429547052654,12.879766379363316
54.06,-0.052332655569700154,0.13975308538428638,12.730562885883419
54.07,-0.7791265456654665,0.06263509227340422,12.49299086885469
54.08,-0.06784367817731951,-0.36938042489628076,12.157313319656923
54.09,-1.6022325306635639,-0.38105954340993625,11.960024439241549
54.1,0.8315863447729296,0.5844099554458081,11.65874996616434
54.11,0.5010586041619903,-0.4431291603266869,11.510487354378025
54.120000000000005,0.0367296127029647,0.5954454595148095,11.577583779816981
54.13,-0.7022912708171979,0.637248924320737,10.99435816911289
54.14,0.06407441083817464,-0.24376004803694773,10.686434714601319
54.15,-0.33133234706576464,0.05644496321239217,10.372388173404481
54.160000000000004,-0.3695770533650108,0.033107544284397605,10.112472946203685
54.17,-1.1439239799332737,-0.4657835501913902,9.865516567845503
54.18,0.5990356019769584,-0.7971349704802805,9.317975797601935
54.19,-0.06589464592919494,0.21047087941272324,9.138353822031247
54.2,0.11850826675401496,-0.27917420662202047,9.161242559091056
54.21,-0.058516988011290134,0.1380425090097223,8.01062723694948
54.22,0.006564065865216281,0.6554486869166964,8.052409932591711
54.230000000000004,0.42735695804913104,-0.37205612318250497,7.819328335731127
54.24,0.4322080540997173,-0.2162578864623199,7.592601962915632
54.25,-0.862292259971418,-0.3692855686492196,7.402398163897412
54.26,0.3014392117781229,-0.035692158069725054,7.090937081929673
54.27,0.19938519503747748,0.44188797353528386,7.511059596203127
54.28,-0.4808669758862844,0.5672775195284614,6.8791188670964045
54.29,-0.2831920483419866,0.34311490915310905,6.880090267146626
54.300000000000004,-0.02648438047596088,-0.40663450546704133,6.772700991630208
54.31,0.35823258231695737,0.27908991468977407,6.883839630002203
54.32,0.07167983520819395,0.527270471690436,6.919595159353983
54.33,1.1131231371902859,1.3371322660884375,6.9603795955802905
54.34,-0.424226663838529,0.5050093519931832,7.236970002328443
54.35,0.19023606222284226,0.20153354176153063,7.150078634263839
54.36,0.30983845171972413,0.4399821877088246,7.502467808596235
54.370000000000005,0.3453736887058738,0.14285711784635705,7.341335170675778
54.38,0.6651535017881818,0.20106746605134998,7.954844027318076
54.39,-0.7857630423982659,-0.5135099996749318,8.148336675242517
54.4,1.1296622441674316,-0.21025196295981777,8.44132124191973
54.410000000000004,-0.7322703893679059,-0.637783030174114,8.681728673959336
54.42,-0.7798868916308537,-0.3665122266391855,8.932179696708445
54.43,0.07652835702404835,0.07157757770776493,8.96042539783151
54.44,-0.17342842122038035,-0.47549709946185176,9.56428188898297
54.45,0.8966515590946431,0.17132147058563726,9.950678061277873
54.46,-0.5776278024036164,0.1434691733588503,10.209836758031793
54.47,0.47466035224439973,-0.5954741045658579,10.717469619517985
54.480000000000004,0.1921090817048836,0.11487957920795973,10.918493008080244
54.49,0.2827071216721824,-0.285215838776637,11.358944725361091
54.5,-0.674161072398883,-0.2074342313277808,11.474617078116845
54.51,-0.2896242635285623,0.8377876960051895,11.894960259686878
54.52,-0.7290737443461895,0.2550576161318664,12.075635222488385
54.53,-0.8349578840547763,-0.1982101333464207,12.246625782696233
54.54,0.13242393683762252,-0.3910000663211386,12.278747431071658
54.550000000000004,0.37233412192920473,-0.5487167498234496,12.78441860562304
54.56,-0.15154032923093813,-0.6574982962967919,12.640060323722032
54.57,-0.7833046183203989,-0.3713207152875843,12.581431580227168
54.58,-0.3432751448768335,0.2985640700787743,12.99860631893396
54.59,0.5639833579880383,0.029051114513106265,12.664626400054237
54.6,0.07014510585408389,0.016293940006383914,12.61332169353999
54.61,0.28022177516955965,0.35771370877579284,12.688824701238843
54.620000000000005,-0.06523380497809492,-0.5370373947223693,12.330825257128867
54.63,0.5890239613123525,0.11461890567989695,12.292155382592094
54.64,0.13762613568504187,-0.6029637739340278,11.93462627724182
54.65,-0.31912812891218306,-0.7041850590187603,11.702040257257403
54.660000000000004,0.6766475557227023,-0.9005638534577296,11.739312679365705
54.67,0.35629463975835474,0.3423589435093767,11.439045852766608
54.68,0.6214625836322641,-0.39357435116010336,11.366856426192829
54.69,-0.3880842054470606,-0.4286360417307569,11.139891715836416
54.7,-0.32964835644213286,-0.7298737939847222,10.587070519543394
54.71,-0.02394412218989698,-0.6874445729250163,10.275127542748933
54.72,-0.26231331440755323,-0.28933401363384437,9.697142207657837
54.730000000000004,-0.33943294763713566,-0.10336705797317142,9.468245218801336
54.74,0.2441707661790651,0.04819941350577638,9.215640991005149
54.75,0.0770008830455331,-0.38662274477816677,9.020317416999639
54.76,-0.0038468004003103327,-0.11418271422118803,8.648477915381733
54.77,-0.40257044726329433,0.46609368440004123,8.231344835304334
54.78,0.32782625259366405,0.42857698469505867,7.948149177740702
54.79,0.39362624180929,0.3986208896596914,7.596157222793818
54.800000000000004,-0.705119612031166,-0.6545134786765237,7.276777840731567
54.81,-0.2639261051774795,-0.11215218041888511,7.151372815808074
54.82,0.22409641893152035,-0.5468305417125272,7.1086045618061915
54.83,0.526535651985375,-1.4982695649364612,7.017025857875321
54.84,0.15686437691268032,-0.5811541803445711,6.852188070192382
54.85,1.4571076404315444,-0.020242003998998354,6.866995292501629
54.86,-0.6951009919399758,-0.7050288992824121,7.071440080360966
54.870000000000005,-0.161777727078797,-0.23902026699415224,6.8474969515374635
54.88,-0.6627117868420285,-0.07463167381248897,6.822202604658709
54.89,-0.3154538078558426,-0.5871627018717139,6.942011674937804
54.9,-0.9573638487350179,0.09394614772122253,6.783191117809524
54.910000000000004,-0.37068925285932,-0.28531268432529394,7.330536236809937
54.92,-0.43639746522639217,-0.38426693985280064,7.47555697868987
54.93,0.5567282986004622,0.9436806507231832,7.7020133809841855
54.94,-0.45621438909799816,-0.6500128421778908,7.7834551018032885
54.95,0.328654271931688,0.8477277135757234,8.07133990956688
54.96,-0.02442360946487875,-0.33162631553910943,8.277001953974343
54.97,-0.19058261957369166,1.0355051660595465,8.807826917314902
54.980000000000004,-0.9541419686854111,0.27709533050024954,9.553495682612898
54.99,-0.5288682844767325,-0.7029895954001825,9.528279465959569
55.0,0.2966827413285275,0.24832067573823285,10.106187318352074
55.01,0.8681619701379156,0.38557265677878183,10.017897877713063
55.02,0.41245016837468046,-0.2699612783295896,10.495315773957751
55.03,1.036640089085108,-0.010304418268832856,10.952157371180448
55.04,0.6708647062062377,-0.7933310142254727,11.292405158189814
55.050000000000004,-0.2294963250721792,-0.7705399089279886,11.142951367352277
55.06,0.6671911224448712,0.6696638721071694,11.61079134213139
55.07,1.006027104162287,0.5423292890478878,12.081529426432546
55.08,0.36563420389239953,0.46897778976813986,12.40573308688719
55.09,-0.42059177891228844,-0.5879507095644007,12.249641731615897
55.1,0.25239552873774335,0.7020323724502316,12.393847014771042
55.11,0.8301051683739423,0.2158477647413615,12.425970633357766
55.120000000000005,-0.22027683584179,1.0619693616802905,12.707599111081652
55.13,0.3320220187204986,0.5592843706602907,12.672826801946375
55.14,0.5614203912319838,0.9104920159026355,13.055014694713273
55.15,0.47718798557982545,-0.49689373820257193,12.987663305964844
55.160000000000004,0.10852241155546301,-0.5901527565004444,12.743286314013838
55.17,0.1897953243612045,-0.09635230306107129,12.817644785182168
55.18,0.4325340439277938,0.08705751610445095,12.594014848555986
55.19,0.1811101950853479,-0.5044676116983393,12.32034180281094
55.2,-0.40603736877464003,-0.11028080869188397,12.220925176288967
55.21,0.47957530693964323,-0.6360161092991338,11.991807680408666
55.22,-1.1058845717286185,-0.11619336267255731,11.627541730920878
55.230000000000004,-0.3871619222998715,-0.5652264049669707,11.249061465815004
55.24,0.8513183212342665,0.28642972385501386,11.009673719824999
55.25,-0.4807038772339509,0.6801233885505589,10.759162376130407
55.26,-0.45151270212856626,-0.12233089158099526,10.600720621168573
55.27,-0.10786168734593435,-0.9233490764466915,9.969377527892469
55.28,-0.14231715613780702,-0.6426519158738326,9.700814779107496
55.29,0.8393854156329643,-0.37351901731658727,9.566155423585741
55.300000000000004,-0.23462867350668293,-0.6236111999015322,8.978788877554775
55.31,-0.07555028864485765,0.1815026289745513,8.872520041742284
55.32,0.16762765340176797,0.3847285054681964,8.267017922133853
55.33,0.9421394647077342,0.3879346461551258,8.07737724594318
55.34,0.5989488752989504,0.16654885665359953,7.822694644284547
55.35,0.5038380653764224,-0.5925860141027248,7.829246655252081
55.36,-0.30976020109507957,0.15477448761550935,7.408659103630288
55.370000000000005,-0.3660041008470692,-0.2398631780303217,7.020421783236464
55.38,-0.5751888280447295,0.588180159958818,6.8663851696585985
55.39,0.36662364970522215,0.2242988654557738,7.2305543608154155
55.4,-0.3195587088083878,0.39651215438617704,6.934082599400557
55.410000000000004,-0.10250989033218921,0.6731016570099957,6.74050850859095
55.42,0.148075948473724,-0.08853875260406296,6.928073999440092
55.43,0.9510493731112803,0.710410027559508,6.732290804409729
55.44,0.8568549348296086,-0.8532716434349975,6.961224103684614
55.45,0.10284422249991236,0.2148369275723544,6.91566833729634
55.46,0.515377697334543,-0.22729991448862313,7.172548783853654
55.47,-0.8920026452953436,0.14149100482115748,7.151428046112901
55.480000000000004,0.25118237840588037,0.2526820059502842,7.595176587430371
55.49,-0.4948422259437441,-0.7776325998829722,7.931734929837736
55.5,-0.35197365424861166,0.4646183664384109,8.009494342678572
55.51,-0.6142981749670567,0.1343315398151962,8.410399797031232
55.52,0.36179981593188465,-0.3812418145013663,8.511803274680569
55.53,0.8123831493205197,0.22559265487709215,8.906372389011771
55.54,0.5883699758132211,0.1708733244223917,9.304669311990185
55.550000000000004,-0.6704987061428431,0.969258378020089,9.736856881272193
55.56,-0.33653311881073444,0.19956120270273714,9.961031500740448
55.57,0.1163434723475595,0.12020142609857394,10.213300025460793
55.58,0.06393269232257111,0.1347514484649525,10.44679979063578
55.59,0.05025030025280452,0.7164503576860907,10.918683062242179
55.6,-0.11589695455967428,-0.9203460744833023,11.071194064585251
55.61,-0.43978506264802825,-0.30636785531828414,11.653222102649812
55.620000000000005,0.5743202905035164,0.2563209981814799,11.53035072196979
55.63,-0.43988472092690645,-0.2600786900986537,12.072337128284083
55.64,0.5817109743513891,-0.723350092487219,12.211804295799839
55.65,0.16856739653725367,1.0139548569311734,12.385307266345725
55.660000000000004,0.051305305882292596,-0.02346304252545744,12.570997926358116
55.67,0.5007823889482711,0.16310314799795375,12.781358912264075
55.68,0.7880174412420083,-0.20855308957755336,12.80650338623821
55.69,0.3749881403804432,0.5017104482681465,12.594791977448159
55.7,-0.36719690805982347,-0.520641314096314,12.95199294258204
55.71,-0.016536185538926124,-0.4433843891871145,12.599777828066532
55.72,-0.05560559443645691,0.23511002608015846,12.640159808152218
55.730000000000004,-0.2850602956448521,0.9562876351272138,12.647283787630348
55.74,0.02464282465117011,0.9220273836912808,12.392388517045816
55.75,-0.09838558607163249,0.0979758183174447,12.089731954942188
55.76,0.4345297596302828,0.4888160824639149,11.901504694409613
55.77,-0.4902861245385836,-0.835308347027553,11.697475510852955
55.78,-0.6833217658236611,-0.14586158529593055,11.720443335648493
55.79,0.12317502287148324,0.28516221006813647,11.011456248985816
55.800000000000004,0.19104761449078306,0.48093489093245084,11.061746345114061
55.81,0.6090405943127207,-0.4349685646808878,10.38265457671072
55.82,-0.21983201528108792,-0.04877544220792616,10.171394549037904
55.83,0.621308208197958,0.3795095824394227,9.98637292018238
55.84,0.21929316651734151,0.5738451411711402,9.456224807321762
55.85,0.18616442365443833,0.5705301983015766,9.22345879848739
55.86,-0.268313777070735,-0.01927915355644043,8.86379721581768
55.870000000000005,-0.45919859360203447,0.1568701409537727,8.44752661814294
55.88,0.2866085413766599,-0.8394647050211916,8.535657005522534
55.89,-0.45398923198090513,0.10032202334481768,7.980161734976219
55.9,0.7011383753971602,0.07300009254882998,7.977102400691453
55.910000000000004,-0.6324995132424577,-0.05570940416326295,7.19421232654834
55.92,-0.4897243307519674,0.33364493429340225,7.470512232574012
55.93,0.05086976258579848,-0.2761951515766014,7.132771120339305
55.94,-0.036927534287128624,0.47403558073788443,6.97728813056988
55.95,0.27311466637446113,0.681547796999424,7.061663721931495
55.96,0.5038946686246438,-0.4654571368504427,6.9651630100418656
55.97,1.0756438572002351,-0.022122703050150797,6.987623421140517
55.980000000000004,0.815175612425335,-0.16061228544362927,6.935572729883012
55.99,-0.35895028567344134,-1.1454997342678037,6.822821312524157
56.0,-0.1572793689969905,-0.14591488102626973,6.8798631512696415
56.01,-0.27140744377982207,-0.06078328731385134,6.991959315426869
56.02,0.08581546913383416,0.6230136859471639,7.052711860652345
56.03,-0.5851985419013319,-0.17842168778537246,7.5694891729676135
56.04,-0.5800843089028788,0.4326992677859009,7.759110359289365
56.050000000000004,0.024392639317476452,-0.12237657382934335,7.93673950909628
56.06,-0.09213702820845332,0.704810331941225,8.099665713904812
56.07,0.1803700596485319,-0.229426672193117,8.336016551710465
56.08,0.27770327733761185,-0.49689038605635444,8.704992654225167
56.09,-0.8867729117736726,-0.9782535138248792,9.05707452067521
56.1,0.05627536746013215,-0.05554539447028224,9.501160628476764
56.11,-0.03551790896932758,0.2748510780834038,9.858863584666745
56.120000000000005,0.40357785016129927,0.41775640847158485,9.865471430666283
56.13,0.04872744925155213,-0.38764154868455447,10.44890461147157
56.14,-0.3572730540182894,0.5652067870983283,10.785948312439606
56.15,-0.28466611012218945,-0.6144166855450895,11.123170421805417
56.160000000000004,-0.10300787369850137,0.19971851111373273,11.217199087843628
56.17,-0.01865082059815385,0.5694742477198386,11.689594347562931
56.18,-0.16348253827154155,-0.7287200901833214,11.85909644836332
56.19,-0.16678277659820118,0.04196776954192086,12.21160033491249
56.2,0.024473881301101362,0.02933115632132021,12.386865423952669
56.21,-0.08476020274646258,-0.5602358385271383,12.602101296088039
56.22,-0.18209330228842152,0.08435432727587507,12.8517444832476
56.230000000000004,1.1198639379617437,-0.0709282112926909,12.79554762889511
56.24,0.4543765906232013,0.5575232581206798,12.86700026748693
56.25,-0.03278579704289639,0.4656559242684675,12.940616795906895
56.26,0.054350899566826275,0.17454103518702432,12.656745834010344
56.27,0.11459644678162849,-0.2379480901666155,12.648083021102563
56.28,-0.41843573928224304,-0.4478611670254767,12.62460042411322
56.29,-0.281515975198586,0.042734221652624714,12.44976951580285
56.300000000000004,-0.7513805234983906,-0.07059280152866379,12.574461982977004
56.31,-0.4534537895895748,-0.09669105706542817,12.142815652436916
56.32,0.22069519778576638,-0.6671153859552545,11.724660620378781
56.33,-0.8826547135585815,0.12185917012055249,11.405487488023665
56.34,0.0703593466017138,-0.7375194615446128,11.774392870943368
56.35,-0.09600163975940619,-0.20998047027436043,11.075623221184197
56.36,-0.45922126381122713,0.43015079270108086,10.91314213464713
56.370000000000005,0.4998466012365437,0.6002848650381704,10.535960864277346
56.38,0.0980428423543746,0.510721213509685,10.36712283948961
56.39,-0.19668017268632382,0.2167779381190011,9.754085958657907
56.4,0.49541827612055983,-0.3221124759874774,9.067224539620574
56.410000000000004,0.30646152019571554,0.1547002403818374,8.902453941377102
56.42,-0.2207106915758836,-0.533389350755003,8.734603577283659
56.43,-0.8371379383249024,-0.0062202309011674265,8.36755605630402
56.44,-0.1492690472128634,-0.5958144024199434,8.253760575791707
56.45,-0.5835890363233152,-0.12174571752309671,7.815742264910415
56.46,0.2023007601799099,-0.5506356199218803,7.922005174259155
56.47,0.5655889830397076,-0.07916387286794228,7.324056695308656
56.480000000000004,0.7952880995093384,0.4338435051779187,7.288596581441289
56.49,-0.20711306352376266,0.31847574272864837,6.843451293802356
56.5,0.43655526610500606,0.20119093210746497,7.097111348937315
56.51,-0.25618688118575733,-0.7900077801678437,6.622698600616806
56.52,0.022703482228587594,0.3444980350865786,6.827826636269601
56.53,0.5579674885376806,-0.804311962973109,6.775980797620954
56.54,0.05551664105148992,-0.3013202079625747,6.63566661236889
56.550000000000004,0.27669580667628907,0.1846360957354419,6.762819422276645
56.56,0.56109661116317,-0.7153925202342191,7.059353435932633
56.57,-0.1431132694517984,-0.3461891312707324,7.034794642528718
56.58,0.3623931078580606,0.12200540902833153,7.393717596346576
56.59,1.2666168264512474,0.23971895281602457,7.440877553994937
56.6,0.07913013776815278,-0.3197372678201792,7.788181160049563
56.61,-0.028219481027133713,0.16103495552190483,7.913645288913912
56.620000000000005,0.4077988921973181,0.07284154988915598,8.408340781120707
56.63,-0.1094503816699841,-0.6366005220007604,8.52593265920433
56.64,0.38603935194133165,0.5519298307682293,8.72615306306442
56.65,0.30699853476898425,0.7558335017534944,9.280330179691306
56.660000000000004,-0.1900595652805498,0.21405154015668326,9.724691357789608
56.67,-0.03583177757333856,-0.06887216711299755,9.811676039579345
56.68,0.46634120834512943,-0.49812556133049224,10.234726770211001
56.69,-0.2650325489356364,-0.27898172491371953,10.528558507447269
56.7,-0.8441210324683301,0.3674820175614198,11.049333087618733
56.71,-0.9560937616988255,0.20598899785084887,11.111689809066023
56.72,0.13237494787895565,0.004591733757701137,11.378102884771222
56.730000000000004,-0.42204555145561773,-0.23517835416633093,11.6639580208239
56.74,-0.6593147652298736,-0.6312594416458179,12.13344487585061
56.75,-0.7732213482784767,0.07233909225418124,12.199366104492878
56.76,-0.10004420536060946,0.5342680317909686,12.541933997387794
56.77,-0.0436126386479553,0.2509023080722769,12.52827072534731
56.78,0.26526025159521766,0.8107267978924287,12.677354207347575
56.79,0.12583008159390519,0.07466280502994367,12.617858551285595
56.800000000000004,0.9074882141162981,-0.1836225009879068,12.77612051338162
56.81,0.508884906223191,-0.266682337365166,12.563639771834673
56.82,0.002516102993746445,0.20979536812514418,12.778593617904631
56.83,0.5495970704874398,0.16732184843883338,12.534402980015441
56.84,0.1908210503318851,0.8223773137417538,12.580072501077897
56.85,-0.646615175244362,0.9350044331321099,12.449547305179607
56.86,0.3185250989861622,0.6164461884796094,12.333170430680873
56.870000000000005,0.6122059628248272,-0.2423027952333521,12.02325100152403
56.88,-0.1976402178421323,-0.02684681910696757,11.729320321586934
56.89,0.1938453000890832,0.2837277239614657,11.865376404416049
56.9,-0.04163830319207169,-0.14935090284828956,11.443294209693525
56.910000000000004,0.40958984623028455,-0.025811618661618622,10.996718969396165
56.92,0.20211607868073042,0.4042795278150419,10.46548326449161
56.93,0.7858038058842798,1.276785572877884,10.361082913644884
56.94,-0.6629903207193535,-0.6183161861559282,9.815543263767841
56.95,0.9642541514552712,1.0912781485912113,9.750949779943438
56.96,0.03986393203184901,-0.17796874391475395,9.230850788188683
56.97,-0.08997149151436998,0.613453637027122,8.925691438926949
56.980000000000004,-0.33343971407694506,-0.09685956412769851,8.885011278520029
56.99,0.19329872257833414,-1.1527918033122182,8.515829109470435
57.0,0.4088623100806459,-0.5102841736586544,8.108448947789483
57.01,0.3089919614655271,0.3052490319732329,7.738578509475027
57.02,-0.05609367469669474,0.7351512343789587,7.3579918943252975
57.03,-0.88383664849112,0.3723441117744067,7.4736999780964615
57.04,-0.04021630926186462,0.5595016459956254,7.146142633733174
57.050000000000004,-0.23959767240249738,0.01793289847578308,7.003944340196533
57.06,-0.021767211993844494,-0.5942274802094695,6.597518714677168
57.07,-0.5512724851678433,0.21537152069380658,6.669574209689133
57.08,0.009989377924062024,-0.22542742704426888,6.5028267630454835
57.09,-0.5980613680521595,0.4273092880836982,6.818616859271911
57.1,-0.1277523365059308,0.01204402368354541,6.835328462968485
57.11,0.026414766006721865,0.4987651340530258,6.660892860399457
57.120000000000005,0.18530990173530612,-0.826384225259961,7.045429047676124
57.13,0.33980554977445493,-0.04004272329417358,7.073925771949013
57.14,-0.09138826201148585,0.13103294977553456,7.029326601843006
57.15,-1.478914537008956,-0.3094950369016029,7.69080618338955
57.160000000000004,-0.13167682506265002,0.22889765933813544,8.145055258416038
57.17,-0.408961218560521,0.18072186539632568,8.031807340500638
57.18,-0.30043774062415635,0.03718097666536817,8.514751985158524
57.19,0.23435038615715278,-0.4847647376432243,8.725731824751994
57.2,0.5599341217617639,0.18786377688598918,8.992606946781239
57.21,0.8699102057847703,0.5557762761528602,9.706440632589354
57.22,0.1371560366882812,-0.6429829393877098,9.547714194024893
57.230000000000004,0.11965094410295422,0.5816555258616034,10.162975386482708
57.24,1.050791017418101,-0.16546588100762682,10.204351025851476
57.25,-0.33275713290923553,-0.5620631253905263,10.561655589198457
57.26,0.20777800562375665,0.9823833618691646,11.15050288826116
57.27,0.7476146538995524,0.04495958561131081,11.1940699950336
57.28,-0.1792348907334694,0.18223671420796303,11.621244450268625
57.29,-0.04818682979385407,1.0983738098716445,11.799551019248629
57.300000000000004,-0.43688474939955607,0.9041182374464194,12.144182725353401
57.31,-0.34044468413899776,0.0697941435950387,12.203791511401153
57.32,0.6740317831480008,0.5010760901221644,12.553709639398463
57.33,0.6718082618280766,0.4492126015841453,12.477193928657536
57.34,-0.49153464732195307,-0.24813817513251815,12.70973251729267
57.35,0.12939378106599947,-0.46429534346708123,12.722852864585548
57.36,-0.31969727399898534,0.10256772723138412,12.62980856151879
57.370000000000005,-0.8025135712605853,-0.22633782400903316,12.578943216992167
57.38,0.09976322406125251,0.412726574237267,12.638039407266778
57.39,-0.3885408100073384,-0.4313054832578683,12.284788182110756
57.4,0.6885911493494798,0.14868668174089408,12.861015426071583
57.410000000000004,0.1907655269885288,-1.2881910018406617,12.490072433552875
57.42,0.2610098253125701,0.03878227141903203,12.222962713646261
57.43,0.724448809943388,-0.07387169641293623,12.191138968077357
57.44,-0.2819542604165889,0.21622977811135047,11.350671457862587
57.45,0.6465864750458534,-0.565865748362226,11.512591058412822
57.46,-1.4740282942247356,0.43431930036865835,10.874801309668221
57.47,0.10549518752332455,-0.5609790592801502,10.848272070430307
57.480000000000004,0.5571036505821712,0.8095593145767349,10.463381080114939
57.49,0.3855869197948058,0.25966525512197713,9.89431792246269
57.5,0.8825095780619419,-0.5333149052265371,9.89953978972875
57.51,-0.6279204996575767,-0.10728701081523682,9.631091911761105
57.52,-0.39392115207100425,0.1644199097094246,9.167915366709812
57.53,0.39807758200573246,0.7599001983610139,8.828241520678306
57.54,0.0004214713369621464,0.6131194710628851,8.513259962050116
57.550000000000004,-1.58274960398841,-0.2239616772976589,7.992186929556659
57.56,-0.4096830475114362,0.018930823954207098,7.908526854693581
57.57,0.45789111002843336,0.2647969863869874,7.771661214035132
57.58,-0.8140702322823254,0.2053349927981958,7.486387220998877
57.59,1.2648632676966167,-0.44372349808412154,7.481101025414304
57.6,-0.511707540433801,0.49961416842884215,7.114637641967964
57.61,0.24874216714385525,-0.29155557206255023,6.822844638230049
57.620000000000005,0.20572485611512353,-0.14007318816962774,6.930063271540038
57.63,-0.16116751094114518,-0.317439189921691,6.9129088853531755
57.64,-0.3126326920410192,-0.24621160715627027,6.729872948620522
57.65,0.005992731379507914,0.03834213594977775,6.91376902967454
57.660000000000004,-0.8384916289296227,-0.39394307803654205,7.007940505467625
57.67,0.19805855015355803,-0.33805690645963204,6.895973181086965
57.68,-0.22203082202686483,0.24041467102797312,7.2394871192613826
57.69,-0.7921036055213835,0.2572519750474361,7.4396314296754396
57.7,0.6019532758544222,0.45362123223063616,7.3104887921596955
57.71,0.1007510167659822,-0.005164537843769529,7.714861967608992
57.72,0.5315009736717863,-0.6002057878461358,8.092334276639354
57.730000000000004,-0.2262237077905448,-0.23986049397984105,8.271653312982881
57.74,-0.9775047554285702,0.10226752331579635,8.67456497771136
57.75,0.5462742447290106,-0.05702188563883884,8.80561324531252
57.76,-0.21769197337803317,0.01155385489666172,9.01380344094555
57.77,-0.19268424194358943,0.11214021917983985,9.555571312934822
57.78,-0.39417485285840104,-0.16348660865217743,9.57958421618311
57.79,0.9075990893020829,0.058343320085958904,10.254627935589724
57.800000000000004,-0.0694973125416822,-0.89874752929358,10.770123804932727
57.81,0.029625601777294515,0.6068376977315041,10.927379108438405
57.82,1.4002786670750393,-0.5288514221401642,11.116658024669066
57.83,0.01746751077476338,0.4705483696032558,11.378541852672653
57.84,-0.01060040611795356,1.351470580535736,11.73586683742517
57.85,-0.292990742655205,0.555962350791126,12.296864909805945
57.86,-1.0695204508908058,-0.33290755948397793,12.323006530291192
57.870000000000005,-0.02431635168508822,0.3008285633849999,12.374828380416396
57.88,0.8841850694660195,-0.14143089313207868,12.492117346078711
57.89,-0.18005173543743463,-0.3710750970168076,12.69515792220767
57.9,0.9213100599790064,0.4846289950996318,13.02470519757543
57.910000000000004,-0.061033310813222295,0.8630846338620922,12.639876425156496
57.92,0.047032440257364944,0.12645512376109846,12.694151803890326
57.93,-0.3537206608889171,0.6560763920056978,12.686163755101536
57.94,0.3620903617090119,-0.39862550769480176,12.68675177121243
57.95,0.6671298074214965,-0.01866375390137151,12.638935704517998
57.96,0.2804329086019152,0.5194755603678289,12.738688561553364
57.97,0.27282004857333625,-0.43361125442380644,12.374854522207544
57.980000000000004,0.013315216027781575,-0.4007877211497913,11.81610178174988
57.99,0.2229991345082956,-0.44863231045265467,11.618353577904351
58.0,-0.45109020482046525,-0.11447880863531694,11.526671177363234
58.01,0.3924546683084476,-0.7098959374438749,11.286100340218209
58.02,0.0552706735069859,0.6109597354990527,11.031648175415457
58.03,-0.3121249481950218,-1.0480237664297587,10.55542516633294
58.04,-0.7973635939481649,-0.3525164984717793,10.28688886850721
58.050000000000004,0.1679905463964292,0.6259910731617643,9.814959386857725
58.06,0.27339231539000136,-0.40428413991064344,9.496326250128492
58.07,0.03668102759530998,0.8994388679590906,9.300971328237466
58.08,-0.19655121202676343,-0.2859849111451509,9.129688036474644
58.09,-0.13816791752313293,0.2087067913072494,8.466820047021047
58.1,0.321865764069475,-0.006969346653761965,8.515880322709833
58.11,-0.5727834836594036,0.6109035040317589,8.028445654086036
58.120000000000005,-0.5078240110609573,0.011238460699106013,7.671446916237722
58.13,0.39827707229050424,-0.08449508304671753,7.670276219719003
58.14,-0.13303114645525188,0.336053343888747,7.307222101580413
58.15,-0.027777432472695564,0.47604693397623454,7.19855664574869
58.160000000000004,0.7222930691818352,-0.6521644640114095,6.996041112648761
58.17,0.5197162481655204,-0.06057406215345189,6.887476921615995
58.18,-0.2771972869759252,0.9870526976352956,6.811605391404456
58.19,-0.16215222065453178,0.09606278862921452,6.882963473683091
58.2,0.48548175291073653,0.44170071529340565,6.68169815920219
58.21,-0.11212941666958948,0.08022541960908054,7.037716713683614
58.22,-0.2720077201747318,0.48961382298346545,7.059283890112167
58.230000000000004,0.652496577345385,-0.6263715436244951,7.146713621233007
58.24,-0.45511149096568676,-0.012139731456692096,7.24931435159822
58.25,0.4494241878181117,0.12808838815654056,7.406111408757821
58.26,-1.076592601987699,0.6436141494516102,7.774697146025844
58.27,-0.1935572308164077,-0.7112157567566465,7.95947791677915
58.28,0.05345387595564393,-0.549279357909679,8.137762814144866
58.29,0.25028147749023166,0.469918450155264,8.44743924863298
58.300000000000004,-0.9036348595051975,0.3687156120893761,8.933367928033423
58.31,-0.528039929150741,0.03716954437263495,9.263033738804364
58.32,0.32213306680993226,0.13617942777296244,9.568137742149622
58.33,-0.055425231218309785,0.922245032866558,9.662540177924567
58.34,-0.574329002559454,-0.1765949866094882,10.24749334866508
58.35,-0.03759829170401699,-0.4367586785643611,10.326622809098977
58.36,0.6596839011515897,0.7561644464404031,10.825928385892464
58.370000000000005,0.1865234723476467,0.021755821814954963,11.100688408728443
58.38,-0.6459654165570663,0.07867401513070142,11.305872226639076
58.39,0.7032737662049542,-0.20379679220763666,11.696650055875065
58.4,0.2963447360817207,-0.34258965157624854,11.974349410119075
58.410000000000004,0.26065404937164505,-0.25607922166196,12.051330498171772
58.42,0.182946366597899,-0.3582322971529898,12.314253876054758
58.43,0.04332121398564,0.37277882627253095,12.323758426404861
58.44,0.1199739421715732,0.17758586798487075,12.985020554086438
58.45,0.0071939620198733355,-0.10954495726328954,12.59107904423935
58.46,-0.4875843496279092,-0.6678799316377577,12.84266818704458
58.47,0.07674756873824483,0.45142856666068926,12.818696024307695
58.480000000000004,-0.7579389618637904,-0.5262744984898279,12.94444948622044
58.49,0.6626574491840984,0.3434600584004884,12.665556491855872
58.5,1.026922097606972,0.36945676752251516,12.80410608774137
58.51,0.07583069326662381,0.7270660422704848,12.73795770321705
58.52,0.5139805550025207,-1.0929922356550057,12.424269777798461
58.53,-0.3286642636928936,-0.7367850740763028,12.13335249359186
58.54,0.5950128571834084,0.08134121134283721,12.05479013990488
58.550000000000004,0.1010290861250841,-0.13050210375776045,11.539765541094406
58.56,-1.2778679802617368,0.44729084771726185,11.464054148238892
58.57,-0.9846595517656452,-0.23477401535685372,11.34284620790844
58.58,-0.19384355641247358,0.11914203664791014,10.86598862928496
58.59,-0.5032023230291212,-0.3144130257806543,10.173950586266574
58.6,0.6671531808287797,-0.055715846113565844,10.068325046125192
58.61,0.06055378031109343,-1.513980353595296,9.831634839383502
58.620000000000005,0.15033621961403973,0.19152302307741337,9.43748671538653
58.63,-1.0515425169774237,0.26702264091732797,8.878417697466682
58.64,0.44294116101821,0.7782516152413657,8.65208896023526
58.65,-0.3992242828215043,-0.44087438940715235,8.641672855823158
58.660000000000004,-0.21735411707483274,-0.1680119969938365,8.23178530192794
58.67,-0.5796538562537576,0.10686861053203281,7.551219856268301
58.68,-0.10074535553666354,-0.1150354892672735,7.839775070950189
58.69,0.34788820379907887,-0.7543877633437979,7.42989256306627
58.7,-0.8391161579833083,0.6870644753621807,7.2500561336525875
58.71,0.23930352079439757,-0.8985641840687221,6.906797817396881
58.72,-0.21233000649764583,-0.6787728559773945,7.041175529294717
58.730000000000004,0.15928957942008048,-0.27600947621900634,6.767886887305112
58.74,-0.009700093983693503,-0.22660488006255847,6.76989466006081
58.75,0.5483975000592471,0.3319489905060003,6.626801753795991
58.76,0.3193243208466297,-0.11274629800306313,6.492395701730116
58.77,0.04704672777366597,0.31604775739785174,7.07325632792378
58.78,-0.9777877680572428,0.06888868480092532,6.806912483719728
58.79,-0.004607606598922175,-0.4204717126041729,6.983502264254438
58.800000000000004,-0.2232101849244904,0.49464842541680726,7.257071215941335
58.81,0.7577625882063873,0.42427550868290176,7.5702940058258985
58.82,1.0692138870693555,-0.8450648845911255,7.604646681059418
58.83,0.2518041087462314,0.403335838670526,8.020091602397724
58.84,-0.3885190357871071,-0.24255336613011377,8.498019259085677
58.85,-0.8576837765141742,0.4709137244827746,8.582729263210508
58.86,-0.018787996057532393,1.1479376934237073,8.738678692646058
58.870000000000005,-0.5776612884587391,1.0695829579177358,9.33664048461394
58.88,-0.149166641842963,0.1354281065660057,9.367898178829263
58.89,-0.0016611817695094538,0.3528049112333155,9.773213764814917
58.9,-0.20758547484102075,-0.591709491927212,10.258642394210689
58.910000000000004,-0.1549905751516345,0.38914269206523,10.573614049421906
58.92,-0.5800731661487296,-0.21123054193882018,10.600229789140434
58.93,0.06190857820305569,-0.14149532729001338,11.451743831388775
58.94,-0.12690553603156074,-0.7925017055844188,11.531539676101621
58.95,0.34189092064536125,-1.1462769466554386,11.910327438436912
58.96,0.9440320890614377,0.32429944609147315,11.961984334447598
58.97,-0.4071730892487546,-0.11400004751706584,12.405400527863746
58.980000000000004,-1.4289555210811602,0.7108955220358046,12.285834667876612
58.99,-0.16465604202972484,0.14958814461147116,12.521907290434187
59.0,-0.06493828483603727,-0.08297558999696487,12.647446115336395
59.01,0.35608511034243007,-0.02713027792600583,12.85315862982256
59.02,0.048164373476326655,1.2403558856771675,12.582993191067374
59.03,-0.09209033501057905,-0.11568994166868059,12.92988605321687
59.04,-0.23367943161674384,0.5282206305494075,12.719306504706019
59.050000000000004,0.966813362215652,0.20846256576855246,12.618981951905232
59.06,-0.16031532933411374,-0.17109283479949494,12.646442898138261
59.07,0.4399792176799389,-0.06056963548844089,12.170389412926578
59.08,0.7589676245507462,-0.5663230770139019,12.381365324429453
59.09,-0.15224510281916673,1.1831058289650573,11.961495020840555
59.1,-0.01062817533928863,0.05117097553473897,11.91530576375763
59.11,-0.4351806497710985,-0.5672346042045304,11.671398931274652
59.120000000000005,0.5585248165149151,0.25232102410053897,11.78160260374072
59.13,0.44203675057482406,0.183729256606098,10.609102056301715
59.14,0.17170547434509653,0.12646832104089936,10.555074008493555
59.15,0.0886961228288026,0.343292763780061,10.654956874079
59.160000000000004,0.968337970693915,0.5964551524271434,9.879334942537882
59.17,0.6957874373428441,0.29845531353538945,9.657440749602001
59.18,-0.5621231570810004,0.5509692955831308,9.3099801027862
59.19,0.04655483041674301,0.019040100099957543,8.922698049582362
59.2,0.4759798953989489,-1.037030536400859,8.989916697106397
59.21,0.293989524300887,-0.1818628902043633,8.387844689181678
59.22,0.4021857362195199,-0.6420309899678908,8.032524639575778
59.230000000000004,0.26125693664907085,-0.5465792435486029,8.036567278258257
59.24,0.4722983882102788,-0.0809334638108375,7.515331115756391
59.25,0.5526463723641635,0.038160299171421,7.354877685919478
59.26,0.6060842566907729,0.06173393909175523,7.1604212754158105
59.27,-0.18894135337668638,-0.20434765948267622,7.314434723750991
59.28,0.5912420106486289,0.19825837340469002,6.857931424250394
59.29,-0.17338738179458574,0.5351548213692203,6.647084849474485
59.300000000000004,-0.4503304440545092,0.04683199528322138,6.904402556254365
59.31,-0.9901299444096291,-0.1756065697574186,6.652273443823351
59.32,0.1350574736110566,0.3839958020083516,6.736469446310661
59.33,-0.5732695075639854,0.34828520186748513,6.9584038347821515
59.34,-0.24202387634223133,0.583317009451043,6.973129148815385
59.35,0.3133850923909906,-0.5866745670981223,6.983231533694881
59.36,0.40917629963214863,0.06451468659283983,7.347170058644306
59.370000000000005,-0.8860111001583402,-0.03087677609910976,7.391552738687706
59.38,0.4258094579232401,-0.47804990618120574,7.8215116544542695
59.39,-0.147850331854078,0.13238370342422787,7.891047800549162
59.4,0.414063471854044,-0.013651619524930974,8.299283474533768
59.410000000000004,0.6010160115905798,0.2529379573477325,8.928702721385209
59.42,-0.2662216984083164,-0.6102402496679973,8.851558939519627
59.43,0.2927858164580211,0.4364741721115247,9.314901938856913
59.44,-0.09308017625404333,0.5466748887376911,9.807653821162278
59.45,-0.5314998860473613,1.1936524748644175,10.153995629608255
59.46,-0.13221402971955462,0.30224834380359483,10.42292524374926
59.47,0.46101444808505304,0.24281439070989883,10.648680795853629
59.480000000000004,0.4001544496229052,0.40738767005420934,11.149620044794958
59.49,0.38513660469113403,-0.5534939774592482,11.217533971851037
59.5,-0.14732801162860673,0.06691171467676711,11.87224999596335
59.51,-0.8773990753561961,-0.2566027945723613,11.857583114220228
59.52,0.3796756293232538,-0.5526942105191365,11.827926012650487
59.53,-0.14955288528862293,-0.06158063061324435,12.64026051800697
59.54,0.015251879023339113,-0.4900126938210825,12.378094762439114
59.550000000000004,0.03186509745838568,-0.7041669171647575,12.655866498952125
59.56,0.13440635843131832,-0.35231204719891657,12.83468683212547
59.57,-0.02093643947001227,0.19978775620666206,12.921322558515321
59.58,0.15344440423739633,-0.22970201995765507,12.686962913927408
59.59,-0.09026318660245737,-0.057540159254102004,12.712092122089613
59.6,-0.5168799330436444,0.4560628953870878,12.759767115540921
59.61,-0.22659672419609664,-0.2347907069117531,13.112102049927845
59.620000000000005,0.5372686770204991,0.5708177082083743,12.61631748430934
59.63,1.020735195735523,0.3873024391866359,12.385628296545622
59.64,0.5867211596374384,-0.45232441290152386,12.241579577291292
59.65,-0.6612072259403234,0.57544350016094,12.130552879916568
59.660000000000004,-0.46112958691477496,-0.39135424203617697,12.009170722829571
59.67,-0.3057795358942129,-0.627257279010421,11.452591829688695
59.68,-0.15794135176436225,0.2796645259427583,11.08648866602566
59.69,-0.5639512601836386,0.6663849657918872,10.780221083097745
59.7,0.2979661552338808,0.08379080466289612,10.458564289041892
59.71,-0.27294352648840814,1.2584069653075418,10.346979764811275
59.72,-0.17702202405305878,-0.15318891672643337,9.950053506341913
59.730000000000004,0.4598255828127025,0.4836047615993283,9.643402375893524
59.74,-0.12754396539965887,-0.5781743444477709,9.463653106214876
59.75,-0.7421978426947295,-0.4107429233258271,8.839468350222642
59.76,0.4636898213995051,0.1778355850744166,8.721700679015703
59.77,0.2426529384129763,-0.3971589239464877,8.326273061324963
59.78,-0.3196615238984946,-0.6759504343006822,7.908436617477108
59.79,-0.2998274219786912,0.42954434994488866,7.646201018095972
59.800000000000004,0.09285548680353403,0.27214143591208956,7.441128993093686
59.81,-0.9883299277798105,0.059170094957104444,7.301856244167314
59.82,0.7110092899202088,-0.13570445426411534,7.260891495948755
59.83,0.9372869002163576,1.299511006476019,7.138182648622447
59.84,-0.416099665493432,-0.1827262493444598,6.93293500399343
59.85,-0.8845997039167913,-0.7845899244406723,6.982316160249357
59.86,-0.8126183640196081,0.25645071441105227,6.840494650438351
59.870000000000005,0.4644629940429447,0.8224631421109201,6.867729941681665
59.88,0.36940473374836946,0.2816730341884536,6.849753344680249
59.89,0.6986773424714844,-0.41215377715000984,7.2590834679718235
59.9,-0.21071324330043467,-0.05460571586303649,7.330606800210219
59.910000000000004,0.39415798490929355,0.3958732302202858,7.17332233298775
59.92,-0.422679283464142,-0.032399626358462594,7.571777397572447
59.93,-0.5026810249977676,0.6634302718713135,7.701432006320359
59.94,-0.5190167259661009,-0.3295750091895688,7.8829041588797715
59.95,-0.6349605905610879,0.5147805598462909,8.303544223343382
59.96,0.10426896897362443,0.28232364231692886,8.51573470314672
59.97,0.14587386373570793,0.46069367597290256,8.825518172801964
59.980000000000004,0.824455874448024,-0.02186446512881536,9.093237677154749
59.99,0.20314913579429322,-0.044128561651820254,9.447397035377705
